method,model,aggregation,version,train_time_s,train_acc,valid_acc,mrr,hits_1,hits_3,hits_10,conformal_cov_a0.01,conformal_size_a0.01,conformal_cov_a0.05,conformal_size_a0.05,conformal_cov_a0.1,conformal_size_a0.1
TyleR,qwen,sum,fb237_v1_ind_seed7001,1018.6,0.78668,0.38342,0.545363,0.38785,0.672897,0.799065,1.0,142.0,1.0,142.0,1.0,142.0
TyleR,qwen,sum,fb237_v1_ind_seed7002,484.2,0.728146,0.364929,0.516266,0.397196,0.579439,0.719626,1.0,142.0,1.0,142.0,1.0,142.0
TyleR,qwen,sum,fb237_v1_ind_seed7003,441.6,0.760563,0.421569,0.437144,0.316038,0.490566,0.683962,1.0,142.0,1.0,142.0,1.0,142.0
TyleR,qwen,sum,fb237_v1_ind_seed7004,678.1,0.785859,0.294393,0.477727,0.352381,0.542857,0.67619,1.0,142.0,1.0,142.0,1.0,142.0
TyleR,qwen,sum,fb237_v1_ind_seed7005,522.1,0.734478,0.380282,0.487309,0.32381,0.609524,0.795238,1.0,142.0,1.0,142.0,1.0,142.0
TyleR,qwen,sum,fb237_v1_ind_seed7006,437.4,0.779567,0.336585,0.479904,0.34434,0.575472,0.693396,1.0,142.0,1.0,142.0,1.0,142.0
TyleR,qwen,sum,fb237_v1_ind_seed7007,1214.9,0.826284,0.423077,0.50496,0.357143,0.614286,0.738095,1.0,142.0,1.0,142.0,1.0,142.0
TyleR,qwen,sum,fb237_v1_ind_seed7008,446.8,0.654098,0.326923,0.488161,0.333333,0.584541,0.768116,1.0,142.0,1.0,142.0,1.0,142.0
TyleR,qwen,sum,fb237_v1_ind_seed7009,656.2,0.7485,0.406091,0.475812,0.333333,0.550725,0.73913,1.0,142.0,1.0,142.0,1.0,142.0
TyleR,qwen,sum,fb237_v1_ind_seed7010,705.4,0.747363,0.334928,0.551538,0.392157,0.651961,0.813725,1.0,142.0,1.0,142.0,1.0,142.0
TyleR,qwen,sum,fb237_v2_ind_seed7001,2905.9,0.742912,0.477223,0.643453,0.526652,0.716418,0.852878,1.0,172.0,1.0,172.0,1.0,172.0
TyleR,qwen,sum,fb237_v2_ind_seed7002,3645.3,0.748613,0.471092,0.616303,0.479167,0.708333,0.841667,1.0,172.0,1.0,172.0,1.0,172.0
TyleR,qwen,sum,fb237_v2_ind_seed7003,3425.1,0.750482,0.518201,0.612497,0.486373,0.704403,0.836478,1.0,172.0,1.0,172.0,1.0,172.0
TyleR,qwen,sum,fb237_v2_ind_seed7004,2793.7,0.679635,0.430131,0.58917,0.457447,0.680851,0.823404,1.0,172.0,1.0,172.0,1.0,172.0
TyleR,qwen,sum,fb237_v2_ind_seed7005,3401.8,0.733398,0.507368,0.646508,0.502101,0.766807,0.857143,1.0,172.0,1.0,172.0,1.0,172.0
TyleR,qwen,sum,fb237_v2_ind_seed7006,2914.3,0.738147,0.493617,0.618709,0.471092,0.717345,0.852248,1.0,172.0,1.0,172.0,1.0,172.0
TyleR,qwen,sum,fb237_v2_ind_seed7007,3398.9,0.739614,0.488223,0.64566,0.505155,0.760825,0.861856,1.0,172.0,1.0,172.0,1.0,172.0
TyleR,qwen,sum,fb237_v2_ind_seed7008,3910.3,0.784957,0.5138,0.647252,0.5074,0.754757,0.879493,1.0,172.0,1.0,172.0,1.0,172.0
TyleR,qwen,sum,fb237_v2_ind_seed7009,2380.3,0.753425,0.453961,0.60036,0.478448,0.676724,0.8125,1.0,172.0,1.0,172.0,1.0,172.0
TyleR,qwen,sum,fb237_v2_ind_seed7010,2014.3,0.720673,0.476087,0.637339,0.478814,0.771186,0.872881,1.0,172.0,1.0,172.0,1.0,172.0
TyleR,qwen,sum,fb237_v3_ind_seed7001,5168.1,0.711003,0.500578,0.634772,0.510297,0.71968,0.867277,1.0,183.0,1.0,183.0,1.0,183.0
TyleR,qwen,sum,fb237_v3_ind_seed7002,6653.8,0.743683,0.589953,0.673513,0.55,0.75,0.901136,1.0,183.0,1.0,183.0,1.0,183.0
TyleR,qwen,sum,fb237_v3_ind_seed7003,5802.3,0.776095,0.584009,0.678248,0.561503,0.756264,0.872437,1.0,183.0,1.0,183.0,1.0,183.0
TyleR,qwen,sum,fb237_v3_ind_seed7004,6045.5,0.756071,0.56,0.680189,0.563412,0.766554,0.869809,1.0,183.0,1.0,183.0,1.0,183.0
TyleR,qwen,sum,fb237_v3_ind_seed7005,6743.9,0.762716,0.553265,0.665541,0.529817,0.770642,0.883028,1.0,183.0,1.0,183.0,1.0,183.0
TyleR,qwen,sum,fb237_v3_ind_seed7006,7327.4,0.74912,0.586207,0.692791,0.567537,0.795687,0.887628,1.0,183.0,1.0,183.0,1.0,183.0
TyleR,qwen,sum,fb237_v3_ind_seed7007,7937.1,0.77503,0.595647,0.68849,0.557358,0.798378,0.88876,1.0,183.0,1.0,183.0,1.0,183.0
TyleR,qwen,sum,fb237_v3_ind_seed7008,6437.7,0.738095,0.533487,0.673842,0.5438,0.772469,0.881684,1.0,183.0,1.0,183.0,1.0,183.0
TyleR,qwen,sum,fb237_v3_ind_seed7009,7487.4,0.738208,0.564368,0.684849,0.557604,0.779954,0.885945,1.0,183.0,1.0,183.0,1.0,183.0
TyleR,qwen,sum,fb237_v3_ind_seed7010,5471.6,0.725957,0.538813,0.679174,0.546083,0.784562,0.895161,1.0,183.0,1.0,183.0,1.0,183.0
TyleR,roberta,sum,fb237_v1_ind_seed7001,443.8,0.674011,0.336788,0.498565,0.331776,0.607477,0.780374,1.0,142.0,1.0,142.0,1.0,142.0
TyleR,roberta,sum,fb237_v1_ind_seed7002,866.1,0.81051,0.35545,0.528458,0.397196,0.621495,0.766355,1.0,142.0,1.0,142.0,1.0,142.0
TyleR,roberta,sum,fb237_v1_ind_seed7003,797.7,0.71831,0.377451,0.477195,0.320755,0.599057,0.731132,1.0,142.0,1.0,142.0,1.0,142.0
TyleR,roberta,sum,fb237_v1_ind_seed7004,734.4,0.766667,0.364486,0.523946,0.419048,0.6,0.709524,1.0,142.0,1.0,142.0,1.0,142.0
TyleR,roberta,sum,fb237_v1_ind_seed7005,560.8,0.737002,0.42723,0.47915,0.319048,0.604762,0.72381,1.0,142.0,1.0,142.0,1.0,142.0
TyleR,roberta,sum,fb237_v1_ind_seed7006,1324.6,0.83392,0.360976,0.519506,0.386792,0.589623,0.759434,1.0,142.0,1.0,142.0,1.0,142.0
TyleR,roberta,sum,fb237_v1_ind_seed7007,910.1,0.776435,0.365385,0.483914,0.333333,0.571429,0.757143,1.0,142.0,1.0,142.0,1.0,142.0
TyleR,roberta,sum,fb237_v1_ind_seed7008,989.1,0.723982,0.389423,0.516157,0.386473,0.584541,0.758454,1.0,142.0,1.0,142.0,1.0,142.0
TyleR,roberta,sum,fb237_v1_ind_seed7009,1281.7,0.8145,0.411168,0.556881,0.42029,0.647343,0.797101,1.0,142.0,1.0,142.0,1.0,142.0
TyleR,roberta,sum,fb237_v1_ind_seed7010,1158.6,0.790558,0.354067,0.530487,0.367647,0.651961,0.794118,1.0,142.0,1.0,142.0,1.0,142.0
TyleR,roberta,sum,fb237_v2_ind_seed7001,3333.9,0.736425,0.442516,0.625395,0.481876,0.729211,0.865672,1.0,172.0,1.0,172.0,1.0,172.0
TyleR,roberta,sum,fb237_v2_ind_seed7002,3988.5,0.741858,0.460385,0.615859,0.464583,0.739583,0.84375,1.0,172.0,1.0,172.0,1.0,172.0
TyleR,roberta,sum,fb237_v2_ind_seed7003,3346.6,0.74325,0.492505,0.586882,0.450734,0.672956,0.823899,1.0,172.0,1.0,172.0,1.0,172.0
TyleR,roberta,sum,fb237_v2_ind_seed7004,2914.7,0.712536,0.445415,0.602705,0.470213,0.702128,0.821277,1.0,172.0,1.0,172.0,1.0,172.0
TyleR,roberta,sum,fb237_v2_ind_seed7005,3182.9,0.742816,0.522105,0.640022,0.504202,0.745798,0.848739,1.0,172.0,1.0,172.0,1.0,172.0
TyleR,roberta,sum,fb237_v2_ind_seed7006,2190.3,0.704693,0.504255,0.597238,0.441113,0.730193,0.845824,1.0,172.0,1.0,172.0,1.0,172.0
TyleR,roberta,sum,fb237_v2_ind_seed7007,2024.4,0.720048,0.513919,0.638078,0.505155,0.719588,0.859794,1.0,172.0,1.0,172.0,1.0,172.0
TyleR,roberta,sum,fb237_v2_ind_seed7008,3683.8,0.77242,0.498938,0.654674,0.515856,0.763214,0.866808,1.0,172.0,1.0,172.0,1.0,172.0
TyleR,roberta,sum,fb237_v2_ind_seed7009,2727.5,0.724826,0.473233,0.581284,0.43319,0.693966,0.814655,1.0,172.0,1.0,172.0,1.0,172.0
TyleR,roberta,sum,fb237_v2_ind_seed7010,2129.8,0.70601,0.443478,0.615938,0.46822,0.724576,0.838983,1.0,172.0,1.0,172.0,1.0,172.0
TyleR,roberta,sum,fb237_v3_ind_seed7001,9480.2,0.758989,0.557225,0.673359,0.54119,0.787185,0.869565,1.0,183.0,1.0,183.0,1.0,183.0
TyleR,roberta,sum,fb237_v3_ind_seed7002,4538.0,0.758816,0.593458,0.643672,0.513636,0.747727,0.873864,1.0,183.0,1.0,183.0,1.0,183.0
TyleR,roberta,sum,fb237_v3_ind_seed7003,8647.9,0.772445,0.574739,0.68048,0.552392,0.78246,0.887244,1.0,183.0,1.0,183.0,1.0,183.0
TyleR,roberta,sum,fb237_v3_ind_seed7004,5081.2,0.777235,0.573714,0.67645,0.560045,0.765432,0.864198,1.0,183.0,1.0,183.0,1.0,183.0
TyleR,roberta,sum,fb237_v3_ind_seed7005,8460.5,0.755005,0.539519,0.682575,0.56422,0.770642,0.885321,1.0,183.0,1.0,183.0,1.0,183.0
TyleR,roberta,sum,fb237_v3_ind_seed7006,4941.7,0.762388,0.563218,0.659628,0.53689,0.755959,0.871737,1.0,183.0,1.0,183.0,1.0,183.0
TyleR,roberta,sum,fb237_v3_ind_seed7007,7091.2,0.73355,0.604811,0.68475,0.574739,0.756663,0.887601,1.0,183.0,1.0,183.0,1.0,183.0
TyleR,roberta,sum,fb237_v3_ind_seed7008,4381.4,0.735119,0.551963,0.66788,0.544937,0.758817,0.871445,1.0,183.0,1.0,183.0,1.0,183.0
TyleR,roberta,sum,fb237_v3_ind_seed7009,7297.1,0.771861,0.586207,0.675788,0.550691,0.775346,0.883641,1.0,183.0,1.0,183.0,1.0,183.0
TyleR,roberta,sum,fb237_v3_ind_seed7010,9887.3,0.767618,0.5879,0.708776,0.60023,0.789171,0.896313,1.0,183.0,1.0,183.0,1.0,183.0
RotatE,qwen,sum,fb237_v1_ind_seed7001,12.5,0.875313,0.57513,0.681781,0.495327,0.873832,0.915888,1.0,142.0,1.0,142.0,0.920561,17.2991
RotatE,qwen,sum,fb237_v1_ind_seed7002,10.8,0.874684,0.50237,0.663959,0.514019,0.794393,0.85514,1.0,142.0,0.883178,20.1121,0.845794,10.285
RotatE,qwen,sum,fb237_v1_ind_seed7003,10.8,0.870724,0.568627,0.675937,0.523585,0.801887,0.891509,1.0,142.0,1.0,142.0,0.853774,12.1274
RotatE,qwen,sum,fb237_v1_ind_seed7004,10.9,0.870707,0.523364,0.682459,0.519048,0.833333,0.880952,1.0,142.0,1.0,142.0,0.866667,9.4476
RotatE,qwen,sum,fb237_v1_ind_seed7005,11.4,0.874306,0.577465,0.667117,0.504762,0.8,0.880952,1.0,142.0,1.0,142.0,0.890476,16.5095
RotatE,qwen,sum,fb237_v1_ind_seed7006,10.8,0.870156,0.580488,0.705088,0.542453,0.84434,0.915094,1.0,142.0,1.0,142.0,0.900943,13.6557
RotatE,qwen,sum,fb237_v1_ind_seed7007,10.9,0.867069,0.576923,0.731328,0.57619,0.861905,0.938095,1.0,142.0,1.0,142.0,0.938095,19.9429
RotatE,qwen,sum,fb237_v1_ind_seed7008,10.9,0.8728,0.538462,0.710143,0.560386,0.835749,0.908213,1.0,142.0,1.0,142.0,0.937198,10.3092
RotatE,qwen,sum,fb237_v1_ind_seed7009,11.8,0.873,0.573604,0.708803,0.541063,0.859903,0.922705,1.0,142.0,1.0,142.0,0.917874,17.1787
RotatE,qwen,sum,fb237_v1_ind_seed7010,10.8,0.870919,0.583732,0.720512,0.583333,0.843137,0.911765,1.0,142.0,1.0,142.0,0.911765,15.1275
RotatE,qwen,sum,fb237_v2_ind_seed7001,24.2,0.814512,0.542299,0.701952,0.535181,0.865672,0.938166,1.0,172.0,0.968017,23.3539,0.897655,5.2196
RotatE,qwen,sum,fb237_v2_ind_seed7002,25.2,0.824125,0.537473,0.714871,0.545833,0.870833,0.95,0.995833,70.7479,0.964583,10.1875,0.922917,5.1021
RotatE,qwen,sum,fb237_v2_ind_seed7003,24.3,0.820154,0.552463,0.695702,0.524109,0.849057,0.939203,1.0,172.0,0.926625,8.6352,0.87631,4.2055
RotatE,qwen,sum,fb237_v2_ind_seed7004,24.6,0.821085,0.539301,0.664905,0.482979,0.831915,0.929787,0.985106,52.2319,0.944681,10.9,0.895745,5.117
RotatE,qwen,sum,fb237_v2_ind_seed7005,24.4,0.8085,0.572632,0.70037,0.533613,0.852941,0.945378,1.0,172.0,0.945378,14.0042,0.909664,6.0462
RotatE,qwen,sum,fb237_v2_ind_seed7006,24.9,0.820217,0.570213,0.678383,0.509636,0.8394,0.927195,0.995717,76.546,0.955032,13.0428,0.90364,4.7944
RotatE,qwen,sum,fb237_v2_ind_seed7007,24.6,0.812319,0.586724,0.725074,0.558763,0.898969,0.952577,0.997938,61.734,0.960825,12.2165,0.907216,4.1464
RotatE,qwen,sum,fb237_v2_ind_seed7008,25.4,0.810993,0.56051,0.677406,0.484144,0.864693,0.934461,1.0,172.0,0.936575,13.1438,0.900634,6.3721
RotatE,qwen,sum,fb237_v2_ind_seed7009,24.9,0.813266,0.54818,0.727228,0.581897,0.87069,0.939655,0.984914,49.9483,0.93319,8.8944,0.885776,3.9526
RotatE,qwen,sum,fb237_v2_ind_seed7010,25.5,0.81875,0.591304,0.71554,0.54661,0.879237,0.940678,1.0,172.0,0.944915,10.0975,0.894068,3.6716
RotatE,qwen,sum,fb237_v3_ind_seed7001,44.0,0.82671,0.631214,0.74549,0.605263,0.869565,0.954233,0.993135,77.7952,0.942792,7.3364,0.877574,3.0778
RotatE,qwen,sum,fb237_v3_ind_seed7002,46.0,0.845021,0.633178,0.741282,0.588636,0.873864,0.963636,0.993182,54.4693,0.926136,4.592,0.863636,2.567
RotatE,qwen,sum,fb237_v3_ind_seed7003,45.4,0.845322,0.621089,0.737618,0.58656,0.870159,0.962415,0.992027,47.7904,0.947608,5.2494,0.886105,2.6036
RotatE,qwen,sum,fb237_v3_ind_seed7004,45.8,0.822141,0.645714,0.765637,0.631874,0.887767,0.958474,0.991021,56.9865,0.95174,8.3277,0.892256,3.5006
RotatE,qwen,sum,fb237_v3_ind_seed7005,47.9,0.842532,0.624284,0.739383,0.59633,0.865826,0.956422,0.989679,66.5493,0.936927,5.68,0.883028,2.8819
RotatE,qwen,sum,fb237_v3_ind_seed7006,45.2,0.853236,0.610345,0.747435,0.593644,0.885358,0.964813,0.981839,20.1986,0.933031,4.2202,0.889898,2.538
RotatE,qwen,sum,fb237_v3_ind_seed7007,47.3,0.846642,0.612829,0.747594,0.608343,0.86095,0.957126,0.991889,35.8134,0.951333,5.9444,0.885284,2.6037
RotatE,qwen,sum,fb237_v3_ind_seed7008,44.3,0.83915,0.620092,0.751116,0.606371,0.879408,0.959044,0.995449,65.4346,0.959044,6.1786,0.90785,2.9215
RotatE,qwen,sum,fb237_v3_ind_seed7009,44.6,0.842681,0.612644,0.756581,0.608295,0.895161,0.963134,0.995392,42.1671,0.973502,8.4735,0.900922,2.6578
RotatE,qwen,sum,fb237_v3_ind_seed7010,43.8,0.837684,0.613014,0.774135,0.630184,0.904378,0.97235,0.996544,51.7823,0.965438,6.4147,0.923963,2.9631
RotatE,roberta,sum,fb237_v1_ind_seed7001,10.7,0.875313,0.544041,0.648879,0.462617,0.803738,0.934579,1.0,142.0,1.0,142.0,0.901869,18.5514
RotatE,roberta,sum,fb237_v1_ind_seed7002,11.2,0.8762,0.521327,0.668377,0.518692,0.785047,0.88785,1.0,142.0,1.0,142.0,0.883178,18.5888
RotatE,roberta,sum,fb237_v1_ind_seed7003,10.9,0.872233,0.573529,0.623747,0.448113,0.773585,0.886792,1.0,142.0,1.0,142.0,0.877358,19.9811
RotatE,roberta,sum,fb237_v1_ind_seed7004,11.5,0.871717,0.518692,0.716164,0.580952,0.828571,0.914286,1.0,142.0,1.0,142.0,0.885714,15.719
RotatE,roberta,sum,fb237_v1_ind_seed7005,11.1,0.873801,0.577465,0.680731,0.519048,0.814286,0.904762,1.0,142.0,1.0,142.0,0.914286,19.4952
RotatE,roberta,sum,fb237_v1_ind_seed7006,11.0,0.869149,0.55122,0.666928,0.485849,0.830189,0.919811,1.0,142.0,1.0,142.0,0.966981,30.7594
RotatE,roberta,sum,fb237_v1_ind_seed7007,11.5,0.869587,0.581731,0.731894,0.590476,0.861905,0.92381,1.0,142.0,1.0,142.0,0.895238,11.4286
RotatE,roberta,sum,fb237_v1_ind_seed7008,11.1,0.873806,0.485577,0.733743,0.584541,0.874396,0.932367,1.0,142.0,1.0,142.0,0.89372,13.5217
RotatE,roberta,sum,fb237_v1_ind_seed7009,10.9,0.874,0.543147,0.69091,0.536232,0.830918,0.898551,1.0,142.0,1.0,142.0,0.903382,19.2029
RotatE,roberta,sum,fb237_v1_ind_seed7010,11.4,0.869915,0.602871,0.65818,0.5,0.794118,0.857843,1.0,142.0,1.0,142.0,0.862745,18.9412
RotatE,roberta,sum,fb237_v2_ind_seed7001,24.9,0.819318,0.516269,0.684766,0.520256,0.82516,0.929638,1.0,172.0,0.957356,29.0682,0.891258,10.2623
RotatE,roberta,sum,fb237_v2_ind_seed7002,25.5,0.818577,0.522484,0.686354,0.522917,0.833333,0.91875,1.0,172.0,0.933333,20.8979,0.870833,6.8521
RotatE,roberta,sum,fb237_v2_ind_seed7003,26.0,0.804484,0.543897,0.679881,0.51153,0.834382,0.928721,1.0,172.0,0.945493,28.1929,0.884696,8.0042
RotatE,roberta,sum,fb237_v2_ind_seed7004,25.4,0.814361,0.543668,0.641474,0.461702,0.808511,0.904255,1.0,172.0,0.946809,24.8638,0.865957,7.9957
RotatE,roberta,sum,fb237_v2_ind_seed7005,24.0,0.815504,0.543158,0.698547,0.537815,0.848739,0.934874,1.0,172.0,0.94958,15.2752,0.894958,7.0672
RotatE,roberta,sum,fb237_v2_ind_seed7006,25.4,0.819976,0.559574,0.686297,0.51606,0.841542,0.920771,1.0,172.0,0.946467,18.818,0.895075,5.3704
RotatE,roberta,sum,fb237_v2_ind_seed7007,24.5,0.812802,0.563169,0.725745,0.569072,0.876289,0.946392,1.0,172.0,0.954639,20.2474,0.923711,8.1711
RotatE,roberta,sum,fb237_v2_ind_seed7008,24.8,0.789055,0.552017,0.687179,0.528541,0.832981,0.911205,1.0,172.0,0.94926,30.6216,0.896406,11.4271
RotatE,roberta,sum,fb237_v2_ind_seed7009,24.7,0.809901,0.541756,0.68274,0.517241,0.840517,0.931034,1.0,172.0,0.950431,17.6573,0.890086,7.8405
RotatE,roberta,sum,fb237_v2_ind_seed7010,24.9,0.816827,0.556522,0.693323,0.519068,0.864407,0.930085,1.0,172.0,0.957627,18.8835,0.917373,6.4915
RotatE,roberta,sum,fb237_v3_ind_seed7001,43.3,0.831306,0.619653,0.73208,0.593822,0.846682,0.956522,0.991991,66.5778,0.948513,8.0892,0.908467,4.2654
RotatE,roberta,sum,fb237_v3_ind_seed7002,45.9,0.830428,0.639019,0.730489,0.589773,0.85,0.945455,0.9875,45.2602,0.926136,7.1148,0.870455,3.7193
RotatE,roberta,sum,fb237_v3_ind_seed7003,44.5,0.820038,0.624565,0.747028,0.618451,0.850797,0.94533,0.992027,61.5114,0.936219,7.9453,0.889522,3.221
RotatE,roberta,sum,fb237_v3_ind_seed7004,46.2,0.833808,0.624,0.748218,0.619529,0.855219,0.937149,1.0,183.0,0.961841,15.6117,0.888889,4.2514
RotatE,roberta,sum,fb237_v3_ind_seed7005,46.4,0.831439,0.616266,0.716427,0.579128,0.833716,0.931193,0.983945,69.9794,0.940367,8.5195,0.877294,3.7282
RotatE,roberta,sum,fb237_v3_ind_seed7006,44.1,0.81844,0.610345,0.744417,0.606129,0.863791,0.946652,0.988649,51.891,0.951192,9.8365,0.908059,3.8717
RotatE,roberta,sum,fb237_v3_ind_seed7007,45.4,0.835428,0.616266,0.740826,0.60139,0.867903,0.957126,0.988413,52.6744,0.937428,7.1344,0.910776,4.0209
RotatE,roberta,sum,fb237_v3_ind_seed7008,43.1,0.820482,0.616628,0.744248,0.608646,0.862344,0.94653,0.996587,77.6086,0.944255,7.5449,0.871445,3.3868
RotatE,roberta,sum,fb237_v3_ind_seed7009,43.5,0.822003,0.629885,0.756237,0.626728,0.861751,0.950461,1.0,183.0,0.968894,18.1659,0.906682,4.576
RotatE,roberta,sum,fb237_v3_ind_seed7010,44.9,0.823076,0.638128,0.764901,0.631336,0.884793,0.965438,0.995392,67.8952,0.961982,12.4343,0.921659,4.0956
rf_subtract,qwen,sum,fb237_v1_ind_seed7001,1.1,0.871307,0.53886,0.65645,0.523364,0.761682,0.869159,1.0,142.0,0.929907,22.6682,0.897196,13.7664
rf_subtract,qwen,sum,fb237_v1_ind_seed7002,1.1,0.88479,0.521327,0.581247,0.443925,0.67757,0.78972,1.0,142.0,1.0,142.0,0.850467,14.528
rf_subtract,qwen,sum,fb237_v1_ind_seed7003,1.1,0.872736,0.558824,0.619425,0.490566,0.716981,0.830189,1.0,142.0,0.924528,31.7264,0.882075,15.7783
rf_subtract,qwen,sum,fb237_v1_ind_seed7004,1.1,0.872222,0.551402,0.652382,0.542857,0.728571,0.842857,1.0,142.0,1.0,142.0,0.914286,18.1952
rf_subtract,qwen,sum,fb237_v1_ind_seed7005,1.1,0.888945,0.525822,0.618388,0.471429,0.72381,0.852381,1.0,142.0,0.938095,30.5286,0.895238,15.8762
rf_subtract,qwen,sum,fb237_v1_ind_seed7006,1.1,0.882738,0.570732,0.642736,0.542453,0.693396,0.811321,1.0,142.0,1.0,142.0,0.910377,18.5236
rf_subtract,qwen,sum,fb237_v1_ind_seed7007,1.1,0.877644,0.524038,0.6958,0.571429,0.780952,0.904762,1.0,142.0,1.0,142.0,0.957143,22.2619
rf_subtract,qwen,sum,fb237_v1_ind_seed7008,1.1,0.873303,0.519231,0.657912,0.536232,0.748792,0.864734,1.0,142.0,0.961353,42.3527,0.932367,18.2609
rf_subtract,qwen,sum,fb237_v1_ind_seed7009,1.2,0.8785,0.507614,0.649642,0.521739,0.753623,0.830918,1.0,142.0,0.961353,45.3478,0.879227,13.9565
rf_subtract,qwen,sum,fb237_v1_ind_seed7010,1.1,0.872928,0.5311,0.602056,0.485294,0.666667,0.833333,1.0,142.0,0.95098,36.4559,0.887255,18.2647
rf_subtract,qwen,sum,fb237_v2_ind_seed7001,2.8,0.829169,0.490239,0.655277,0.537313,0.731343,0.837953,1.0,172.0,0.957356,31.5629,0.889126,12.9232
rf_subtract,qwen,sum,fb237_v2_ind_seed7002,2.8,0.831604,0.466809,0.641087,0.51875,0.720833,0.847917,1.0,172.0,0.970833,50.4208,0.908333,16.8417
rf_subtract,qwen,sum,fb237_v2_ind_seed7003,3.0,0.834137,0.522484,0.618618,0.484277,0.719078,0.832285,1.0,172.0,0.958071,42.9308,0.893082,16.3166
rf_subtract,qwen,sum,fb237_v2_ind_seed7004,2.9,0.837416,0.5131,0.584319,0.451064,0.674468,0.8,1.0,172.0,0.910638,27.666,0.853191,13.6255
rf_subtract,qwen,sum,fb237_v2_ind_seed7005,2.8,0.824922,0.48,0.659658,0.533613,0.743697,0.87395,0.981092,72.5252,0.945378,24.3067,0.909664,12.8172
rf_subtract,qwen,sum,fb237_v2_ind_seed7006,2.8,0.831528,0.508511,0.603239,0.464668,0.69379,0.837259,1.0,172.0,0.96788,35.0621,0.922912,15.1692
rf_subtract,qwen,sum,fb237_v2_ind_seed7007,2.7,0.835266,0.522484,0.653079,0.517526,0.752577,0.872165,1.0,172.0,0.948454,29.5505,0.913402,15.4742
rf_subtract,qwen,sum,fb237_v2_ind_seed7008,2.7,0.845468,0.498938,0.655326,0.520085,0.754757,0.854123,1.0,172.0,0.934461,28.8414,0.911205,17.9302
rf_subtract,qwen,sum,fb237_v2_ind_seed7009,2.7,0.838981,0.513919,0.636547,0.5,0.741379,0.851293,1.0,172.0,0.93319,28.8599,0.885776,15.1724
rf_subtract,qwen,sum,fb237_v2_ind_seed7010,2.6,0.835096,0.517391,0.658576,0.527542,0.758475,0.877119,1.0,172.0,0.963983,24.786,0.902542,11.4534
rf_subtract,qwen,sum,fb237_v3_ind_seed7001,5.3,0.807786,0.580347,0.671039,0.558352,0.743707,0.871854,1.0,183.0,0.95881,32.9668,0.915332,13.3181
rf_subtract,qwen,sum,fb237_v3_ind_seed7002,5.2,0.809755,0.59229,0.659202,0.544318,0.744318,0.848864,1.0,183.0,0.927273,19.9636,0.872727,10.1648
rf_subtract,qwen,sum,fb237_v3_ind_seed7003,5.5,0.80503,0.574739,0.668281,0.551253,0.752847,0.864465,0.982916,65.5569,0.944191,21.1173,0.899772,11.9328
rf_subtract,qwen,sum,fb237_v3_ind_seed7004,5.3,0.804097,0.587429,0.687236,0.579125,0.766554,0.876543,1.0,183.0,0.958474,32.2211,0.901235,11.6532
rf_subtract,qwen,sum,fb237_v3_ind_seed7005,5.3,0.812771,0.557847,0.676121,0.571101,0.744266,0.861239,1.0,183.0,0.93922,25.2844,0.900229,12.3968
rf_subtract,qwen,sum,fb237_v3_ind_seed7006,5.5,0.808963,0.551724,0.678704,0.569807,0.761635,0.871737,0.986379,74.5562,0.943246,22.1271,0.914869,12.5551
rf_subtract,qwen,sum,fb237_v3_ind_seed7007,5.4,0.804216,0.568156,0.674705,0.561993,0.756663,0.863268,0.989571,82.6385,0.949015,24.3117,0.904983,12.19
rf_subtract,qwen,sum,fb237_v3_ind_seed7008,5.2,0.809253,0.545035,0.659689,0.558589,0.723549,0.823663,1.0,183.0,0.96587,38.4096,0.881684,12.1593
rf_subtract,qwen,sum,fb237_v3_ind_seed7009,5.2,0.801595,0.572414,0.667661,0.557604,0.741935,0.858295,1.0,183.0,0.950461,28.7281,0.898618,12.4505
rf_subtract,qwen,sum,fb237_v3_ind_seed7010,5.3,0.808873,0.576484,0.688857,0.581797,0.764977,0.874424,1.0,183.0,0.963134,26.0703,0.923963,13.7581
rf_subtract,roberta,sum,fb237_v1_ind_seed7001,1.1,0.885328,0.564767,0.652855,0.5,0.771028,0.88785,1.0,142.0,0.962617,28.2991,0.925234,12.9486
rf_subtract,roberta,sum,fb237_v1_ind_seed7002,1.1,0.889338,0.526066,0.605729,0.5,0.668224,0.799065,1.0,142.0,0.934579,50.1121,0.827103,11.8271
rf_subtract,roberta,sum,fb237_v1_ind_seed7003,1.1,0.874245,0.573529,0.608205,0.471698,0.70283,0.825472,1.0,142.0,1.0,142.0,0.877358,15.5047
rf_subtract,roberta,sum,fb237_v1_ind_seed7004,1.1,0.875758,0.476636,0.642868,0.509524,0.747619,0.866667,1.0,142.0,0.966667,41.6381,0.928571,18.6857
rf_subtract,roberta,sum,fb237_v1_ind_seed7005,1.1,0.867744,0.549296,0.646049,0.528571,0.728571,0.82381,1.0,142.0,0.971429,40.581,0.933333,19.9238
rf_subtract,roberta,sum,fb237_v1_ind_seed7006,1.1,0.875692,0.57561,0.640123,0.518868,0.726415,0.834906,1.0,142.0,1.0,142.0,0.891509,18.4623
rf_subtract,roberta,sum,fb237_v1_ind_seed7007,1.1,0.861531,0.528846,0.683394,0.571429,0.771429,0.857143,1.0,142.0,0.961905,49.8952,0.909524,16.0714
rf_subtract,roberta,sum,fb237_v1_ind_seed7008,1.1,0.8728,0.548077,0.67188,0.545894,0.763285,0.869565,1.0,142.0,0.975845,56.3527,0.951691,20.715
rf_subtract,roberta,sum,fb237_v1_ind_seed7009,1.1,0.8665,0.48731,0.679489,0.555556,0.772947,0.859903,1.0,142.0,0.937198,25.5217,0.903382,15.8116
rf_subtract,roberta,sum,fb237_v1_ind_seed7010,1.1,0.871924,0.583732,0.64616,0.544118,0.705882,0.823529,1.0,142.0,0.931373,32.1324,0.843137,11.5931
rf_subtract,roberta,sum,fb237_v2_ind_seed7001,2.9,0.82124,0.511931,0.65085,0.526652,0.744136,0.846482,1.0,172.0,0.948827,33.8102,0.889126,14.5842
rf_subtract,roberta,sum,fb237_v2_ind_seed7002,2.7,0.821713,0.507495,0.64867,0.522917,0.735417,0.852083,1.0,172.0,0.947917,30.3333,0.897917,13.6396
rf_subtract,roberta,sum,fb237_v2_ind_seed7003,2.8,0.828351,0.507495,0.606527,0.477987,0.691824,0.813417,1.0,172.0,0.958071,45.4507,0.920335,21.8595
rf_subtract,roberta,sum,fb237_v2_ind_seed7004,2.7,0.822767,0.526201,0.606044,0.476596,0.691489,0.821277,1.0,172.0,0.942553,30.3,0.876596,12.4638
rf_subtract,roberta,sum,fb237_v2_ind_seed7005,3.0,0.816228,0.492632,0.649996,0.523109,0.747899,0.846639,0.989496,80.8929,0.951681,26.2374,0.918067,14.229
rf_subtract,roberta,sum,fb237_v2_ind_seed7006,2.8,0.820939,0.531915,0.628327,0.494647,0.719486,0.856531,1.0,172.0,0.970021,40.257,0.916488,15.8951
rf_subtract,roberta,sum,fb237_v2_ind_seed7007,2.9,0.816184,0.546039,0.650653,0.513402,0.748454,0.853608,1.0,172.0,0.973196,36.9093,0.931959,17.2124
rf_subtract,roberta,sum,fb237_v2_ind_seed7008,3.0,0.824012,0.503185,0.64539,0.511628,0.744186,0.84778,1.0,172.0,0.940803,35.296,0.917548,14.8224
rf_subtract,roberta,sum,fb237_v2_ind_seed7009,2.9,0.818794,0.509636,0.6243,0.482759,0.721983,0.840517,1.0,172.0,0.935345,36.0409,0.875,12.7608
rf_subtract,roberta,sum,fb237_v2_ind_seed7010,2.7,0.822115,0.506522,0.665114,0.536017,0.771186,0.858051,1.0,172.0,0.95339,33.1038,0.90678,14.6907
rf_subtract,roberta,sum,fb237_v3_ind_seed7001,5.3,0.821168,0.590751,0.662076,0.551487,0.727689,0.864989,0.988558,85.0778,0.947368,25.0641,0.901602,11.5915
rf_subtract,roberta,sum,fb237_v3_ind_seed7002,5.5,0.82705,0.579439,0.681301,0.569318,0.761364,0.854545,1.0,183.0,0.952273,25.3432,0.880682,10.9636
rf_subtract,roberta,sum,fb237_v3_ind_seed7003,5.2,0.828421,0.580533,0.681401,0.574032,0.755125,0.856492,0.986333,78.1959,0.937358,20.1595,0.889522,10.6503
rf_subtract,roberta,sum,fb237_v3_ind_seed7004,5.5,0.823769,0.605714,0.69391,0.593715,0.758698,0.867565,1.0,183.0,0.95174,29.2189,0.896745,11.4411
rf_subtract,roberta,sum,fb237_v3_ind_seed7005,5.7,0.81737,0.555556,0.676063,0.577982,0.732798,0.849771,1.0,183.0,0.934633,22.5642,0.900229,12.1388
rf_subtract,roberta,sum,fb237_v3_ind_seed7006,5.5,0.81844,0.566667,0.685529,0.576617,0.755959,0.870602,0.986379,79.4472,0.939841,20.2792,0.904654,11.2145
rf_subtract,roberta,sum,fb237_v3_ind_seed7007,5.5,0.817052,0.556701,0.689882,0.581692,0.756663,0.877173,1.0,183.0,0.965238,30.0579,0.924681,14.8494
rf_subtract,roberta,sum,fb237_v3_ind_seed7008,5.2,0.823323,0.572748,0.676377,0.574516,0.739477,0.852105,1.0,183.0,0.959044,24.4676,0.906712,13.2116
rf_subtract,roberta,sum,fb237_v3_ind_seed7009,5.2,0.822273,0.586207,0.681175,0.574885,0.75,0.866359,1.0,183.0,0.965438,40.8445,0.908986,13.9366
rf_subtract,roberta,sum,fb237_v3_ind_seed7010,5.3,0.819559,0.575342,0.710133,0.604839,0.78341,0.892857,1.0,183.0,0.965438,26.3767,0.929724,11.8226
rf_concat,qwen,sum,fb237_v1_ind_seed7001,1.1,0.901352,0.65285,0.74139,0.598131,0.878505,0.939252,1.0,142.0,0.971963,10.3178,0.920561,3.9766
rf_concat,qwen,sum,fb237_v1_ind_seed7002,1.1,0.906518,0.64455,0.712108,0.593458,0.803738,0.88785,1.0,142.0,0.953271,16.0654,0.85514,4.9439
rf_concat,qwen,sum,fb237_v1_ind_seed7003,1.1,0.906942,0.651961,0.747753,0.632075,0.863208,0.924528,1.0,142.0,0.957547,11.2217,0.891509,4.1981
rf_concat,qwen,sum,fb237_v1_ind_seed7004,1.1,0.906566,0.607477,0.748645,0.657143,0.804762,0.919048,1.0,142.0,0.947619,17.5286,0.92381,8.3905
rf_concat,qwen,sum,fb237_v1_ind_seed7005,1.1,0.905603,0.652582,0.761756,0.628571,0.87619,0.961905,0.995238,40.7476,0.971429,11.2857,0.947619,6.0143
rf_concat,qwen,sum,fb237_v1_ind_seed7006,1.1,0.900856,0.673171,0.758145,0.650943,0.853774,0.933962,1.0,142.0,0.966981,14.6792,0.919811,5.1038
rf_concat,qwen,sum,fb237_v1_ind_seed7007,1.1,0.898792,0.629808,0.790107,0.67619,0.880952,0.957143,1.0,76.3048,0.990476,17.4095,0.961905,7.5286
rf_concat,qwen,sum,fb237_v1_ind_seed7008,1.1,0.912519,0.615385,0.766071,0.652174,0.845411,0.937198,1.0,142.0,0.961353,10.1401,0.932367,5.7778
rf_concat,qwen,sum,fb237_v1_ind_seed7009,1.1,0.9085,0.624365,0.779269,0.652174,0.903382,0.951691,1.0,142.0,0.956522,8.8986,0.932367,4.599
rf_concat,qwen,sum,fb237_v1_ind_seed7010,1.1,0.90658,0.688995,0.731746,0.607843,0.833333,0.911765,0.980392,54.4363,0.926471,7.8627,0.867647,3.9118
rf_concat,qwen,sum,fb237_v2_ind_seed7001,2.4,0.864969,0.605206,0.737431,0.597015,0.865672,0.936034,1.0,172.0,0.942431,8.8721,0.89339,3.6311
rf_concat,qwen,sum,fb237_v2_ind_seed7002,2.6,0.858625,0.595289,0.75558,0.633333,0.860417,0.927083,0.995833,68.8708,0.954167,12.0042,0.9,4.325
rf_concat,qwen,sum,fb237_v2_ind_seed7003,2.4,0.8527,0.633833,0.740189,0.607966,0.853249,0.93501,0.991614,75.065,0.958071,13.5786,0.907757,4.6038
rf_concat,qwen,sum,fb237_v2_ind_seed7004,2.5,0.856628,0.615721,0.699356,0.557447,0.808511,0.895745,1.0,172.0,0.925532,8.7383,0.861702,3.8298
rf_concat,qwen,sum,fb237_v2_ind_seed7005,2.4,0.847138,0.644211,0.739578,0.602941,0.852941,0.934874,1.0,172.0,0.953782,8.9769,0.882353,3.1849
rf_concat,qwen,sum,fb237_v2_ind_seed7006,2.6,0.853911,0.619149,0.733916,0.595289,0.837259,0.933619,0.989293,52.6167,0.948608,10.1606,0.905782,4.2505
rf_concat,qwen,sum,fb237_v2_ind_seed7007,2.4,0.849758,0.625268,0.755379,0.624742,0.863918,0.946392,0.991753,57.9402,0.962887,10.2103,0.921649,4.2371
rf_concat,qwen,sum,fb237_v2_ind_seed7008,2.4,0.853905,0.581741,0.75642,0.621564,0.87315,0.930233,1.0,172.0,0.955603,10.5243,0.89852,3.3953
rf_concat,qwen,sum,fb237_v2_ind_seed7009,2.3,0.857967,0.616702,0.739473,0.607759,0.846983,0.918103,0.980603,63.2371,0.950431,10.7737,0.900862,4.6767
rf_concat,qwen,sum,fb237_v2_ind_seed7010,2.4,0.852644,0.628261,0.766472,0.635593,0.879237,0.947034,1.0,172.0,0.95339,9.1886,0.90678,3.1144
rf_concat,qwen,sum,fb237_v3_ind_seed7001,4.8,0.82252,0.682081,0.777953,0.676201,0.856979,0.934783,0.995423,70.3684,0.959954,9.246,0.895881,3.246
rf_concat,qwen,sum,fb237_v3_ind_seed7002,4.4,0.830699,0.703271,0.770697,0.663636,0.851136,0.939773,0.990909,36.6398,0.935227,6.4295,0.879545,3.117
rf_concat,qwen,sum,fb237_v3_ind_seed7003,4.4,0.817739,0.698725,0.772339,0.665148,0.859909,0.944191,0.986333,29.6025,0.944191,6.4453,0.883827,2.9943
rf_concat,qwen,sum,fb237_v3_ind_seed7004,4.8,0.836115,0.701714,0.790238,0.681257,0.883277,0.94725,0.995511,54.0707,0.958474,8.6566,0.915825,3.1942
rf_concat,qwen,sum,fb237_v3_ind_seed7005,4.7,0.820211,0.670103,0.764228,0.66055,0.84633,0.932339,0.993119,80.3349,0.941514,7.4186,0.909404,4.0252
rf_concat,qwen,sum,fb237_v3_ind_seed7006,4.5,0.83225,0.678161,0.794408,0.69126,0.879682,0.951192,0.990919,31.7333,0.942111,5.4665,0.911464,3.1305
rf_concat,qwen,sum,fb237_v3_ind_seed7007,4.4,0.824078,0.674685,0.793074,0.695249,0.867903,0.942063,0.993048,40.4171,0.957126,8.4705,0.91657,3.6443
rf_concat,qwen,sum,fb237_v3_ind_seed7008,4.4,0.8148,0.691686,0.775438,0.673493,0.849829,0.938567,0.995449,63.165,0.96132,10.157,0.899886,3.9147
rf_concat,qwen,sum,fb237_v3_ind_seed7009,4.4,0.833626,0.685057,0.783901,0.680876,0.857143,0.940092,0.995392,59.6463,0.959677,9.0565,0.900922,3.3134
rf_concat,qwen,sum,fb237_v3_ind_seed7010,4.4,0.833626,0.673516,0.807858,0.714286,0.881336,0.949309,0.997696,73.9896,0.961982,8.1694,0.915899,3.1141
rf_concat,roberta,sum,fb237_v1_ind_seed7001,1.1,0.896345,0.658031,0.70398,0.565421,0.817757,0.915888,1.0,142.0,0.953271,10.5047,0.88785,3.785
rf_concat,roberta,sum,fb237_v1_ind_seed7002,1.0,0.898939,0.635071,0.693999,0.574766,0.780374,0.911215,1.0,142.0,0.957944,21.757,0.906542,9.0374
rf_concat,roberta,sum,fb237_v1_ind_seed7003,1.1,0.889336,0.612745,0.732013,0.617925,0.830189,0.896226,0.985849,61.8774,0.896226,6.3679,0.853774,3.8113
rf_concat,roberta,sum,fb237_v1_ind_seed7004,1.1,0.882828,0.607477,0.752999,0.647619,0.842857,0.914286,0.990476,57.7429,0.942857,16.3905,0.909524,7.8286
rf_concat,roberta,sum,fb237_v1_ind_seed7005,1.1,0.888945,0.647887,0.747196,0.62381,0.833333,0.938095,1.0,142.0,0.980952,12.6905,0.933333,5.8
rf_concat,roberta,sum,fb237_v1_ind_seed7006,1.1,0.892803,0.643902,0.729968,0.613208,0.820755,0.915094,1.0,142.0,0.985849,19.9717,0.924528,8.783
rf_concat,roberta,sum,fb237_v1_ind_seed7007,1.1,0.89426,0.629808,0.766323,0.642857,0.871429,0.942857,1.0,142.0,0.995238,26.7762,0.942857,8.5
rf_concat,roberta,sum,fb237_v1_ind_seed7008,1.1,0.892408,0.610577,0.775529,0.652174,0.879227,0.94686,0.995169,59.9517,0.971014,13.43,0.94686,7.0676
rf_concat,roberta,sum,fb237_v1_ind_seed7009,1.1,0.8965,0.593909,0.75995,0.647343,0.855072,0.908213,0.995169,57.9372,0.937198,8.9662,0.884058,4.8889
rf_concat,roberta,sum,fb237_v1_ind_seed7010,1.1,0.886489,0.636364,0.704106,0.588235,0.789216,0.887255,0.985294,58.9461,0.911765,10.0,0.877451,6.7402
rf_concat,roberta,sum,fb237_v2_ind_seed7001,2.4,0.837818,0.613883,0.763133,0.643923,0.857143,0.938166,0.993603,45.4606,0.942431,7.71,0.901919,3.5011
rf_concat,roberta,sum,fb237_v2_ind_seed7002,2.4,0.839807,0.599572,0.748065,0.627083,0.85,0.933333,0.989583,52.6646,0.941667,8.0625,0.889583,3.6479
rf_concat,roberta,sum,fb237_v2_ind_seed7003,2.3,0.835583,0.593148,0.737861,0.610063,0.842767,0.926625,1.0,172.0,0.949686,10.3816,0.909853,4.891
rf_concat,roberta,sum,fb237_v2_ind_seed7004,2.3,0.832853,0.620087,0.702797,0.568085,0.812766,0.908511,1.0,172.0,0.942553,10.9851,0.86383,4.1191
rf_concat,roberta,sum,fb237_v2_ind_seed7005,2.4,0.832166,0.627368,0.755244,0.62605,0.861345,0.928571,1.0,172.0,0.943277,8.7269,0.894958,3.3803
rf_concat,roberta,sum,fb237_v2_ind_seed7006,2.4,0.839711,0.619149,0.741844,0.61242,0.841542,0.931478,1.0,172.0,0.957173,11.5096,0.905782,4.0835
rf_concat,roberta,sum,fb237_v2_ind_seed7007,2.3,0.832126,0.627409,0.758546,0.641237,0.861856,0.940206,1.0,172.0,0.962887,12.4103,0.905155,3.9361
rf_concat,roberta,sum,fb237_v2_ind_seed7008,2.4,0.838235,0.619958,0.743702,0.602537,0.860465,0.938689,1.0,172.0,0.959831,10.9366,0.900634,4.0613
rf_concat,roberta,sum,fb237_v2_ind_seed7009,2.3,0.832733,0.586724,0.730097,0.596983,0.842672,0.924569,0.982759,63.2522,0.946121,11.7004,0.903017,4.6379
rf_concat,roberta,sum,fb237_v2_ind_seed7010,2.3,0.835096,0.632609,0.751862,0.618644,0.864407,0.940678,0.993644,43.4068,0.955508,8.4915,0.900424,3.3856
rf_concat,roberta,sum,fb237_v3_ind_seed7001,4.8,0.837524,0.698266,0.777439,0.679634,0.853547,0.932494,0.98627,40.0973,0.943936,8.4771,0.900458,3.6156
rf_concat,roberta,sum,fb237_v3_ind_seed7002,4.6,0.833401,0.700935,0.766646,0.659091,0.851136,0.9375,0.994318,35.1375,0.945455,6.5739,0.878409,3.0455
rf_concat,roberta,sum,fb237_v3_ind_seed7003,4.4,0.838832,0.711472,0.769507,0.660592,0.856492,0.93508,0.98861,44.7198,0.938497,7.0979,0.879271,2.9374
rf_concat,roberta,sum,fb237_v3_ind_seed7004,4.7,0.834622,0.694857,0.786963,0.689113,0.867565,0.93266,1.0,183.0,0.956229,11.4029,0.914703,4.2144
rf_concat,roberta,sum,fb237_v3_ind_seed7005,4.7,0.842803,0.664376,0.769554,0.672018,0.84289,0.927752,0.994266,75.7764,0.93922,7.1204,0.87844,3.1548
rf_concat,roberta,sum,fb237_v3_ind_seed7006,4.4,0.832792,0.686207,0.787362,0.683314,0.871737,0.945516,0.982974,34.6277,0.954597,8.4007,0.897843,3.2168
rf_concat,roberta,sum,fb237_v3_ind_seed7007,4.4,0.833941,0.670103,0.788355,0.689455,0.869061,0.949015,0.989571,28.5921,0.952491,7.4287,0.920046,3.9293
rf_concat,roberta,sum,fb237_v3_ind_seed7008,4.4,0.831845,0.692841,0.789018,0.695108,0.860068,0.943117,0.996587,45.8589,0.951081,7.7486,0.903299,3.4118
rf_concat,roberta,sum,fb237_v3_ind_seed7009,4.4,0.829166,0.693103,0.781563,0.68318,0.858295,0.93894,0.995392,58.6728,0.960829,10.6141,0.907834,3.9597
rf_concat,roberta,sum,fb237_v3_ind_seed7010,4.4,0.844718,0.690639,0.800618,0.699309,0.887097,0.948157,0.988479,40.8479,0.950461,7.1118,0.910138,3.1417
lr_subtract,qwen,sum,fb237_v1_ind_seed7001,1.8,0.837256,0.678756,0.7463,0.61215,0.869159,0.929907,0.981308,52.4393,0.957944,16.0607,0.925234,5.3271
lr_subtract,qwen,sum,fb237_v1_ind_seed7002,1.8,0.847398,0.611374,0.703804,0.593458,0.803738,0.869159,0.995327,124.5187,0.920561,15.5561,0.85514,5.7103
lr_subtract,qwen,sum,fb237_v1_ind_seed7003,1.9,0.837022,0.622549,0.736595,0.622642,0.839623,0.910377,0.981132,44.8868,0.95283,16.4953,0.910377,6.4481
lr_subtract,qwen,sum,fb237_v1_ind_seed7004,1.7,0.842424,0.616822,0.764478,0.661905,0.842857,0.928571,0.995238,120.8524,0.971429,28.0619,0.933333,7.9381
lr_subtract,qwen,sum,fb237_v1_ind_seed7005,1.7,0.850581,0.638498,0.748348,0.614286,0.871429,0.928571,0.995238,53.9238,0.961905,16.9381,0.92381,5.9238
lr_subtract,qwen,sum,fb237_v1_ind_seed7006,1.7,0.843483,0.639024,0.731423,0.636792,0.792453,0.896226,0.990566,119.1981,0.962264,20.8019,0.900943,6.5566
lr_subtract,qwen,sum,fb237_v1_ind_seed7007,1.8,0.844411,0.596154,0.780471,0.685714,0.852381,0.938095,1.0,125.8286,0.980952,28.0333,0.947619,8.8143
lr_subtract,qwen,sum,fb237_v1_ind_seed7008,1.9,0.838612,0.677885,0.749389,0.642512,0.830918,0.913043,0.985507,80.5362,0.942029,11.3092,0.922705,5.3913
lr_subtract,qwen,sum,fb237_v1_ind_seed7009,1.7,0.8485,0.604061,0.765984,0.666667,0.855072,0.908213,1.0,115.3285,0.951691,18.9903,0.888889,5.686
lr_subtract,qwen,sum,fb237_v1_ind_seed7010,1.8,0.83777,0.674641,0.70737,0.593137,0.789216,0.887255,0.97549,52.3039,0.921569,13.0049,0.852941,5.201
lr_subtract,qwen,sum,fb237_v2_ind_seed7001,6.7,0.780394,0.62039,0.762003,0.652452,0.848614,0.929638,0.991471,52.4435,0.96162,11.5842,0.908316,4.1663
lr_subtract,qwen,sum,fb237_v2_ind_seed7002,5.6,0.783836,0.5803,0.757205,0.65625,0.827083,0.920833,0.989583,71.3646,0.952083,14.8792,0.9,4.8417
lr_subtract,qwen,sum,fb237_v2_ind_seed7003,5.5,0.782787,0.610278,0.717935,0.582809,0.830189,0.91195,0.993711,112.4738,0.955975,15.6205,0.909853,5.9161
lr_subtract,qwen,sum,fb237_v2_ind_seed7004,5.3,0.7805,0.613537,0.712942,0.595745,0.791489,0.897872,0.980851,50.5809,0.904255,7.2957,0.870213,4.5277
lr_subtract,qwen,sum,fb237_v2_ind_seed7005,5.7,0.78411,0.623158,0.743301,0.619748,0.842437,0.926471,0.989496,50.6681,0.953782,13.0126,0.911765,5.5861
lr_subtract,qwen,sum,fb237_v2_ind_seed7006,4.7,0.777617,0.63617,0.717281,0.601713,0.811563,0.90364,0.991435,64.1113,0.948608,13.8137,0.892934,5.0535
lr_subtract,qwen,sum,fb237_v2_ind_seed7007,5.8,0.78599,0.616702,0.732356,0.608247,0.835052,0.901031,0.995876,91.5608,0.956701,12.4948,0.913402,6.4887
lr_subtract,qwen,sum,fb237_v2_ind_seed7008,5.4,0.782546,0.619958,0.732268,0.617336,0.826638,0.900634,0.997886,93.463,0.947146,12.3235,0.87315,4.3721
lr_subtract,qwen,sum,fb237_v2_ind_seed7009,4.9,0.77914,0.603854,0.727797,0.614224,0.810345,0.909483,0.997845,106.1142,0.952586,14.5797,0.877155,4.2694
lr_subtract,qwen,sum,fb237_v2_ind_seed7010,5.4,0.777163,0.641304,0.754707,0.646186,0.832627,0.92161,0.995763,82.0572,0.955508,9.5233,0.883475,3.6864
lr_subtract,qwen,sum,fb237_v3_ind_seed7001,8.6,0.777102,0.685549,0.758569,0.662471,0.83524,0.915332,0.995423,72.024,0.949657,10.8753,0.900458,4.9405
lr_subtract,qwen,sum,fb237_v3_ind_seed7002,7.5,0.782597,0.682243,0.752681,0.644318,0.844318,0.909091,0.981818,35.5966,0.927273,7.6091,0.865909,2.9705
lr_subtract,qwen,sum,fb237_v3_ind_seed7003,9.1,0.776501,0.688297,0.762324,0.660592,0.845103,0.917995,0.981777,24.6503,0.952164,9.754,0.889522,3.377
lr_subtract,qwen,sum,fb237_v3_ind_seed7004,8.6,0.773301,0.696,0.772318,0.671156,0.849607,0.928171,0.995511,55.6173,0.968575,11.7576,0.916947,4.2536
lr_subtract,qwen,sum,fb237_v3_ind_seed7005,7.6,0.778139,0.67583,0.762477,0.670872,0.825688,0.912844,0.993119,64.1273,0.965596,14.1514,0.899083,4.6709
lr_subtract,qwen,sum,fb237_v3_ind_seed7006,8.1,0.776063,0.67931,0.775676,0.673099,0.861521,0.92622,0.982974,32.7174,0.942111,7.7537,0.878547,2.9115
lr_subtract,qwen,sum,fb237_v3_ind_seed7007,7.1,0.776382,0.680412,0.77156,0.672074,0.848204,0.924681,1.0,65.5921,0.959444,10.321,0.910776,4.2202
lr_subtract,qwen,sum,fb237_v3_ind_seed7008,7.3,0.781791,0.667436,0.760741,0.665529,0.836177,0.906712,0.990899,53.9272,0.952218,12.256,0.897611,4.6689
lr_subtract,qwen,sum,fb237_v3_ind_seed7009,8.3,0.77551,0.681609,0.773269,0.677419,0.851382,0.918203,0.986175,58.9021,0.959677,10.6993,0.910138,4.5069
lr_subtract,qwen,sum,fb237_v3_ind_seed7010,8.3,0.775328,0.663242,0.780441,0.690092,0.847926,0.922811,0.989631,46.0783,0.955069,9.6371,0.900922,3.7512
lr_subtract,roberta,sum,fb237_v1_ind_seed7001,1.8,0.834251,0.683938,0.759249,0.635514,0.859813,0.939252,0.981308,56.4673,0.957944,13.3832,0.943925,5.8925
lr_subtract,roberta,sum,fb237_v1_ind_seed7002,1.8,0.841839,0.64455,0.68294,0.551402,0.799065,0.883178,0.995327,118.0234,0.943925,21.0981,0.85514,4.9112
lr_subtract,roberta,sum,fb237_v1_ind_seed7003,2.1,0.836016,0.642157,0.696208,0.570755,0.787736,0.900943,0.976415,61.6651,0.933962,12.3632,0.858491,4.5094
lr_subtract,roberta,sum,fb237_v1_ind_seed7004,1.6,0.843939,0.598131,0.740372,0.628571,0.842857,0.928571,0.995238,130.4143,0.957143,23.8095,0.919048,5.9286
lr_subtract,roberta,sum,fb237_v1_ind_seed7005,2.2,0.83998,0.624413,0.739293,0.614286,0.847619,0.914286,0.995238,65.1476,0.971429,18.3,0.914286,6.1667
lr_subtract,roberta,sum,fb237_v1_ind_seed7006,2.0,0.837443,0.629268,0.734596,0.622642,0.816038,0.891509,1.0,135.2642,0.948113,13.934,0.900943,6.7642
lr_subtract,roberta,sum,fb237_v1_ind_seed7007,2.0,0.835851,0.615385,0.776467,0.652381,0.904762,0.942857,0.995238,105.8762,0.971429,24.2857,0.952381,7.2429
lr_subtract,roberta,sum,fb237_v1_ind_seed7008,2.1,0.832579,0.649038,0.76434,0.652174,0.859903,0.927536,0.985507,106.9517,0.966184,18.9952,0.917874,5.3478
lr_subtract,roberta,sum,fb237_v1_ind_seed7009,1.9,0.845,0.573604,0.748326,0.63285,0.84058,0.917874,1.0,130.0242,0.956522,15.2657,0.888889,4.1208
lr_subtract,roberta,sum,fb237_v1_ind_seed7010,2.1,0.840784,0.660287,0.70799,0.593137,0.794118,0.901961,0.980392,64.7059,0.926471,13.8775,0.892157,6.2353
lr_subtract,roberta,sum,fb237_v2_ind_seed7001,4.6,0.768621,0.62256,0.761098,0.646055,0.855011,0.933902,0.995736,61.0085,0.953092,11.9616,0.910448,5.2836
lr_subtract,roberta,sum,fb237_v2_ind_seed7002,5.1,0.775392,0.573876,0.720862,0.604167,0.797917,0.920833,0.98125,47.7583,0.9375,11.7708,0.908333,5.4938
lr_subtract,roberta,sum,fb237_v2_ind_seed7003,5.2,0.770733,0.603854,0.723491,0.607966,0.815514,0.907757,0.993711,94.1551,0.964361,21.1572,0.895178,6.2851
lr_subtract,roberta,sum,fb237_v2_ind_seed7004,4.5,0.768972,0.600437,0.715085,0.6,0.802128,0.887234,0.991489,78.3617,0.919149,10.7234,0.870213,4.534
lr_subtract,roberta,sum,fb237_v2_ind_seed7005,4.8,0.767206,0.621053,0.732304,0.602941,0.836134,0.926471,0.989496,67.0399,0.951681,10.7878,0.915966,4.9664
lr_subtract,roberta,sum,fb237_v2_ind_seed7006,4.7,0.765584,0.63617,0.725502,0.605996,0.820128,0.910064,0.997859,65.8565,0.957173,12.6403,0.90364,5.182
lr_subtract,roberta,sum,fb237_v2_ind_seed7007,5.8,0.773671,0.625268,0.725229,0.612371,0.810309,0.903093,0.995876,87.1052,0.94433,14.0825,0.91134,7.6845
lr_subtract,roberta,sum,fb237_v2_ind_seed7008,5.0,0.77001,0.613588,0.732157,0.617336,0.818182,0.900634,0.997886,113.5264,0.976744,18.1586,0.911205,5.9746
lr_subtract,roberta,sum,fb237_v2_ind_seed7009,4.6,0.771449,0.605996,0.708038,0.577586,0.823276,0.905172,0.997845,89.1659,0.943966,10.8728,0.885776,4.6552
lr_subtract,roberta,sum,fb237_v2_ind_seed7010,4.3,0.763702,0.619565,0.750796,0.635593,0.841102,0.932203,0.995763,73.7373,0.963983,12.0742,0.913136,4.7013
lr_subtract,roberta,sum,fb237_v3_ind_seed7001,7.4,0.763855,0.667052,0.752725,0.645309,0.837529,0.925629,0.990847,57.0778,0.967963,13.4336,0.909611,4.7918
lr_subtract,roberta,sum,fb237_v3_ind_seed7002,7.1,0.765167,0.667056,0.753273,0.657955,0.822727,0.905682,0.988636,54.6455,0.947727,9.3932,0.879545,3.9977
lr_subtract,roberta,sum,fb237_v3_ind_seed7003,8.3,0.760817,0.690614,0.759727,0.664009,0.831435,0.919134,0.982916,31.6207,0.943052,8.6036,0.8918,3.7859
lr_subtract,roberta,sum,fb237_v3_ind_seed7004,8.3,0.763397,0.699429,0.75388,0.649832,0.839506,0.915825,0.995511,66.0168,0.967452,13.2548,0.905724,4.349
lr_subtract,roberta,sum,fb237_v3_ind_seed7005,8.6,0.765828,0.647194,0.744194,0.644495,0.816514,0.911697,0.987385,46.5459,0.956422,12.5642,0.895642,4.6181
lr_subtract,roberta,sum,fb237_v3_ind_seed7006,7.9,0.76117,0.650575,0.777519,0.68672,0.84563,0.918275,0.984109,32.4234,0.942111,8.5323,0.885358,3.6969
lr_subtract,roberta,sum,fb237_v3_ind_seed7007,9.5,0.761924,0.67354,0.773549,0.679027,0.841251,0.924681,0.996524,77.0614,0.954809,8.4403,0.89803,4.3465
lr_subtract,roberta,sum,fb237_v3_ind_seed7008,6.9,0.765287,0.661663,0.749359,0.65529,0.816837,0.897611,0.993174,73.2628,0.956769,13.0853,0.902162,5.0501
lr_subtract,roberta,sum,fb237_v3_ind_seed7009,7.3,0.765103,0.673563,0.759892,0.665899,0.831797,0.913594,0.990783,79.4793,0.955069,12.5334,0.915899,5.5783
lr_subtract,roberta,sum,fb237_v3_ind_seed7010,7.2,0.763831,0.663242,0.778675,0.685484,0.854839,0.925115,0.991935,44.2235,0.960829,12.7373,0.907834,4.5219
lr_concat,qwen,sum,fb237_v1_ind_seed7001,2.2,0.915373,0.720207,0.794697,0.658879,0.920561,0.976636,1.0,53.4439,0.962617,4.1402,0.929907,2.0093
lr_concat,qwen,sum,fb237_v1_ind_seed7002,2.0,0.917635,0.668246,0.770485,0.654206,0.869159,0.929907,0.981308,22.5794,0.901869,4.2336,0.859813,2.1215
lr_concat,qwen,sum,fb237_v1_ind_seed7003,2.0,0.918008,0.710784,0.808372,0.688679,0.919811,0.976415,1.0,80.816,0.95283,4.5755,0.910377,2.3679
lr_concat,qwen,sum,fb237_v1_ind_seed7004,2.3,0.916667,0.658879,0.812252,0.709524,0.885714,0.97619,1.0,68.9524,0.942857,4.1238,0.933333,2.8
lr_concat,qwen,sum,fb237_v1_ind_seed7005,2.2,0.922766,0.70892,0.798022,0.671429,0.904762,0.990476,1.0,93.6333,0.961905,4.4476,0.909524,2.219
lr_concat,qwen,sum,fb237_v1_ind_seed7006,2.1,0.914444,0.687805,0.815219,0.70283,0.910377,0.981132,0.990566,23.5,0.971698,6.6887,0.910377,2.434
lr_concat,qwen,sum,fb237_v1_ind_seed7007,2.3,0.91289,0.677885,0.849423,0.752381,0.938095,0.985714,1.0,23.2667,0.980952,6.5429,0.966667,2.9381
lr_concat,qwen,sum,fb237_v1_ind_seed7008,2.1,0.918049,0.663462,0.815029,0.700483,0.922705,0.961353,0.995169,48.6135,0.942029,3.1159,0.937198,2.3671
lr_concat,qwen,sum,fb237_v1_ind_seed7009,2.3,0.9185,0.664975,0.799246,0.68599,0.89372,0.966184,0.995169,24.3865,0.927536,3.5024,0.908213,2.4348
lr_concat,qwen,sum,fb237_v1_ind_seed7010,2.3,0.915118,0.712919,0.795248,0.676471,0.897059,0.97549,0.995098,23.6814,0.936275,4.4118,0.892157,2.2157
lr_concat,qwen,sum,fb237_v2_ind_seed7001,7.0,0.878664,0.672451,0.806351,0.684435,0.916844,0.978678,0.997868,23.5693,0.957356,3.3902,0.897655,1.7953
lr_concat,qwen,sum,fb237_v2_ind_seed7002,7.7,0.878649,0.66167,0.803595,0.683333,0.90625,0.970833,0.9875,20.7771,0.95625,3.5479,0.902083,1.85
lr_concat,qwen,sum,fb237_v2_ind_seed7003,7.1,0.871986,0.659529,0.795688,0.66457,0.914046,0.974843,0.993711,31.8931,0.964361,3.8889,0.895178,1.9769
lr_concat,qwen,sum,fb237_v2_ind_seed7004,7.4,0.877041,0.655022,0.768475,0.638298,0.882979,0.957447,0.991489,32.0234,0.929787,3.234,0.853191,1.7149
lr_concat,qwen,sum,fb237_v2_ind_seed7005,6.8,0.874185,0.707368,0.810097,0.689076,0.915966,0.978992,1.0,38.2122,0.934874,2.7794,0.890756,1.6975
lr_concat,qwen,sum,fb237_v2_ind_seed7006,7.2,0.87846,0.689362,0.788691,0.659529,0.901499,0.974304,0.993576,21.3704,0.959315,3.7559,0.869379,1.7024
lr_concat,qwen,sum,fb237_v2_ind_seed7007,7.0,0.876812,0.683084,0.805329,0.672165,0.923711,0.985567,1.0,21.3649,0.956701,2.8866,0.892784,1.7155
lr_concat,qwen,sum,fb237_v2_ind_seed7008,6.3,0.881871,0.656051,0.793824,0.659619,0.919662,0.972516,0.997886,37.1691,0.953488,3.8436,0.881607,1.7209
lr_concat,qwen,sum,fb237_v2_ind_seed7009,6.8,0.875751,0.674518,0.801489,0.674569,0.913793,0.976293,0.99569,24.6013,0.946121,3.2306,0.892241,1.8491
lr_concat,qwen,sum,fb237_v2_ind_seed7010,7.9,0.871875,0.684783,0.811794,0.688559,0.930085,0.978814,0.991525,15.4195,0.957627,3.0191,0.90678,1.6271
lr_concat,qwen,sum,fb237_v3_ind_seed7001,9.8,0.868883,0.73526,0.824693,0.723112,0.924485,0.982838,0.993135,12.1659,0.961098,3.1968,0.885584,1.6522
lr_concat,qwen,sum,fb237_v3_ind_seed7002,9.4,0.871504,0.734813,0.815477,0.704545,0.914773,0.978409,0.986364,6.917,0.930682,2.1852,0.8625,1.5227
lr_concat,qwen,sum,fb237_v3_ind_seed7003,9.5,0.870335,0.736964,0.822535,0.710706,0.92369,0.985194,0.984055,6.4875,0.946469,2.4544,0.890661,1.6412
lr_concat,qwen,sum,fb237_v3_ind_seed7004,10.1,0.871117,0.732571,0.836057,0.736251,0.924804,0.979798,0.997755,15.6611,0.964085,3.4411,0.906846,1.7104
lr_concat,qwen,sum,fb237_v3_ind_seed7005,10.0,0.870536,0.730813,0.818068,0.71789,0.905963,0.970183,0.993119,24.3567,0.928899,2.5814,0.883028,1.7018
lr_concat,qwen,sum,fb237_v3_ind_seed7006,10.2,0.871378,0.721839,0.827801,0.717367,0.934166,0.981839,0.986379,7.2985,0.945516,2.3644,0.881952,1.5346
lr_concat,qwen,sum,fb237_v3_ind_seed7007,9.9,0.869342,0.720504,0.832939,0.73117,0.92584,0.980301,0.994206,10.9374,0.952491,2.7138,0.904983,1.7138
lr_concat,qwen,sum,fb237_v3_ind_seed7008,10.3,0.871753,0.718245,0.834217,0.733788,0.928328,0.98066,0.993174,11.9033,0.968146,3.2969,0.9124,1.7179
lr_concat,qwen,sum,fb237_v3_ind_seed7009,10.6,0.871334,0.71954,0.824258,0.718894,0.925115,0.981567,0.995392,24.409,0.950461,2.7477,0.89977,1.6959
lr_concat,qwen,sum,fb237_v3_ind_seed7010,10.0,0.8738,0.69863,0.838012,0.731567,0.940092,0.983871,0.99424,15.3525,0.971198,2.9942,0.929724,1.7915
lr_concat,roberta,sum,fb237_v1_ind_seed7001,2.1,0.910866,0.699482,0.791948,0.640187,0.929907,0.981308,0.990654,18.4953,0.948598,2.8645,0.943925,2.1963
lr_concat,roberta,sum,fb237_v1_ind_seed7002,2.0,0.906013,0.706161,0.758579,0.630841,0.864486,0.953271,0.995327,65.5607,0.943925,4.7103,0.906542,2.5981
lr_concat,roberta,sum,fb237_v1_ind_seed7003,2.0,0.906942,0.656863,0.778673,0.650943,0.891509,0.966981,0.966981,12.0283,0.929245,3.5283,0.877358,2.0849
lr_concat,roberta,sum,fb237_v1_ind_seed7004,2.2,0.911111,0.61215,0.81364,0.709524,0.914286,0.971429,0.995238,42.6286,0.942857,4.2714,0.914286,2.3952
lr_concat,roberta,sum,fb237_v1_ind_seed7005,2.2,0.910651,0.676056,0.797494,0.671429,0.895238,0.985714,1.0,26.2095,0.97619,4.4762,0.9,2.3762
lr_concat,roberta,sum,fb237_v1_ind_seed7006,1.9,0.905888,0.658537,0.80568,0.683962,0.924528,0.957547,1.0,67.1604,0.95283,4.4009,0.886792,2.0
lr_concat,roberta,sum,fb237_v1_ind_seed7007,2.3,0.908862,0.677885,0.817472,0.685714,0.933333,0.990476,1.0,38.2381,0.971429,3.8095,0.942857,2.1714
lr_concat,roberta,sum,fb237_v1_ind_seed7008,2.5,0.907994,0.620192,0.812339,0.700483,0.922705,0.956522,0.980676,8.8986,0.966184,4.6329,0.927536,2.2367
lr_concat,roberta,sum,fb237_v1_ind_seed7009,1.9,0.913,0.619289,0.79688,0.671498,0.89372,0.990338,1.0,58.8019,0.956522,4.0628,0.888889,2.0676
lr_concat,roberta,sum,fb237_v1_ind_seed7010,2.5,0.905575,0.708134,0.786698,0.651961,0.901961,0.970588,1.0,41.7402,0.955882,4.1618,0.882353,2.0098
lr_concat,roberta,sum,fb237_v2_ind_seed7001,5.2,0.859923,0.661605,0.795863,0.663113,0.91258,0.976546,1.0,36.6716,0.942431,3.2473,0.889126,1.7591
lr_concat,roberta,sum,fb237_v2_ind_seed7002,5.1,0.864174,0.653105,0.773875,0.641667,0.9,0.952083,0.983333,16.1917,0.935417,4.0083,0.902083,2.2833
lr_concat,roberta,sum,fb237_v2_ind_seed7003,5.6,0.857763,0.646681,0.784202,0.656184,0.901468,0.976939,0.997904,41.9937,0.955975,4.5723,0.890985,2.0189
lr_concat,roberta,sum,fb237_v2_ind_seed7004,5.2,0.862392,0.652838,0.774561,0.648936,0.885106,0.948936,0.985106,24.4298,0.923404,3.5191,0.876596,2.0745
lr_concat,roberta,sum,fb237_v2_ind_seed7005,5.1,0.855832,0.698947,0.802137,0.676471,0.918067,0.981092,1.0,44.5756,0.960084,3.7962,0.913866,1.9391
lr_concat,roberta,sum,fb237_v2_ind_seed7006,5.6,0.862575,0.678723,0.787563,0.655246,0.907923,0.96788,1.0,28.4775,0.957173,4.2184,0.910064,2.1392
lr_concat,roberta,sum,fb237_v2_ind_seed7007,6.3,0.861836,0.665953,0.802495,0.692784,0.892784,0.969072,1.0,35.7052,0.927835,3.501,0.892784,1.9485
lr_concat,roberta,sum,fb237_v2_ind_seed7008,6.3,0.862102,0.630573,0.78649,0.663848,0.885835,0.966173,0.997886,35.5518,0.94926,4.3869,0.896406,2.0592
lr_concat,roberta,sum,fb237_v2_ind_seed7009,6.3,0.863735,0.631692,0.77365,0.640086,0.885776,0.969828,0.99569,31.7716,0.935345,3.2284,0.881466,2.0711
lr_concat,roberta,sum,fb237_v2_ind_seed7010,5.6,0.855769,0.697826,0.791265,0.658898,0.925847,0.970339,0.987288,18.8835,0.95339,3.0297,0.902542,1.8136
lr_concat,roberta,sum,fb237_v3_ind_seed7001,8.6,0.852528,0.716763,0.809913,0.695652,0.914188,0.981693,0.991991,11.3066,0.961098,3.2746,0.898169,1.7689
lr_concat,roberta,sum,fb237_v3_ind_seed7002,9.0,0.855695,0.726636,0.803208,0.693182,0.892045,0.978409,0.993182,9.8489,0.932955,2.7705,0.876136,1.8705
lr_concat,roberta,sum,fb237_v3_ind_seed7003,9.1,0.852893,0.724218,0.811496,0.703872,0.903189,0.971526,0.98861,10.9328,0.931663,2.5251,0.897494,1.7904
lr_concat,roberta,sum,fb237_v3_ind_seed7004,7.9,0.853616,0.726857,0.821578,0.718294,0.915825,0.969697,0.993266,17.9933,0.969697,5.0157,0.914703,2.0112
lr_concat,roberta,sum,fb237_v3_ind_seed7005,8.7,0.854302,0.713631,0.797633,0.693807,0.884174,0.961009,0.988532,14.7408,0.933486,3.2076,0.872706,1.8131
lr_concat,roberta,sum,fb237_v3_ind_seed7006,8.2,0.854861,0.712644,0.816579,0.710556,0.913734,0.977299,0.989784,11.7719,0.936436,2.5255,0.887628,1.6822
lr_concat,roberta,sum,fb237_v3_ind_seed7007,8.9,0.852182,0.706758,0.827439,0.727694,0.913094,0.979143,0.99073,12.3233,0.958285,3.1495,0.9073,1.8946
lr_concat,roberta,sum,fb237_v3_ind_seed7008,8.3,0.851326,0.720554,0.815677,0.712173,0.902162,0.974972,0.996587,22.3811,0.952218,3.215,0.905575,2.0307
lr_concat,roberta,sum,fb237_v3_ind_seed7009,8.3,0.85471,0.716092,0.816381,0.714286,0.906682,0.97235,0.995392,19.8917,0.964286,4.5012,0.900922,1.9251
lr_concat,roberta,sum,fb237_v3_ind_seed7010,8.1,0.852428,0.699772,0.829731,0.729263,0.920507,0.975806,0.993088,19.4896,0.963134,3.5092,0.910138,1.8306
lgbm_subtract,qwen,sum,fb237_v1_ind_seed7001,2.2,0.940911,0.580311,0.663926,0.514019,0.803738,0.864486,1.0,131.8224,0.939252,28.8738,0.901869,10.9299
lgbm_subtract,qwen,sum,fb237_v1_ind_seed7002,2.1,0.938353,0.50237,0.634483,0.509346,0.728972,0.827103,1.0,133.0047,0.948598,43.9159,0.864486,22.0794
lgbm_subtract,qwen,sum,fb237_v1_ind_seed7003,2.5,0.938632,0.568627,0.655687,0.528302,0.759434,0.872642,0.990566,111.8491,0.929245,31.3208,0.882075,14.816
lgbm_subtract,qwen,sum,fb237_v1_ind_seed7004,1.9,0.935354,0.518692,0.655681,0.542857,0.738095,0.847619,0.985714,121.0143,0.938095,52.6857,0.909524,26.1143
lgbm_subtract,qwen,sum,fb237_v1_ind_seed7005,2.8,0.941444,0.539906,0.63959,0.490476,0.757143,0.871429,0.985714,90.6286,0.957143,50.4429,0.9,19.0762
lgbm_subtract,qwen,sum,fb237_v1_ind_seed7006,2.4,0.933568,0.560976,0.669427,0.556604,0.759434,0.858491,1.0,120.0142,0.981132,79.0943,0.867925,13.2311
lgbm_subtract,qwen,sum,fb237_v1_ind_seed7007,1.7,0.937059,0.548077,0.672612,0.533333,0.8,0.885714,0.995238,110.7,0.980952,62.5524,0.966667,35.8048
lgbm_subtract,qwen,sum,fb237_v1_ind_seed7008,2.2,0.938663,0.586538,0.702196,0.574879,0.811594,0.898551,0.980676,69.43,0.961353,41.942,0.927536,20.1594
lgbm_subtract,qwen,sum,fb237_v1_ind_seed7009,1.7,0.941,0.507614,0.673581,0.555556,0.758454,0.859903,1.0,130.7729,0.94686,43.2995,0.898551,22.2802
lgbm_subtract,qwen,sum,fb237_v1_ind_seed7010,2.6,0.938724,0.564593,0.638716,0.504902,0.730392,0.843137,0.995098,118.3333,0.941176,46.2304,0.892157,21.1225
lgbm_subtract,qwen,sum,fb237_v2_ind_seed7001,3.6,0.914945,0.516269,0.656993,0.518124,0.761194,0.863539,1.0,130.371,0.93177,36.3454,0.869936,13.597
lgbm_subtract,qwen,sum,fb237_v2_ind_seed7002,3.8,0.914355,0.518201,0.657754,0.53125,0.754167,0.85,0.995833,136.5625,0.952083,54.5396,0.90625,20.4312
lgbm_subtract,qwen,sum,fb237_v2_ind_seed7003,3.4,0.91297,0.528908,0.630821,0.48847,0.746331,0.853249,0.991614,125.2956,0.955975,55.3396,0.907757,20.9266
lgbm_subtract,qwen,sum,fb237_v2_ind_seed7004,3.5,0.913785,0.519651,0.607755,0.47234,0.708511,0.804255,0.978723,103.9383,0.934043,53.4085,0.876596,19.0064
lgbm_subtract,qwen,sum,fb237_v2_ind_seed7005,3.9,0.912823,0.52,0.686545,0.552521,0.798319,0.878151,0.991597,101.5651,0.932773,30.3634,0.890756,14.7815
lgbm_subtract,qwen,sum,fb237_v2_ind_seed7006,3.4,0.912876,0.525532,0.637614,0.503212,0.743041,0.852248,0.997859,128.4861,0.950749,36.1606,0.875803,13.8051
lgbm_subtract,qwen,sum,fb237_v2_ind_seed7007,3.9,0.914976,0.528908,0.651866,0.51134,0.758763,0.863918,0.995876,125.0598,0.964948,57.4165,0.917526,21.2103
lgbm_subtract,qwen,sum,fb237_v2_ind_seed7008,3.8,0.917792,0.494692,0.671278,0.528541,0.784355,0.879493,0.993658,119.7209,0.966173,58.1882,0.906977,17.2368
lgbm_subtract,qwen,sum,fb237_v2_ind_seed7009,3.3,0.914203,0.501071,0.646796,0.508621,0.75431,0.849138,0.980603,94.5216,0.94181,44.2931,0.859914,13.806
lgbm_subtract,qwen,sum,fb237_v2_ind_seed7010,4.5,0.913942,0.528261,0.673057,0.523305,0.79661,0.891949,0.989407,111.7818,0.942797,33.7754,0.919492,14.1992
lgbm_subtract,qwen,sum,fb237_v3_ind_seed7001,5.5,0.930927,0.584971,0.695109,0.578947,0.79405,0.871854,0.987414,106.3627,0.959954,46.024,0.894737,12.8902
lgbm_subtract,qwen,sum,fb237_v3_ind_seed7002,6.7,0.93109,0.602804,0.687619,0.5625,0.782955,0.873864,0.988636,103.15,0.936364,22.8739,0.882955,9.725
lgbm_subtract,qwen,sum,fb237_v3_ind_seed7003,9.8,0.931179,0.570104,0.679698,0.558087,0.774487,0.871298,0.980638,86.1697,0.924829,21.5353,0.867882,7.3645
lgbm_subtract,qwen,sum,fb237_v3_ind_seed7004,5.4,0.931217,0.588571,0.703867,0.588103,0.804714,0.877666,0.994388,115.1291,0.956229,47.7497,0.907969,14.8866
lgbm_subtract,qwen,sum,fb237_v3_ind_seed7005,6.8,0.929383,0.556701,0.689722,0.576835,0.775229,0.873853,0.989679,105.2385,0.947248,39.8853,0.894495,12.2821
lgbm_subtract,qwen,sum,fb237_v3_ind_seed7006,6.7,0.931492,0.570115,0.707728,0.586833,0.807037,0.897843,0.985244,105.496,0.951192,38.1918,0.914869,13.5119
lgbm_subtract,qwen,sum,fb237_v3_ind_seed7007,6.1,0.931226,0.578465,0.693897,0.568946,0.790267,0.881808,0.989571,97.9641,0.946698,36.7254,0.899189,10.774
lgbm_subtract,qwen,sum,fb237_v3_ind_seed7008,6.7,0.927219,0.576212,0.696024,0.58248,0.78157,0.887372,0.997725,118.3458,0.940842,30.5609,0.896473,9.7167
lgbm_subtract,qwen,sum,fb237_v3_ind_seed7009,6.4,0.927152,0.568966,0.708212,0.591014,0.798387,0.894009,0.996544,130.2028,0.958525,46.0357,0.89977,11.5484
lgbm_subtract,qwen,sum,fb237_v3_ind_seed7010,5.9,0.930881,0.58105,0.712896,0.595622,0.801843,0.890553,0.995392,101.5841,0.951613,32.0104,0.908986,10.8088
lgbm_subtract,roberta,sum,fb237_v1_ind_seed7001,2.0,0.940911,0.590674,0.682503,0.53271,0.813084,0.873832,1.0,112.4065,0.953271,37.6916,0.88785,13.3785
lgbm_subtract,roberta,sum,fb237_v1_ind_seed7002,2.1,0.938353,0.535545,0.641623,0.514019,0.742991,0.831776,0.981308,88.6121,0.948598,43.0888,0.883178,20.3785
lgbm_subtract,roberta,sum,fb237_v1_ind_seed7003,1.9,0.938632,0.558824,0.611754,0.485849,0.698113,0.839623,0.981132,93.75,0.924528,39.2264,0.853774,15.9717
lgbm_subtract,roberta,sum,fb237_v1_ind_seed7004,1.8,0.935354,0.509346,0.66752,0.552381,0.771429,0.828571,0.985714,114.2571,0.933333,44.6571,0.9,24.4571
lgbm_subtract,roberta,sum,fb237_v1_ind_seed7005,2.2,0.941444,0.544601,0.64279,0.490476,0.77619,0.857143,0.995238,115.4619,0.957143,52.119,0.909524,17.419
lgbm_subtract,roberta,sum,fb237_v1_ind_seed7006,2.4,0.933568,0.595122,0.668999,0.542453,0.773585,0.882075,1.0,119.5,0.95283,39.8774,0.910377,16.2783
lgbm_subtract,roberta,sum,fb237_v1_ind_seed7007,2.1,0.937059,0.528846,0.743703,0.628571,0.838095,0.909524,1.0,92.7857,0.985714,53.581,0.947619,19.8333
lgbm_subtract,roberta,sum,fb237_v1_ind_seed7008,1.9,0.938663,0.543269,0.704555,0.589372,0.811594,0.879227,0.985507,83.2464,0.951691,36.8116,0.927536,21.2754
lgbm_subtract,roberta,sum,fb237_v1_ind_seed7009,1.7,0.941,0.502538,0.698748,0.594203,0.78744,0.826087,1.0,128.1449,0.94686,41.9855,0.869565,17.0773
lgbm_subtract,roberta,sum,fb237_v1_ind_seed7010,2.1,0.938724,0.598086,0.63291,0.5,0.740196,0.828431,1.0,120.2941,0.887255,22.9657,0.813725,9.0784
lgbm_subtract,roberta,sum,fb237_v2_ind_seed7001,3.2,0.915425,0.494577,0.65295,0.520256,0.761194,0.855011,0.995736,124.4051,0.950959,51.307,0.889126,13.8721
lgbm_subtract,roberta,sum,fb237_v2_ind_seed7002,3.6,0.914837,0.498929,0.653927,0.514583,0.7625,0.852083,0.99375,117.1417,0.95625,46.5271,0.895833,20.9417
lgbm_subtract,roberta,sum,fb237_v2_ind_seed7003,3.9,0.913934,0.522484,0.639328,0.501048,0.750524,0.844864,0.993711,134.26,0.937107,39.4004,0.87631,15.283
lgbm_subtract,roberta,sum,fb237_v2_ind_seed7004,3.2,0.914025,0.504367,0.608683,0.46383,0.72766,0.808511,0.997872,140.8191,0.919149,40.8851,0.885106,19.6128
lgbm_subtract,roberta,sum,fb237_v2_ind_seed7005,3.7,0.912823,0.528421,0.662767,0.518908,0.773109,0.87605,0.989496,106.8151,0.951681,34.145,0.905462,14.6702
lgbm_subtract,roberta,sum,fb237_v2_ind_seed7006,3.1,0.913598,0.519149,0.632899,0.501071,0.723769,0.847966,0.995717,128.4454,0.946467,33.9936,0.90364,16.9208
lgbm_subtract,roberta,sum,fb237_v2_ind_seed7007,3.2,0.914734,0.524625,0.643231,0.507216,0.748454,0.841237,0.991753,129.2866,0.969072,55.3897,0.917526,20.7876
lgbm_subtract,roberta,sum,fb237_v2_ind_seed7008,3.0,0.91731,0.509554,0.633129,0.486258,0.763214,0.856237,0.991543,118.1734,0.955603,58.9027,0.885835,17.2368
lgbm_subtract,roberta,sum,fb237_v2_ind_seed7009,3.3,0.914444,0.488223,0.638583,0.497845,0.75,0.844828,0.976293,95.8836,0.935345,33.5733,0.868534,14.8039
lgbm_subtract,roberta,sum,fb237_v2_ind_seed7010,3.7,0.913942,0.55,0.681805,0.540254,0.800847,0.883475,0.991525,97.1483,0.949153,35.7436,0.898305,12.036
lgbm_subtract,roberta,sum,fb237_v3_ind_seed7001,5.5,0.930792,0.581503,0.67667,0.55492,0.7746,0.869565,0.995423,125.0069,0.955378,39.8947,0.897025,12.6281
lgbm_subtract,roberta,sum,fb237_v3_ind_seed7002,6.0,0.93109,0.587617,0.69536,0.580682,0.785227,0.870455,0.990909,103.7364,0.95,34.5989,0.886364,11.7443
lgbm_subtract,roberta,sum,fb237_v3_ind_seed7003,6.7,0.931044,0.589803,0.689232,0.568337,0.780182,0.878132,0.985194,96.5034,0.937358,29.8656,0.884966,10.3702
lgbm_subtract,roberta,sum,fb237_v3_ind_seed7004,5.4,0.931353,0.590857,0.678553,0.564534,0.766554,0.857464,0.994388,130.4568,0.953984,52.6453,0.895623,15.1279
lgbm_subtract,roberta,sum,fb237_v3_ind_seed7005,6.7,0.929383,0.550974,0.691221,0.582569,0.769495,0.873853,0.987385,100.8796,0.950688,43.5998,0.891055,11.2041
lgbm_subtract,roberta,sum,fb237_v3_ind_seed7006,6.4,0.931492,0.567816,0.692084,0.573212,0.77412,0.886493,0.992054,95.6266,0.948922,30.6924,0.908059,10.8751
lgbm_subtract,roberta,sum,fb237_v3_ind_seed7007,5.9,0.93109,0.570447,0.698598,0.579374,0.787949,0.885284,0.996524,106.898,0.964079,44.5423,0.904983,13.7984
lgbm_subtract,roberta,sum,fb237_v3_ind_seed7008,7.3,0.927219,0.571594,0.68402,0.568828,0.769056,0.882821,0.996587,114.876,0.953356,36.2059,0.901024,11.4357
lgbm_subtract,roberta,sum,fb237_v3_ind_seed7009,6.0,0.927152,0.578161,0.696345,0.585253,0.781106,0.881336,0.993088,111.9447,0.961982,44.0058,0.914747,16.4988
lgbm_subtract,roberta,sum,fb237_v3_ind_seed7010,7.0,0.931016,0.570776,0.718207,0.599078,0.809908,0.890553,0.995392,108.432,0.955069,35.1694,0.919355,13.1175
lgbm_concat,qwen,sum,fb237_v1_ind_seed7001,2.2,0.940911,0.683938,0.748793,0.630841,0.859813,0.911215,0.995327,116.7804,0.957944,23.3458,0.906542,5.8551
lgbm_concat,qwen,sum,fb237_v1_ind_seed7002,2.3,0.938353,0.620853,0.727606,0.621495,0.827103,0.869159,0.990654,90.028,0.934579,24.5421,0.841121,5.3879
lgbm_concat,qwen,sum,fb237_v1_ind_seed7003,2.2,0.938129,0.637255,0.76559,0.669811,0.849057,0.919811,0.995283,108.566,0.915094,10.1132,0.867925,4.533
lgbm_concat,qwen,sum,fb237_v1_ind_seed7004,2.3,0.935354,0.61215,0.783841,0.690476,0.857143,0.92381,0.985714,95.4667,0.933333,14.7286,0.9,7.0048
lgbm_concat,qwen,sum,fb237_v1_ind_seed7005,2.4,0.941444,0.671362,0.735483,0.590476,0.861905,0.928571,0.995238,78.6952,0.980952,30.9571,0.9,7.0476
lgbm_concat,qwen,sum,fb237_v1_ind_seed7006,2.4,0.933568,0.643902,0.763853,0.65566,0.863208,0.924528,1.0,113.0094,0.962264,29.9198,0.924528,9.4811
lgbm_concat,qwen,sum,fb237_v1_ind_seed7007,2.0,0.937059,0.615385,0.791685,0.680952,0.885714,0.938095,1.0,104.9429,0.995238,53.7905,0.952381,10.9714
lgbm_concat,qwen,sum,fb237_v1_ind_seed7008,2.2,0.938663,0.620192,0.781134,0.671498,0.874396,0.927536,1.0,110.3092,0.961353,14.5604,0.922705,5.8261
lgbm_concat,qwen,sum,fb237_v1_ind_seed7009,1.8,0.936,0.64467,0.760745,0.647343,0.869565,0.89372,1.0,129.5024,0.937198,20.7536,0.898551,7.6377
lgbm_concat,qwen,sum,fb237_v1_ind_seed7010,2.7,0.938724,0.69378,0.74943,0.627451,0.857843,0.906863,0.995098,109.6765,0.936275,16.8088,0.892157,5.4314
lgbm_concat,qwen,sum,fb237_v2_ind_seed7001,3.6,0.913984,0.62039,0.756194,0.626866,0.8742,0.916844,0.997868,113.29,0.936034,12.3689,0.899787,4.3113
lgbm_concat,qwen,sum,fb237_v2_ind_seed7002,4.5,0.914113,0.601713,0.742686,0.6125,0.858333,0.914583,0.9875,109.2125,0.958333,34.9229,0.914583,7.8
lgbm_concat,qwen,sum,fb237_v2_ind_seed7003,3.9,0.913211,0.605996,0.738162,0.607966,0.863732,0.899371,1.0,139.4277,0.943396,21.3543,0.8826,5.0566
lgbm_concat,qwen,sum,fb237_v2_ind_seed7004,3.6,0.912584,0.591703,0.719487,0.593617,0.831915,0.895745,0.997872,113.2468,0.925532,17.8298,0.870213,5.2745
lgbm_concat,qwen,sum,fb237_v2_ind_seed7005,3.8,0.911374,0.644211,0.74767,0.615546,0.863445,0.92437,0.995798,102.6092,0.955882,17.5756,0.892857,4.7731
lgbm_concat,qwen,sum,fb237_v2_ind_seed7006,3.5,0.913357,0.63617,0.741181,0.61242,0.860814,0.910064,1.0,128.2484,0.961456,29.3983,0.897216,4.7473
lgbm_concat,qwen,sum,fb237_v2_ind_seed7007,3.7,0.914493,0.64454,0.760082,0.624742,0.874227,0.942268,0.997938,118.0722,0.975258,23.4887,0.929897,5.1093
lgbm_concat,qwen,sum,fb237_v2_ind_seed7008,3.5,0.914899,0.602972,0.736003,0.602537,0.852008,0.909091,0.987315,91.5328,0.938689,19.6195,0.900634,5.9937
lgbm_concat,qwen,sum,fb237_v2_ind_seed7009,3.7,0.913963,0.601713,0.753671,0.622845,0.881466,0.926724,0.989224,101.7845,0.946121,16.4547,0.903017,4.4181
lgbm_concat,qwen,sum,fb237_v2_ind_seed7010,4.2,0.913462,0.623913,0.76024,0.622881,0.889831,0.934322,0.980932,52.1398,0.95339,9.2415,0.887712,2.9534
lgbm_concat,qwen,sum,fb237_v3_ind_seed7001,6.3,0.930927,0.671676,0.778113,0.671625,0.875286,0.913043,0.996568,95.0423,0.956522,18.5755,0.901602,3.8249
lgbm_concat,qwen,sum,fb237_v3_ind_seed7002,6.5,0.930955,0.704439,0.777988,0.668182,0.875,0.931818,0.985227,66.8284,0.923864,5.9591,0.886364,2.6432
lgbm_concat,qwen,sum,fb237_v3_ind_seed7003,9.5,0.930909,0.692932,0.78936,0.685649,0.88041,0.928246,0.979499,47.0319,0.937358,9.1993,0.889522,2.5923
lgbm_concat,qwen,sum,fb237_v3_ind_seed7004,5.3,0.929589,0.677714,0.787865,0.682379,0.888889,0.920314,0.998878,105.6386,0.95174,21.3558,0.91358,4.6611
lgbm_concat,qwen,sum,fb237_v3_ind_seed7005,6.8,0.929248,0.671249,0.773988,0.674312,0.860092,0.91055,0.990826,83.344,0.944954,17.4851,0.879587,3.7511
lgbm_concat,qwen,sum,fb237_v3_ind_seed7006,7.0,0.931492,0.672414,0.799222,0.690125,0.903519,0.936436,0.982974,51.2985,0.948922,8.6799,0.891033,2.5834
lgbm_concat,qwen,sum,fb237_v3_ind_seed7007,6.8,0.93109,0.68614,0.792615,0.690614,0.881808,0.933951,0.996524,85.5574,0.95365,10.0614,0.892236,2.5295
lgbm_concat,qwen,sum,fb237_v3_ind_seed7008,6.4,0.927219,0.674365,0.791791,0.690557,0.887372,0.931741,0.993174,87.9397,0.948805,14.0967,0.902162,3.339
lgbm_concat,qwen,sum,fb237_v3_ind_seed7009,7.0,0.927152,0.691954,0.785026,0.684332,0.873272,0.93318,0.995392,107.6624,0.950461,14.1498,0.896313,3.3906
lgbm_concat,qwen,sum,fb237_v3_ind_seed7010,7.6,0.931016,0.676941,0.802483,0.690092,0.906682,0.955069,0.99424,82.9885,0.965438,10.4585,0.930876,3.0841
lgbm_concat,roberta,sum,fb237_v1_ind_seed7001,2.5,0.940911,0.65285,0.726888,0.584112,0.859813,0.920561,1.0,119.4813,0.934579,14.5514,0.88785,3.9953
lgbm_concat,roberta,sum,fb237_v1_ind_seed7002,2.3,0.938353,0.63981,0.735851,0.630841,0.813084,0.901869,0.981308,41.2243,0.948598,18.9439,0.864486,6.785
lgbm_concat,roberta,sum,fb237_v1_ind_seed7003,2.0,0.937626,0.593137,0.72765,0.617925,0.825472,0.896226,0.976415,52.8113,0.90566,12.2028,0.863208,5.8632
lgbm_concat,roberta,sum,fb237_v1_ind_seed7004,2.1,0.935354,0.621495,0.755956,0.633333,0.857143,0.919048,0.980952,84.5524,0.957143,23.2857,0.92381,10.4
lgbm_concat,roberta,sum,fb237_v1_ind_seed7005,2.3,0.941444,0.652582,0.740808,0.604762,0.847619,0.92381,1.0,104.3429,0.97619,22.2238,0.9,6.819
lgbm_concat,roberta,sum,fb237_v1_ind_seed7006,2.4,0.933568,0.653659,0.772069,0.660377,0.867925,0.919811,1.0,111.7594,0.962264,33.066,0.90566,6.3962
lgbm_concat,roberta,sum,fb237_v1_ind_seed7007,2.2,0.936556,0.639423,0.79205,0.67619,0.904762,0.942857,1.0,121.1524,0.990476,33.4857,0.961905,7.581
lgbm_concat,roberta,sum,fb237_v1_ind_seed7008,2.4,0.93816,0.629808,0.771623,0.642512,0.89372,0.932367,0.990338,64.0966,0.961353,19.1159,0.903382,3.7295
lgbm_concat,roberta,sum,fb237_v1_ind_seed7009,1.8,0.938,0.629442,0.757894,0.666667,0.835749,0.879227,1.0,132.657,0.94686,27.6473,0.898551,8.2222
lgbm_concat,roberta,sum,fb237_v1_ind_seed7010,2.6,0.938724,0.69378,0.746056,0.622549,0.867647,0.897059,1.0,110.951,0.941176,19.5196,0.857843,4.1324
lgbm_concat,roberta,sum,fb237_v2_ind_seed7001,4.2,0.914945,0.624729,0.750773,0.626866,0.857143,0.925373,1.0,142.2729,0.940299,13.0746,0.869936,3.4989
lgbm_concat,roberta,sum,fb237_v2_ind_seed7002,3.4,0.913148,0.59743,0.730494,0.608333,0.839583,0.89375,0.995833,121.8208,0.925,19.6854,0.8875,5.5396
lgbm_concat,roberta,sum,fb237_v2_ind_seed7003,3.7,0.912729,0.584582,0.729407,0.599581,0.838574,0.907757,0.993711,117.5367,0.953878,24.6897,0.897275,6.2977
lgbm_concat,roberta,sum,fb237_v2_ind_seed7004,3.8,0.912824,0.613537,0.702444,0.57234,0.810638,0.891489,0.991489,85.1681,0.910638,12.3426,0.851064,3.7064
lgbm_concat,roberta,sum,fb237_v2_ind_seed7005,4.2,0.911857,0.633684,0.745356,0.60084,0.880252,0.926471,0.995798,92.0126,0.966387,22.9685,0.920168,5.7941
lgbm_concat,roberta,sum,fb237_v2_ind_seed7006,3.8,0.911191,0.62766,0.731606,0.603854,0.847966,0.910064,0.995717,85.3769,0.959315,19.1756,0.88651,4.3812
lgbm_concat,roberta,sum,fb237_v2_ind_seed7007,4.3,0.914493,0.608137,0.735339,0.604124,0.845361,0.915464,1.0,142.7732,0.962887,28.1031,0.909278,6.4021
lgbm_concat,roberta,sum,fb237_v2_ind_seed7008,3.5,0.915381,0.590234,0.748715,0.604651,0.875264,0.934461,0.991543,105.277,0.964059,27.5603,0.932347,7.5222
lgbm_concat,roberta,sum,fb237_v2_ind_seed7009,4.0,0.914684,0.582441,0.725339,0.590517,0.849138,0.900862,0.987069,75.3319,0.943966,23.1853,0.900862,5.6853
lgbm_concat,roberta,sum,fb237_v2_ind_seed7010,4.4,0.913702,0.628261,0.755941,0.612288,0.889831,0.940678,0.974576,47.2013,0.944915,7.2013,0.887712,2.8856
lgbm_concat,roberta,sum,fb237_v3_ind_seed7001,6.0,0.930792,0.66474,0.772131,0.662471,0.871854,0.927918,0.989703,79.6762,0.957666,18.7986,0.907323,4.0526
lgbm_concat,roberta,sum,fb237_v3_ind_seed7002,6.9,0.93109,0.688084,0.768464,0.6625,0.8625,0.913636,0.995455,90.058,0.930682,7.6375,0.865909,2.6818
lgbm_concat,roberta,sum,fb237_v3_ind_seed7003,6.5,0.930909,0.685979,0.770902,0.664009,0.871298,0.922551,0.976082,56.4465,0.937358,10.7027,0.8918,3.1583
lgbm_concat,roberta,sum,fb237_v3_ind_seed7004,6.1,0.93081,0.669714,0.782851,0.673401,0.87991,0.925926,0.995511,113.3861,0.96633,25.4635,0.916947,5.4736
lgbm_concat,roberta,sum,fb237_v3_ind_seed7005,6.4,0.929248,0.667812,0.751685,0.645642,0.840596,0.900229,0.988532,68.8567,0.938073,19.3257,0.875,3.6972
lgbm_concat,roberta,sum,fb237_v3_ind_seed7006,6.8,0.931357,0.681609,0.788092,0.677639,0.891033,0.935301,0.989784,65.8456,0.947787,10.2974,0.901249,2.8978
lgbm_concat,roberta,sum,fb237_v3_ind_seed7007,6.5,0.93109,0.652921,0.788048,0.683662,0.885284,0.928158,0.994206,88.3638,0.949015,14.219,0.902665,3.2607
lgbm_concat,roberta,sum,fb237_v3_ind_seed7008,7.2,0.927219,0.677829,0.771648,0.663254,0.866894,0.919226,0.997725,99.5427,0.948805,15.2594,0.897611,4.3185
lgbm_concat,roberta,sum,fb237_v3_ind_seed7009,7.3,0.927152,0.678161,0.794171,0.695853,0.881336,0.93318,0.995392,103.1475,0.958525,19.0841,0.920507,4.1014
lgbm_concat,roberta,sum,fb237_v3_ind_seed7010,6.7,0.931016,0.676941,0.788265,0.671659,0.898618,0.941244,0.995392,91.5392,0.971198,15.9747,0.925115,3.7627
feature_translation,qwen,sum,fb237_v1_ind_seed7001,2.6,0.633951,0.554404,0.636658,0.514019,0.719626,0.859813,0.990654,112.2383,0.957944,25.972,0.920561,12.271
feature_translation,qwen,sum,fb237_v1_ind_seed7002,2.6,0.640222,0.516588,0.565045,0.453271,0.61215,0.747664,1.0,123.757,0.906542,20.9439,0.831776,10.8318
feature_translation,qwen,sum,fb237_v1_ind_seed7003,2.6,0.631288,0.504902,0.624559,0.518868,0.688679,0.806604,1.0,104.4198,0.943396,28.3774,0.877358,9.717
feature_translation,qwen,sum,fb237_v1_ind_seed7004,2.5,0.633838,0.462617,0.635253,0.528571,0.680952,0.847619,0.995238,119.2714,0.952381,39.4571,0.938095,16.7524
feature_translation,qwen,sum,fb237_v1_ind_seed7005,2.5,0.64311,0.492958,0.598764,0.490476,0.642857,0.82381,0.971429,68.3667,0.928571,18.6952,0.9,11.9
feature_translation,qwen,sum,fb237_v1_ind_seed7006,2.6,0.634122,0.580488,0.602989,0.495283,0.646226,0.830189,0.990566,120.4528,0.962264,33.0943,0.896226,12.9623
feature_translation,qwen,sum,fb237_v1_ind_seed7007,2.5,0.625378,0.5,0.651967,0.557143,0.709524,0.82381,1.0,122.0619,0.995238,60.8238,0.961905,21.4857
feature_translation,qwen,sum,fb237_v1_ind_seed7008,2.5,0.627451,0.509615,0.618555,0.507246,0.676329,0.850242,0.985507,87.372,0.961353,28.6473,0.898551,10.7585
feature_translation,qwen,sum,fb237_v1_ind_seed7009,2.5,0.6345,0.48731,0.600083,0.483092,0.661836,0.821256,0.995169,119.4396,0.951691,27.3478,0.888889,12.5314
feature_translation,qwen,sum,fb237_v1_ind_seed7010,2.5,0.637368,0.555024,0.588851,0.495098,0.627451,0.75,0.995098,102.4706,0.970588,39.2255,0.877451,11.3088
feature_translation,qwen,sum,fb237_v2_ind_seed7001,6.4,0.555983,0.472885,0.624335,0.50533,0.701493,0.808102,1.0,104.194,0.989339,43.4499,0.91258,15.1962
feature_translation,qwen,sum,fb237_v2_ind_seed7002,6.5,0.564294,0.426124,0.607671,0.495833,0.670833,0.8,0.989583,103.3208,0.9625,50.1562,0.910417,17.8312
feature_translation,qwen,sum,fb237_v2_ind_seed7003,6.2,0.565574,0.471092,0.597263,0.469602,0.666667,0.823899,1.0,144.891,0.964361,47.0881,0.920335,21.522
feature_translation,qwen,sum,fb237_v2_ind_seed7004,6.1,0.552834,0.449782,0.585819,0.47234,0.657447,0.768085,0.991489,95.0553,0.921277,27.9128,0.870213,14.2234
feature_translation,qwen,sum,fb237_v2_ind_seed7005,6.4,0.549384,0.454737,0.584218,0.453782,0.659664,0.808824,0.991597,101.479,0.960084,34.6765,0.913866,15.2773
feature_translation,qwen,sum,fb237_v2_ind_seed7006,6.3,0.549218,0.514894,0.58319,0.464668,0.655246,0.788009,0.982869,74.4861,0.950749,30.8158,0.87152,12.6081
feature_translation,qwen,sum,fb237_v2_ind_seed7007,6.1,0.554348,0.458244,0.577407,0.459794,0.651546,0.764948,0.995876,125.8557,0.948454,36.4928,0.909278,19.8907
feature_translation,qwen,sum,fb237_v2_ind_seed7008,6.0,0.563163,0.462845,0.571322,0.454545,0.636364,0.792812,0.995772,110.7019,0.945032,25.7273,0.887949,12.649
feature_translation,qwen,sum,fb237_v2_ind_seed7009,6.2,0.563326,0.481799,0.567785,0.4375,0.642241,0.778017,0.99569,110.194,0.956897,38.0409,0.911638,14.3276
feature_translation,qwen,sum,fb237_v2_ind_seed7010,6.2,0.548077,0.491304,0.575976,0.457627,0.635593,0.779661,0.997881,87.4004,0.957627,32.1081,0.902542,14.7246
feature_translation,qwen,sum,fb237_v3_ind_seed7001,12.0,0.535415,0.495954,0.586312,0.497712,0.617849,0.762014,0.991991,105.2666,0.953089,47.7551,0.897025,19.4325
feature_translation,qwen,sum,fb237_v3_ind_seed7002,11.8,0.535063,0.510514,0.565117,0.470455,0.610227,0.751136,0.992045,108.142,0.961364,54.3614,0.897727,22.4693
feature_translation,qwen,sum,fb237_v3_ind_seed7003,11.6,0.536912,0.478563,0.589104,0.48861,0.636674,0.773349,0.984055,97.2733,0.953303,49.6777,0.922551,22.3872
feature_translation,qwen,sum,fb237_v3_ind_seed7004,11.5,0.531,0.526857,0.591187,0.488215,0.638608,0.787879,0.992144,96.9282,0.94725,37.6992,0.916947,19.7733
feature_translation,qwen,sum,fb237_v3_ind_seed7005,11.8,0.533685,0.461627,0.582695,0.482798,0.641055,0.751147,0.995413,136.992,0.951835,52.0333,0.897936,21.7718
feature_translation,qwen,sum,fb237_v3_ind_seed7006,12.1,0.536285,0.47931,0.596804,0.507378,0.637911,0.76958,0.996595,121.6822,0.948922,40.6436,0.896708,17.7934
feature_translation,qwen,sum,fb237_v3_ind_seed7007,11.6,0.529388,0.482245,0.598057,0.498262,0.648899,0.783314,0.987254,96.5122,0.964079,50.5377,0.915411,21.4438
feature_translation,qwen,sum,fb237_v3_ind_seed7008,11.9,0.535308,0.476905,0.599606,0.500569,0.651877,0.771331,0.986348,107.1365,0.957907,46.7224,0.890785,18.8328
feature_translation,qwen,sum,fb237_v3_ind_seed7009,11.8,0.531153,0.493103,0.588182,0.498848,0.620968,0.764977,0.990783,112.8111,0.943548,43.4263,0.894009,18.144
feature_translation,qwen,sum,fb237_v3_ind_seed7010,11.6,0.532531,0.495434,0.586719,0.493088,0.631336,0.75,0.987327,108.265,0.964286,55.4712,0.915899,21.5369
feature_translation,roberta,sum,fb237_v1_ind_seed7001,2.5,0.641963,0.518135,0.626222,0.495327,0.696262,0.897196,0.990654,122.3318,0.971963,25.8925,0.920561,8.9907
feature_translation,roberta,sum,fb237_v1_ind_seed7002,2.6,0.645781,0.492891,0.58638,0.476636,0.640187,0.82243,1.0,104.7103,0.953271,26.5607,0.88785,11.3645
feature_translation,roberta,sum,fb237_v1_ind_seed7003,2.5,0.649899,0.529412,0.59182,0.476415,0.660377,0.778302,1.0,119.2594,0.910377,16.0991,0.820755,8.3726
feature_translation,roberta,sum,fb237_v1_ind_seed7004,2.4,0.643939,0.481308,0.631923,0.504762,0.719048,0.880952,1.0,120.1905,0.980952,52.5762,0.933333,14.7143
feature_translation,roberta,sum,fb237_v1_ind_seed7005,2.5,0.652196,0.511737,0.627658,0.495238,0.728571,0.852381,0.971429,78.3381,0.942857,21.4095,0.9,10.7905
feature_translation,roberta,sum,fb237_v1_ind_seed7006,2.4,0.636638,0.595122,0.655982,0.537736,0.731132,0.858491,1.0,141.6226,0.957547,15.8255,0.896226,7.9481
feature_translation,roberta,sum,fb237_v1_ind_seed7007,2.6,0.62286,0.552885,0.667778,0.561905,0.747619,0.861905,1.0,101.5476,0.980952,37.6571,0.961905,16.9048
feature_translation,roberta,sum,fb237_v1_ind_seed7008,2.4,0.637506,0.471154,0.666404,0.550725,0.7343,0.898551,0.990338,93.2126,0.956522,18.1594,0.917874,8.7005
feature_translation,roberta,sum,fb237_v1_ind_seed7009,2.5,0.645,0.553299,0.638259,0.512077,0.719807,0.855072,1.0,141.3527,0.951691,20.8986,0.898551,9.2705
feature_translation,roberta,sum,fb237_v1_ind_seed7010,2.4,0.646409,0.550239,0.567427,0.460784,0.607843,0.769608,1.0,122.0882,0.936275,29.6225,0.828431,11.0049
feature_translation,roberta,sum,fb237_v2_ind_seed7001,6.4,0.56223,0.475054,0.631452,0.507463,0.712154,0.848614,1.0,114.8443,0.965885,25.7186,0.914712,10.9083
feature_translation,roberta,sum,fb237_v2_ind_seed7002,6.4,0.565501,0.481799,0.611649,0.510417,0.660417,0.808333,0.995833,103.0062,0.941667,24.3646,0.8875,10.5479
feature_translation,roberta,sum,fb237_v2_ind_seed7003,6.4,0.564609,0.453961,0.608998,0.494759,0.677149,0.815514,0.997904,124.2159,0.972746,52.5178,0.909853,14.5535
feature_translation,roberta,sum,fb237_v2_ind_seed7004,6.3,0.560519,0.478166,0.635285,0.52766,0.708511,0.812766,0.991489,99.7043,0.929787,21.6723,0.868085,8.5851
feature_translation,roberta,sum,fb237_v2_ind_seed7005,6.2,0.557836,0.501053,0.598795,0.478992,0.665966,0.819328,0.997899,119.9286,0.941176,19.3761,0.886555,11.2353
feature_translation,roberta,sum,fb237_v2_ind_seed7006,6.1,0.559326,0.495745,0.60863,0.490364,0.670236,0.815846,0.993576,115.1221,0.96788,24.394,0.897216,11.0278
feature_translation,roberta,sum,fb237_v2_ind_seed7007,6.0,0.559179,0.468951,0.598838,0.480412,0.665979,0.814433,1.0,136.2969,0.946392,23.5732,0.880412,9.8289
feature_translation,roberta,sum,fb237_v2_ind_seed7008,6.0,0.565815,0.462845,0.589917,0.469345,0.657505,0.824524,0.997886,120.9873,0.964059,28.0465,0.92389,12.7188
feature_translation,roberta,sum,fb237_v2_ind_seed7009,6.2,0.563807,0.494647,0.583568,0.456897,0.659483,0.814655,0.99569,120.3944,0.950431,29.3836,0.918103,13.3103
feature_translation,roberta,sum,fb237_v2_ind_seed7010,6.0,0.560337,0.497826,0.598606,0.472458,0.677966,0.815678,0.993644,103.7585,0.957627,25.0975,0.896186,11.3411
feature_translation,roberta,sum,fb237_v3_ind_seed7001,12.0,0.56326,0.521387,0.599683,0.488558,0.655606,0.815789,0.993135,97.262,0.951945,26.7059,0.91762,13.2849
feature_translation,roberta,sum,fb237_v3_ind_seed7002,12.1,0.564383,0.51986,0.601081,0.5,0.647727,0.794318,0.995455,114.4295,0.967045,36.3966,0.906818,13.8534
feature_translation,roberta,sum,fb237_v3_ind_seed7003,11.8,0.559221,0.515643,0.609307,0.504556,0.668565,0.799544,0.985194,93.5456,0.961276,36.5774,0.904328,12.4647
feature_translation,roberta,sum,fb237_v3_ind_seed7004,12.3,0.553928,0.552,0.641001,0.545455,0.689113,0.837262,0.993266,91.44,0.948373,21.6543,0.902357,10.8328
feature_translation,roberta,sum,fb237_v3_ind_seed7005,12.2,0.565476,0.497136,0.600355,0.495413,0.659404,0.795872,0.995413,109.117,0.942661,27.3933,0.881881,13.0642
feature_translation,roberta,sum,fb237_v3_ind_seed7006,11.6,0.561468,0.504598,0.612077,0.514188,0.653802,0.804767,0.988649,108.3383,0.946652,28.0057,0.898978,12.7208
feature_translation,roberta,sum,fb237_v3_ind_seed7007,11.8,0.561951,0.484536,0.630902,0.529548,0.680185,0.837775,0.987254,82.336,0.95365,30.3013,0.918888,14.7497
feature_translation,roberta,sum,fb237_v3_ind_seed7008,11.7,0.561012,0.495381,0.620842,0.525597,0.666667,0.806598,0.989761,107.9556,0.944255,31.2651,0.881684,12.3982
feature_translation,roberta,sum,fb237_v3_ind_seed7009,11.6,0.558319,0.506897,0.606756,0.501152,0.663594,0.799539,0.996544,109.3583,0.948157,26.8479,0.897465,13.1394
feature_translation,roberta,sum,fb237_v3_ind_seed7010,11.6,0.562424,0.530822,0.603906,0.498848,0.664747,0.790323,1.0,107.25,0.948157,27.5495,0.891705,12.4389
DistMult,qwen,sum,fb237_v1_ind_seed7001,13.3,0.877817,0.595855,0.700405,0.514019,0.883178,0.948598,1.0,142.0,0.96729,24.3832,0.901869,4.4579
DistMult,qwen,sum,fb237_v1_ind_seed7002,10.5,0.808994,0.559242,0.647381,0.504673,0.752336,0.859813,0.948598,41.5047,0.915888,19.1495,0.831776,4.9626
DistMult,qwen,sum,fb237_v1_ind_seed7003,11.4,0.875755,0.553922,0.679449,0.509434,0.806604,0.938679,0.966981,52.9009,0.919811,13.2547,0.853774,4.5849
DistMult,qwen,sum,fb237_v1_ind_seed7004,10.8,0.872222,0.542056,0.696749,0.552381,0.828571,0.895238,1.0,142.0,0.938095,20.6905,0.890476,10.1619
DistMult,qwen,sum,fb237_v1_ind_seed7005,11.0,0.87683,0.558685,0.680735,0.5,0.852381,0.92381,0.990476,82.5286,0.928571,14.181,0.904762,7.4571
DistMult,qwen,sum,fb237_v1_ind_seed7006,10.9,0.871666,0.595122,0.702297,0.523585,0.863208,0.933962,1.0,142.0,0.948113,18.3491,0.882075,6.1321
DistMult,qwen,sum,fb237_v1_ind_seed7007,10.4,0.86858,0.557692,0.740719,0.580952,0.885714,0.938095,1.0,142.0,0.97619,42.0952,0.947619,8.9524
DistMult,qwen,sum,fb237_v1_ind_seed7008,10.8,0.868778,0.538462,0.729192,0.570048,0.859903,0.932367,0.995169,62.5024,0.966184,18.6667,0.922705,4.1643
DistMult,qwen,sum,fb237_v1_ind_seed7009,10.4,0.8725,0.558376,0.737154,0.57971,0.874396,0.94686,1.0,142.0,0.94686,22.5266,0.937198,8.3092
DistMult,qwen,sum,fb237_v1_ind_seed7010,11.0,0.873933,0.555024,0.734343,0.593137,0.852941,0.926471,1.0,142.0,0.97549,27.2843,0.872549,5.0196
DistMult,qwen,sum,fb237_v2_ind_seed7001,22.7,0.737146,0.537961,0.708537,0.5629,0.835821,0.933902,0.993603,90.4542,0.957356,18.9424,0.880597,3.4904
DistMult,qwen,sum,fb237_v2_ind_seed7002,23.1,0.828468,0.541756,0.701822,0.510417,0.895833,0.966667,0.995833,77.0917,0.964583,7.0312,0.929167,3.4583
DistMult,qwen,sum,fb237_v2_ind_seed7003,23.7,0.826663,0.528908,0.698476,0.522013,0.874214,0.949686,0.991614,82.6562,0.922432,5.4193,0.897275,3.2327
DistMult,qwen,sum,fb237_v2_ind_seed7004,24.2,0.760807,0.556769,0.678382,0.502128,0.840426,0.925532,0.991489,89.8723,0.953191,15.6851,0.893617,4.334
DistMult,qwen,sum,fb237_v2_ind_seed7005,23.6,0.825404,0.56,0.699193,0.518908,0.869748,0.960084,0.993697,54.5693,0.962185,9.8004,0.92437,4.0651
DistMult,qwen,sum,fb237_v2_ind_seed7006,23.8,0.816366,0.580851,0.68298,0.513919,0.856531,0.933619,0.989293,57.8201,0.948608,11.3062,0.877944,3.0428
DistMult,qwen,sum,fb237_v2_ind_seed7007,24.0,0.810145,0.56531,0.719691,0.552577,0.892784,0.956701,0.997938,52.3794,0.969072,9.1443,0.919588,3.0103
DistMult,qwen,sum,fb237_v2_ind_seed7008,24.5,0.820154,0.539278,0.688049,0.5074,0.862579,0.942918,0.980973,47.5201,0.94926,7.8816,0.896406,3.1501
DistMult,qwen,sum,fb237_v2_ind_seed7009,23.6,0.821677,0.543897,0.714412,0.549569,0.868534,0.950431,0.989224,73.2716,0.950431,7.0647,0.898707,3.2414
DistMult,qwen,sum,fb237_v2_ind_seed7010,23.5,0.832452,0.569565,0.713154,0.53178,0.887712,0.955508,0.989407,61.5424,0.949153,6.5593,0.915254,2.8877
DistMult,qwen,sum,fb237_v3_ind_seed7001,41.4,0.85834,0.620809,0.749801,0.606407,0.874142,0.964531,0.990847,39.2986,0.938215,4.6064,0.887872,2.4851
DistMult,qwen,sum,fb237_v3_ind_seed7002,42.5,0.858262,0.642523,0.750113,0.603409,0.881818,0.954545,0.9875,31.9114,0.930682,3.833,0.860227,2.0602
DistMult,qwen,sum,fb237_v3_ind_seed7003,43.2,0.853434,0.628042,0.749088,0.602506,0.876993,0.970387,0.993166,57.0615,0.949886,4.344,0.890661,2.3542
DistMult,qwen,sum,fb237_v3_ind_seed7004,42.3,0.856058,0.627429,0.758929,0.611672,0.900112,0.961841,0.989899,30.4658,0.945006,4.9495,0.895623,2.4613
DistMult,qwen,sum,fb237_v3_ind_seed7005,44.3,0.861066,0.617411,0.74254,0.590596,0.875,0.957569,0.990826,49.1307,0.931193,4.8337,0.886468,2.4427
DistMult,qwen,sum,fb237_v3_ind_seed7006,42.1,0.858516,0.616092,0.756362,0.607264,0.884222,0.970488,0.989784,25.8252,0.929625,3.4495,0.884222,2.3507
DistMult,qwen,sum,fb237_v3_ind_seed7007,43.3,0.848129,0.608247,0.755748,0.617613,0.878331,0.960603,0.997683,41.9594,0.960603,6.0869,0.895713,2.4623
DistMult,qwen,sum,fb237_v3_ind_seed7008,50.7,0.850379,0.622402,0.757776,0.606371,0.898749,0.972696,0.993174,58.0944,0.964733,5.6314,0.914676,2.76
DistMult,qwen,sum,fb237_v3_ind_seed7009,43.1,0.854575,0.617241,0.764925,0.616359,0.89977,0.965438,0.998848,67.9712,0.949309,4.6728,0.90553,2.4286
DistMult,qwen,sum,fb237_v3_ind_seed7010,41.8,0.851211,0.614155,0.769629,0.619816,0.912442,0.968894,0.99424,38.7546,0.964286,5.5588,0.921659,2.5403
DistMult,roberta,sum,fb237_v1_ind_seed7001,10.2,0.877316,0.564767,0.645663,0.429907,0.836449,0.953271,0.995327,82.8037,0.971963,26.4766,0.901869,5.2196
DistMult,roberta,sum,fb237_v1_ind_seed7002,11.3,0.875695,0.516588,0.660881,0.495327,0.808411,0.911215,0.981308,74.3411,0.897196,16.0093,0.864486,6.3364
DistMult,roberta,sum,fb237_v1_ind_seed7003,10.7,0.857646,0.578431,0.645178,0.471698,0.806604,0.896226,1.0,142.0,0.924528,28.4387,0.863208,10.6179
DistMult,roberta,sum,fb237_v1_ind_seed7004,11.5,0.872727,0.495327,0.71607,0.571429,0.838095,0.92381,1.0,142.0,0.947619,37.3571,0.904762,11.219
DistMult,roberta,sum,fb237_v1_ind_seed7005,11.4,0.877839,0.553991,0.684553,0.504762,0.852381,0.92381,1.0,142.0,0.952381,18.9286,0.919048,9.319
DistMult,roberta,sum,fb237_v1_ind_seed7006,10.8,0.871163,0.570732,0.681235,0.509434,0.820755,0.929245,1.0,142.0,0.966981,26.8443,0.891509,6.2783
DistMult,roberta,sum,fb237_v1_ind_seed7007,10.6,0.820242,0.572115,0.73626,0.585714,0.866667,0.938095,0.990476,117.4143,0.966667,49.4048,0.928571,7.5476
DistMult,roberta,sum,fb237_v1_ind_seed7008,10.9,0.825038,0.504808,0.729732,0.584541,0.869565,0.922705,0.995169,117.2947,0.951691,20.2029,0.917874,11.5797
DistMult,roberta,sum,fb237_v1_ind_seed7009,11.0,0.8745,0.553299,0.716123,0.560386,0.84058,0.942029,1.0,85.7826,0.927536,12.8937,0.898551,6.3285
DistMult,roberta,sum,fb237_v1_ind_seed7010,10.6,0.874435,0.550239,0.686683,0.519608,0.828431,0.906863,1.0,142.0,0.965686,26.9608,0.882353,7.7794
DistMult,roberta,sum,fb237_v2_ind_seed7001,23.9,0.817155,0.518438,0.675725,0.49467,0.848614,0.942431,0.991471,70.7313,0.953092,15.113,0.895522,4.0448
DistMult,roberta,sum,fb237_v2_ind_seed7002,24.1,0.830881,0.518201,0.68468,0.510417,0.847917,0.929167,0.989583,80.4958,0.927083,10.05,0.889583,4.5396
DistMult,roberta,sum,fb237_v2_ind_seed7003,25.1,0.830762,0.520343,0.699592,0.528302,0.855346,0.947589,0.985325,57.2285,0.951782,8.4948,0.890985,3.6688
DistMult,roberta,sum,fb237_v2_ind_seed7004,23.3,0.831652,0.532751,0.655431,0.468085,0.838298,0.910638,0.985106,53.1553,0.955319,17.4064,0.889362,5.4043
DistMult,roberta,sum,fb237_v2_ind_seed7005,24.0,0.832166,0.528421,0.694151,0.512605,0.863445,0.951681,0.993697,90.8782,0.966387,14.8613,0.920168,4.4559
DistMult,roberta,sum,fb237_v2_ind_seed7006,24.5,0.830566,0.546809,0.686844,0.513919,0.850107,0.93576,0.997859,74.0128,0.946467,9.7216,0.901499,3.94
DistMult,roberta,sum,fb237_v2_ind_seed7007,24.0,0.831884,0.537473,0.704859,0.529897,0.884536,0.952577,0.993814,72.8289,0.964948,9.7794,0.925773,4.7402
DistMult,roberta,sum,fb237_v2_ind_seed7008,24.4,0.836548,0.532909,0.670244,0.48203,0.841438,0.932347,0.991543,84.4017,0.947146,11.0486,0.896406,4.0973
DistMult,roberta,sum,fb237_v2_ind_seed7009,24.0,0.831771,0.522484,0.686114,0.512931,0.853448,0.946121,0.987069,69.306,0.93319,8.4698,0.894397,3.7996
DistMult,roberta,sum,fb237_v2_ind_seed7010,23.4,0.818029,0.56087,0.698696,0.521186,0.868644,0.940678,0.995763,105.9513,0.942797,9.5169,0.900424,3.4958
DistMult,roberta,sum,fb237_v3_ind_seed7001,41.2,0.8382,0.609249,0.72671,0.578947,0.853547,0.950801,0.989703,42.0332,0.950801,7.0984,0.891304,3.0675
DistMult,roberta,sum,fb237_v3_ind_seed7002,50.3,0.842724,0.619159,0.732808,0.586364,0.8625,0.95,0.986364,38.1966,0.934091,6.3625,0.897727,3.1466
DistMult,roberta,sum,fb237_v3_ind_seed7003,42.6,0.851406,0.623407,0.741116,0.591116,0.878132,0.960137,0.987472,33.8895,0.93508,4.262,0.872437,2.4077
DistMult,roberta,sum,fb237_v3_ind_seed7004,43.5,0.821055,0.632,0.739675,0.604938,0.855219,0.94725,0.994388,61.0651,0.95174,7.3996,0.892256,3.1145
DistMult,roberta,sum,fb237_v3_ind_seed7005,43.7,0.855925,0.613975,0.717807,0.571101,0.852064,0.946101,0.985092,46.1961,0.940367,6.4644,0.883028,3.1823
DistMult,roberta,sum,fb237_v3_ind_seed7006,41.6,0.84782,0.606897,0.747548,0.611805,0.854711,0.967083,0.988649,43.7389,0.942111,5.3258,0.894438,2.9546
DistMult,roberta,sum,fb237_v3_ind_seed7007,42.3,0.853398,0.608247,0.74904,0.607184,0.876014,0.965238,0.993048,32.6964,0.945539,5.898,0.906141,2.7161
DistMult,roberta,sum,fb237_v3_ind_seed7008,40.9,0.845238,0.622402,0.738403,0.588168,0.866894,0.955631,0.995449,65.6871,0.94653,6.2264,0.889647,2.9431
DistMult,roberta,sum,fb237_v3_ind_seed7009,40.4,0.854034,0.610345,0.751,0.607143,0.882488,0.956221,0.996544,75.7293,0.965438,9.5772,0.89977,3.0403
DistMult,roberta,sum,fb237_v3_ind_seed7010,42.6,0.859597,0.627854,0.753074,0.60023,0.894009,0.963134,0.996544,66.2742,0.965438,7.4482,0.922811,3.2569
ComplEx,qwen,sum,fb237_v1_ind_seed7001,10.7,0.875814,0.580311,0.704057,0.514019,0.883178,0.953271,1.0,142.0,0.953271,15.4766,0.920561,6.6215
ComplEx,qwen,sum,fb237_v1_ind_seed7002,11.1,0.840829,0.540284,0.634773,0.46729,0.78972,0.869159,0.957944,63.6028,0.920561,18.4112,0.878505,7.1168
ComplEx,qwen,sum,fb237_v1_ind_seed7003,11.1,0.874245,0.563725,0.680241,0.514151,0.816038,0.919811,0.985849,78.5566,0.896226,12.4858,0.811321,3.6368
ComplEx,qwen,sum,fb237_v1_ind_seed7004,10.7,0.871717,0.546729,0.716155,0.580952,0.828571,0.919048,0.985714,77.5095,0.933333,19.5238,0.890476,8.3143
ComplEx,qwen,sum,fb237_v1_ind_seed7005,11.2,0.878344,0.56338,0.674328,0.480952,0.842857,0.928571,1.0,142.0,0.938095,15.7476,0.895238,8.3429
ComplEx,qwen,sum,fb237_v1_ind_seed7006,10.8,0.872672,0.57561,0.727224,0.566038,0.872642,0.938679,1.0,142.0,0.966981,19.9009,0.910377,8.8396
ComplEx,qwen,sum,fb237_v1_ind_seed7007,10.9,0.870594,0.5625,0.754629,0.6,0.9,0.957143,1.0,142.0,0.97619,24.2714,0.957143,10.3524
ComplEx,qwen,sum,fb237_v1_ind_seed7008,10.7,0.872298,0.548077,0.734835,0.57971,0.879227,0.942029,1.0,142.0,0.975845,17.9807,0.927536,7.0966
ComplEx,qwen,sum,fb237_v1_ind_seed7009,11.3,0.874,0.553299,0.72639,0.570048,0.879227,0.937198,1.0,142.0,0.966184,27.8744,0.932367,7.9855
ComplEx,qwen,sum,fb237_v1_ind_seed7010,11.3,0.874937,0.574163,0.718141,0.563725,0.848039,0.916667,1.0,142.0,0.97549,17.8824,0.887255,5.299
ComplEx,qwen,sum,fb237_v2_ind_seed7001,24.4,0.801057,0.535792,0.696436,0.518124,0.867804,0.957356,0.997868,114.9787,0.965885,16.6354,0.906183,3.5203
ComplEx,qwen,sum,fb237_v2_ind_seed7002,24.2,0.824125,0.546039,0.713826,0.541667,0.875,0.96875,0.995833,58.0104,0.95625,6.0938,0.920833,3.5417
ComplEx,qwen,sum,fb237_v2_ind_seed7003,25.4,0.796046,0.546039,0.690602,0.515723,0.844864,0.939203,0.993711,82.3669,0.924528,7.0818,0.890985,3.522
ComplEx,qwen,sum,fb237_v2_ind_seed7004,25.9,0.790346,0.534934,0.671149,0.497872,0.829787,0.923404,0.980851,68.1638,0.934043,12.2979,0.902128,4.3574
ComplEx,qwen,sum,fb237_v2_ind_seed7005,24.6,0.828061,0.562105,0.711062,0.537815,0.869748,0.960084,0.995798,52.1534,0.953782,8.9622,0.905462,3.5378
ComplEx,qwen,sum,fb237_v2_ind_seed7006,25.2,0.825271,0.570213,0.6875,0.513919,0.856531,0.940043,0.991435,63.9186,0.950749,8.863,0.867238,3.0257
ComplEx,qwen,sum,fb237_v2_ind_seed7007,25.7,0.827053,0.556745,0.725589,0.550515,0.905155,0.964948,0.993814,42.6495,0.958763,7.2289,0.923711,3.1464
ComplEx,qwen,sum,fb237_v2_ind_seed7008,26.0,0.831244,0.535032,0.693555,0.515856,0.866808,0.938689,0.987315,71.0825,0.955603,9.2537,0.911205,3.4186
ComplEx,qwen,sum,fb237_v2_ind_seed7009,25.1,0.828407,0.554604,0.704491,0.528017,0.87069,0.950431,0.987069,79.5259,0.94181,6.7047,0.900862,3.4612
ComplEx,qwen,sum,fb237_v2_ind_seed7010,24.6,0.821394,0.573913,0.710407,0.536017,0.885593,0.959746,0.997881,88.322,0.966102,10.7097,0.894068,2.75
ComplEx,qwen,sum,fb237_v3_ind_seed7001,44.8,0.855501,0.625434,0.746694,0.599542,0.870709,0.967963,0.994279,45.0675,0.941648,4.0538,0.887872,2.3764
ComplEx,qwen,sum,fb237_v3_ind_seed7002,45.2,0.85502,0.641355,0.747891,0.598864,0.885227,0.957955,0.984091,23.6386,0.920455,3.5705,0.863636,2.2045
ComplEx,qwen,sum,fb237_v3_ind_seed7003,44.5,0.837074,0.63847,0.742862,0.591116,0.874715,0.965831,0.993166,41.9966,0.936219,3.7016,0.894077,2.3724
ComplEx,qwen,sum,fb237_v3_ind_seed7004,45.1,0.857957,0.633143,0.763303,0.624018,0.894501,0.961841,0.992144,32.6813,0.948373,5.4736,0.896745,2.4747
ComplEx,qwen,sum,fb237_v3_ind_seed7005,45.9,0.858902,0.616266,0.734006,0.584862,0.861239,0.957569,0.993119,42.4667,0.927752,4.0975,0.884174,2.492
ComplEx,qwen,sum,fb237_v3_ind_seed7006,44.5,0.860412,0.606897,0.759643,0.61748,0.881952,0.965948,0.987514,27.0692,0.937571,3.9659,0.889898,2.3133
ComplEx,qwen,sum,fb237_v3_ind_seed7007,44.9,0.858262,0.617411,0.755697,0.612978,0.874855,0.969873,0.995365,30.591,0.950174,5.3071,0.889919,2.4403
ComplEx,qwen,sum,fb237_v3_ind_seed7008,44.3,0.836174,0.623557,0.759552,0.615472,0.887372,0.964733,0.992036,62.7406,0.959044,6.7452,0.919226,2.7065
ComplEx,qwen,sum,fb237_v3_ind_seed7009,45.6,0.834437,0.61954,0.762963,0.623272,0.885945,0.963134,0.996544,48.9885,0.957373,6.212,0.910138,2.644
ComplEx,qwen,sum,fb237_v3_ind_seed7010,44.8,0.85838,0.610731,0.76738,0.614055,0.91129,0.97235,0.995392,33.0288,0.963134,5.0876,0.930876,2.4908
ComplEx,roberta,sum,fb237_v1_ind_seed7001,10.7,0.791688,0.585492,0.650185,0.46729,0.799065,0.901869,0.995327,123.2523,0.96729,38.1589,0.911215,12.1028
ComplEx,roberta,sum,fb237_v1_ind_seed7002,11.5,0.852956,0.530806,0.634456,0.476636,0.747664,0.878505,0.971963,78.257,0.925234,29.5234,0.850467,10.0327
ComplEx,roberta,sum,fb237_v1_ind_seed7003,10.7,0.872736,0.578431,0.658304,0.495283,0.79717,0.919811,1.0,142.0,0.929245,19.9104,0.872642,9.3491
ComplEx,roberta,sum,fb237_v1_ind_seed7004,11.8,0.872222,0.490654,0.716737,0.566667,0.842857,0.92381,1.0,142.0,0.942857,36.0952,0.885714,6.5476
ComplEx,roberta,sum,fb237_v1_ind_seed7005,11.6,0.87683,0.568075,0.690242,0.514286,0.847619,0.92381,1.0,142.0,0.947619,14.2619,0.9,7.4857
ComplEx,roberta,sum,fb237_v1_ind_seed7006,10.9,0.871163,0.536585,0.682761,0.504717,0.834906,0.948113,1.0,142.0,0.990566,48.0849,0.919811,6.1557
ComplEx,roberta,sum,fb237_v1_ind_seed7007,11.0,0.839376,0.605769,0.727433,0.57619,0.87619,0.933333,1.0,142.0,0.961905,34.5429,0.933333,9.1143
ComplEx,roberta,sum,fb237_v1_ind_seed7008,10.9,0.874811,0.495192,0.726915,0.560386,0.884058,0.94686,1.0,142.0,0.975845,38.8792,0.888889,5.2126
ComplEx,roberta,sum,fb237_v1_ind_seed7009,11.0,0.8745,0.548223,0.702772,0.541063,0.84058,0.927536,1.0,142.0,0.961353,28.7246,0.913043,8.942
ComplEx,roberta,sum,fb237_v1_ind_seed7010,11.1,0.87343,0.578947,0.700934,0.544118,0.833333,0.936275,1.0,142.0,0.965686,28.098,0.911765,11.4804
ComplEx,roberta,sum,fb237_v2_ind_seed7001,26.1,0.832773,0.509761,0.701313,0.530917,0.857143,0.946695,0.995736,62.1684,0.970149,15.9616,0.914712,4.8593
ComplEx,roberta,sum,fb237_v2_ind_seed7002,25.3,0.806755,0.524625,0.688303,0.522917,0.841667,0.91875,0.98125,64.35,0.935417,11.8271,0.88125,4.3333
ComplEx,roberta,sum,fb237_v2_ind_seed7003,24.6,0.831485,0.524625,0.692758,0.519916,0.851153,0.958071,0.987421,76.1006,0.953878,10.0419,0.903564,4.348
ComplEx,roberta,sum,fb237_v2_ind_seed7004,25.0,0.798271,0.532751,0.652377,0.476596,0.823404,0.9,0.982979,60.7596,0.953191,20.6532,0.885106,5.7511
ComplEx,roberta,sum,fb237_v2_ind_seed7005,25.4,0.785559,0.543158,0.69143,0.52521,0.844538,0.936975,0.995798,89.5042,0.968487,24.9454,0.930672,6.5063
ComplEx,roberta,sum,fb237_v2_ind_seed7006,26.2,0.830325,0.544681,0.68428,0.505353,0.85439,0.937901,0.997859,77.985,0.955032,10.666,0.899358,3.9957
ComplEx,roberta,sum,fb237_v2_ind_seed7007,24.6,0.833092,0.528908,0.716353,0.540206,0.894845,0.960825,0.997938,76.6247,0.969072,10.8948,0.931959,4.8804
ComplEx,roberta,sum,fb237_v2_ind_seed7008,24.5,0.830039,0.541401,0.687809,0.5074,0.854123,0.936575,0.993658,81.5708,0.947146,10.6469,0.887949,3.7844
ComplEx,roberta,sum,fb237_v2_ind_seed7009,24.3,0.831291,0.522484,0.681125,0.508621,0.844828,0.946121,0.99569,74.0991,0.950431,11.0797,0.883621,3.625
ComplEx,roberta,sum,fb237_v2_ind_seed7010,25.3,0.807452,0.569565,0.70379,0.544492,0.855932,0.927966,0.993644,89.678,0.949153,13.697,0.879237,3.2712
ComplEx,roberta,sum,fb237_v3_ind_seed7001,44.0,0.821438,0.60578,0.733429,0.591533,0.846682,0.962243,0.989703,44.4176,0.950801,6.9039,0.907323,3.2815
ComplEx,roberta,sum,fb237_v3_ind_seed7002,45.2,0.824889,0.633178,0.728075,0.586364,0.840909,0.948864,0.978409,26.683,0.931818,6.6102,0.882955,3.0761
ComplEx,roberta,sum,fb237_v3_ind_seed7003,45.7,0.856003,0.617613,0.745323,0.601367,0.871298,0.954442,0.986333,32.459,0.931663,4.426,0.88041,2.5968
ComplEx,roberta,sum,fb237_v3_ind_seed7004,45.9,0.820377,0.627429,0.741415,0.604938,0.854097,0.948373,0.995511,73.44,0.953984,10.0325,0.900112,3.3737
ComplEx,roberta,sum,fb237_v3_ind_seed7005,46.3,0.855114,0.621993,0.720736,0.569954,0.856651,0.942661,0.983945,49.3486,0.933486,5.6628,0.877294,2.8475
ComplEx,roberta,sum,fb237_v3_ind_seed7006,43.3,0.859464,0.598851,0.754233,0.618615,0.864926,0.959137,0.990919,50.4154,0.940976,5.5244,0.903519,2.8854
ComplEx,roberta,sum,fb237_v3_ind_seed7007,45.3,0.85556,0.604811,0.741937,0.592121,0.873696,0.967555,0.989571,39.489,0.955968,7.686,0.917729,2.9235
ComplEx,roberta,sum,fb237_v3_ind_seed7008,42.9,0.839421,0.632794,0.747569,0.610922,0.863481,0.944255,0.994312,81.5404,0.947668,6.6234,0.883959,2.9147
ComplEx,roberta,sum,fb237_v3_ind_seed7009,42.9,0.828761,0.611494,0.747424,0.610599,0.862903,0.958525,0.99424,72.8053,0.967742,10.2131,0.903226,3.3618
ComplEx,roberta,sum,fb237_v3_ind_seed7010,45.0,0.855674,0.621005,0.757688,0.604839,0.897465,0.959677,1.0,183.0,0.959677,7.2362,0.921659,3.159
IMC,qwen,sum,fb237_v1_ind_seed7001,170.6,0.861292,0.73057,0.828995,0.719626,0.925234,0.976636,1.0,22.8458,0.957944,3.5421,0.939252,2.4393
IMC,qwen,sum,fb237_v1_ind_seed7002,156.4,0.861546,0.720379,0.772135,0.663551,0.85514,0.953271,0.976636,11.7944,0.911215,3.4159,0.813084,1.8271
IMC,qwen,sum,fb237_v1_ind_seed7003,159.6,0.842555,0.740196,0.807758,0.698113,0.90566,0.976415,0.995283,28.9575,0.95283,3.5708,0.867925,1.7689
IMC,qwen,sum,fb237_v1_ind_seed7004,168.7,0.866162,0.67757,0.817468,0.709524,0.904762,0.97619,0.990476,22.3667,0.952381,3.9571,0.909524,2.4857
IMC,qwen,sum,fb237_v1_ind_seed7005,160.3,0.869258,0.70892,0.814067,0.7,0.928571,0.995238,1.0,77.7571,0.971429,4.0524,0.871429,1.9
IMC,qwen,sum,fb237_v1_ind_seed7006,156.8,0.872672,0.731707,0.815981,0.707547,0.919811,0.971698,0.995283,22.8349,0.985849,6.3821,0.929245,2.5755
IMC,qwen,sum,fb237_v1_ind_seed7007,158.9,0.871098,0.711538,0.849186,0.747619,0.942857,0.990476,1.0,35.3048,0.980952,4.981,0.961905,2.7571
IMC,qwen,sum,fb237_v1_ind_seed7008,158.8,0.877325,0.701923,0.811317,0.700483,0.908213,0.956522,1.0,53.8019,0.951691,3.6715,0.927536,2.3188
IMC,qwen,sum,fb237_v1_ind_seed7009,157.1,0.8755,0.685279,0.820511,0.719807,0.913043,0.975845,0.995169,12.1884,0.932367,3.4155,0.908213,2.3575
IMC,qwen,sum,fb237_v1_ind_seed7010,167.8,0.861878,0.722488,0.800269,0.681373,0.901961,0.97549,0.995098,14.4216,0.931373,3.2892,0.877451,2.1961
IMC,roberta,sum,fb237_v1_ind_seed7001,208.2,0.86029,0.725389,0.812398,0.686916,0.925234,0.985981,0.985981,8.9439,0.971963,3.5327,0.934579,2.1682
IMC,roberta,sum,fb237_v1_ind_seed7002,209.1,0.856998,0.734597,0.745369,0.616822,0.864486,0.953271,0.995327,32.8692,0.943925,4.6636,0.859813,2.3318
IMC,roberta,sum,fb237_v1_ind_seed7003,202.1,0.857646,0.715686,0.780439,0.650943,0.900943,0.976415,1.0,16.3679,0.95283,4.5,0.910377,2.6226
IMC,roberta,sum,fb237_v1_ind_seed7004,202.4,0.864646,0.654206,0.835091,0.747619,0.919048,0.971429,0.995238,14.7524,0.952381,5.2429,0.919048,2.1619
IMC,roberta,sum,fb237_v1_ind_seed7005,202.8,0.854619,0.71831,0.819353,0.7,0.928571,0.985714,0.995238,26.1143,0.957143,3.4,0.919048,2.2048
IMC,roberta,sum,fb237_v1_ind_seed7006,214.5,0.847509,0.712195,0.801904,0.679245,0.90566,0.962264,1.0,44.4151,0.966981,4.7075,0.896226,2.0519
IMC,roberta,sum,fb237_v1_ind_seed7007,200.1,0.873615,0.716346,0.814552,0.690476,0.92381,0.990476,1.0,23.1667,0.957143,3.4571,0.92381,2.1333
IMC,roberta,sum,fb237_v1_ind_seed7008,207.5,0.868778,0.658654,0.830193,0.729469,0.913043,0.980676,1.0,22.5604,0.971014,4.2367,0.917874,2.2319
IMC,roberta,sum,fb237_v1_ind_seed7009,200.7,0.87,0.680203,0.805419,0.676329,0.927536,0.995169,1.0,83.5652,0.971014,3.4155,0.917874,1.8986
IMC,roberta,sum,fb237_v1_ind_seed7010,206.8,0.859367,0.746411,0.795753,0.671569,0.901961,0.970588,1.0,30.8186,0.97549,6.1176,0.901961,2.0245
IMC,qwen,sum,fb237_v2_ind_seed7001,431.9,0.859443,0.689805,0.808151,0.684435,0.929638,0.98081,1.0,23.9851,0.948827,2.693,0.901919,1.8188
IMC,qwen,sum,fb237_v2_ind_seed7002,412.3,0.838842,0.700214,0.812554,0.69375,0.922917,0.975,0.985417,10.7771,0.964583,3.6042,0.908333,1.8604
IMC,qwen,sum,fb237_v2_ind_seed7003,423.0,0.841128,0.695931,0.805855,0.683438,0.920335,0.983229,1.0,24.1006,0.955975,3.6457,0.886792,1.7987
IMC,qwen,sum,fb237_v2_ind_seed7004,399.8,0.846302,0.681223,0.78223,0.655319,0.895745,0.97234,0.993617,32.0511,0.925532,2.5085,0.851064,1.6638
IMC,qwen,sum,fb237_v2_ind_seed7005,413.6,0.838928,0.711579,0.80112,0.668067,0.920168,0.976891,1.0,25.4874,0.939076,2.7206,0.897059,1.6408
IMC,qwen,sum,fb237_v2_ind_seed7006,404.7,0.858002,0.702128,0.793414,0.670236,0.905782,0.972163,0.993576,19.3876,0.957173,3.1734,0.875803,1.6874
IMC,qwen,sum,fb237_v2_ind_seed7007,416.9,0.854831,0.698073,0.807171,0.682474,0.913402,0.983505,1.0,20.6763,0.938144,2.3361,0.896907,1.701
IMC,qwen,sum,fb237_v2_ind_seed7008,457.7,0.8527,0.675159,0.803947,0.676533,0.92389,0.97463,0.995772,19.2431,0.966173,4.1734,0.902748,1.814
IMC,qwen,sum,fb237_v2_ind_seed7009,423.3,0.844028,0.67666,0.798674,0.674569,0.918103,0.971983,0.993534,21.7306,0.935345,2.4353,0.894397,1.7716
IMC,qwen,sum,fb237_v2_ind_seed7010,430.8,0.825481,0.713043,0.820435,0.70339,0.930085,0.974576,0.991525,16.0805,0.949153,2.9788,0.904661,1.6462
IMC,roberta,sum,fb237_v2_ind_seed7001,405.1,0.821961,0.672451,0.799284,0.675906,0.91258,0.976546,0.995736,20.1215,0.927505,2.6141,0.884861,1.7974
IMC,roberta,sum,fb237_v2_ind_seed7002,397.6,0.826297,0.674518,0.790759,0.672917,0.902083,0.960417,0.975,9.1292,0.9375,3.4917,0.883333,1.9583
IMC,roberta,sum,fb237_v2_ind_seed7003,373.7,0.801591,0.668094,0.795605,0.677149,0.899371,0.974843,0.997904,37.1908,0.951782,4.3019,0.901468,2.2201
IMC,roberta,sum,fb237_v2_ind_seed7004,397.0,0.84318,0.679039,0.779428,0.651064,0.893617,0.957447,0.987234,22.7128,0.923404,2.9426,0.887234,1.9149
IMC,roberta,sum,fb237_v2_ind_seed7005,411.1,0.83772,0.705263,0.808396,0.684874,0.92437,0.981092,1.0,32.4433,0.962185,3.4622,0.905462,1.9622
IMC,roberta,sum,fb237_v2_ind_seed7006,408.4,0.840193,0.693617,0.794332,0.663812,0.907923,0.974304,0.989293,16.3876,0.963597,4.0857,0.916488,2.3319
IMC,roberta,sum,fb237_v2_ind_seed7007,385.4,0.807729,0.672377,0.792705,0.670103,0.903093,0.981443,0.995876,16.4536,0.929897,3.1773,0.868041,1.8474
IMC,roberta,sum,fb237_v2_ind_seed7008,386.0,0.829074,0.675159,0.793359,0.674419,0.892178,0.966173,0.991543,20.3404,0.961945,4.3679,0.892178,1.9894
IMC,roberta,sum,fb237_v2_ind_seed7009,383.8,0.855564,0.640257,0.775954,0.644397,0.887931,0.971983,0.991379,25.3772,0.939655,3.2091,0.896552,2.1573
IMC,roberta,sum,fb237_v2_ind_seed7010,385.5,0.816346,0.708696,0.792329,0.65678,0.923729,0.972458,0.980932,10.7394,0.949153,2.8814,0.891949,1.7691
IMC,qwen,sum,fb237_v3_ind_seed7001,739.6,0.859151,0.74104,0.819555,0.718238,0.924485,0.987414,0.993135,11.7838,0.962243,3.0217,0.882151,1.5778
IMC,qwen,sum,fb237_v3_ind_seed7002,736.1,0.875152,0.748832,0.818955,0.715909,0.918182,0.980682,0.982955,6.4625,0.930682,2.1182,0.864773,1.5091
IMC,qwen,sum,fb237_v3_ind_seed7003,739.4,0.87358,0.752028,0.816667,0.711595,0.925968,0.985194,0.986333,6.1982,0.941913,2.2585,0.898633,1.6014
IMC,qwen,sum,fb237_v3_ind_seed7004,734.3,0.866233,0.747429,0.833602,0.73064,0.929293,0.984287,0.995511,10.2637,0.958474,3.1291,0.912458,1.6712
IMC,qwen,sum,fb237_v3_ind_seed7005,723.1,0.859984,0.728522,0.819623,0.715596,0.911697,0.972477,0.994266,13.75,0.926606,2.453,0.899083,1.7661
IMC,qwen,sum,fb237_v3_ind_seed7006,737.8,0.869483,0.722989,0.825358,0.716232,0.929625,0.979569,0.982974,6.3212,0.938706,2.1964,0.886493,1.5426
IMC,qwen,sum,fb237_v3_ind_seed7007,729.2,0.841778,0.725086,0.836399,0.74044,0.924681,0.983778,0.993048,11.5585,0.961761,2.9525,0.904983,1.7683
IMC,qwen,sum,fb237_v3_ind_seed7008,721.7,0.849161,0.729792,0.843694,0.745165,0.940842,0.98066,0.993174,12.3902,0.96587,2.7782,0.922639,1.7167
IMC,qwen,sum,fb237_v3_ind_seed7009,732.0,0.85025,0.725287,0.825992,0.718894,0.922811,0.986175,0.99424,15.7143,0.948157,2.6452,0.897465,1.6475
IMC,qwen,sum,fb237_v3_ind_seed7010,727.5,0.857433,0.704338,0.839939,0.736175,0.935484,0.986175,0.998848,15.7592,0.973502,2.9171,0.920507,1.7903
IMC,roberta,sum,fb237_v3_ind_seed7001,738.2,0.831441,0.723699,0.818736,0.710526,0.915332,0.981693,0.994279,12.9542,0.965675,3.3227,0.901602,1.7414
IMC,roberta,sum,fb237_v3_ind_seed7002,735.5,0.837725,0.735981,0.804318,0.697727,0.889773,0.980682,0.989773,8.4295,0.945455,3.0557,0.875,1.7841
IMC,roberta,sum,fb237_v3_ind_seed7003,719.3,0.831801,0.74044,0.807951,0.698178,0.90205,0.976082,0.993166,10.115,0.936219,2.5911,0.889522,1.7551
IMC,roberta,sum,fb237_v3_ind_seed7004,776.7,0.849139,0.736,0.817608,0.709315,0.915825,0.973064,0.993266,13.6207,0.965208,4.1414,0.914703,1.9136
IMC,roberta,sum,fb237_v3_ind_seed7005,717.2,0.843209,0.720504,0.800144,0.694954,0.891055,0.966743,0.987385,10.7511,0.940367,3.031,0.884174,1.8739
IMC,roberta,sum,fb237_v3_ind_seed7006,726.7,0.833875,0.713793,0.816589,0.710556,0.911464,0.970488,0.990919,13.6629,0.931896,2.2985,0.888763,1.6822
IMC,roberta,sum,fb237_v3_ind_seed7007,722.2,0.838535,0.718213,0.828819,0.733488,0.9073,0.975666,0.99073,9.8065,0.949015,2.9745,0.906141,1.8633
IMC,roberta,sum,fb237_v3_ind_seed7008,779.6,0.824675,0.733256,0.814195,0.70876,0.908987,0.974972,1.0,37.066,0.952218,3.1081,0.891923,1.818
IMC,roberta,sum,fb237_v3_ind_seed7009,777.7,0.835789,0.721839,0.817311,0.715438,0.904378,0.970046,0.995392,18.9251,0.968894,4.8157,0.906682,1.9412
IMC,roberta,sum,fb237_v3_ind_seed7010,717.0,0.846341,0.703196,0.826482,0.721198,0.927419,0.975806,0.99424,15.4654,0.963134,3.8076,0.918203,1.924
