model,aggregation,version,k,lambda,bias,seed,valid_acc,test_acc,train_acc,valid_mrr,test_mrr,hits_1,hits_3,hits_10,train_time,convergence
qwen,sum,fb237_v3_ind_seed7001,50,1.0,16,7001,0.6821,0.6407,0.8646,0.7904,0.7607,0.6407,0.8684,0.9485,253.2,Reach max iteration 50 | best_iter=2
qwen,sum,fb237_v3_ind_seed7005,50,1.0,16,7005,0.6598,0.6388,0.8835,0.7765,0.7662,0.6388,0.8853,0.9518,238.3,Reach max iteration 50 | best_iter=2
qwen,sum,fb237_v3_ind_seed7009,50,1.0,16,7009,0.6598,0.6855,0.8767,0.7757,0.7967,0.6855,0.8975,0.9677,238.6,Reach max iteration 50 | best_iter=2
qwen,sum,fb237_v3_ind_seed7001,50,1.0,32,7001,0.6855,0.6465,0.8281,0.7897,0.7638,0.6465,0.8638,0.9542,236.5,Reach max iteration 50 | best_iter=2
qwen,sum,fb237_v3_ind_seed7005,50,1.0,32,7005,0.6701,0.6422,0.8822,0.7874,0.7658,0.6422,0.8784,0.9415,238.6,Reach max iteration 50 | best_iter=2
qwen,sum,fb237_v3_ind_seed7009,50,1.0,32,7009,0.6816,0.6843,0.8667,0.7894,0.79,0.6843,0.879,0.9585,238.1,Reach max iteration 50 | best_iter=2
qwen,sum,fb237_v3_ind_seed7001,50,1.0,48,7001,0.6671,0.6522,0.877,0.7833,0.7715,0.6522,0.8787,0.9554,234.7,Reach max iteration 50 | best_iter=2
qwen,sum,fb237_v3_ind_seed7005,50,1.0,48,7005,0.6712,0.6548,0.8892,0.7907,0.7765,0.6548,0.8899,0.9587,232.5,Reach max iteration 50 | best_iter=2
qwen,sum,fb237_v3_ind_seed7009,50,1.0,48,7009,0.6724,0.6763,0.8827,0.7866,0.7921,0.6763,0.8952,0.962,232.7,Reach max iteration 50 | best_iter=2
qwen,sum,fb237_v3_ind_seed7001,50,1.0,64,7001,0.7133,0.6659,0.8528,0.8097,0.7789,0.6659,0.8707,0.9554,229.2,Reach max iteration 50 | best_iter=3
qwen,sum,fb237_v3_ind_seed7005,50,1.0,64,7005,0.6838,0.6709,0.8627,0.7934,0.783,0.6709,0.8807,0.9518,234.6,Reach max iteration 50 | best_iter=2
qwen,sum,fb237_v3_ind_seed7009,50,1.0,64,7009,0.6805,0.7062,0.8265,0.7897,0.8121,0.7062,0.909,0.9677,231.1,Reach max iteration 50 | best_iter=2
qwen,sum,fb237_v3_ind_seed7001,50,1.0,80,7001,0.6821,0.6453,0.8863,0.7933,0.7679,0.6453,0.8696,0.9611,233.5,Reach max iteration 50 | best_iter=2
qwen,sum,fb237_v3_ind_seed7005,50,1.0,80,7005,0.6621,0.6502,0.8881,0.7783,0.7676,0.6502,0.867,0.9472,234.0,Reach max iteration 50 | best_iter=2
qwen,sum,fb237_v3_ind_seed7009,50,1.0,80,7009,0.6621,0.6866,0.8863,0.7803,0.7958,0.6866,0.8917,0.9654,230.6,Reach max iteration 50 | best_iter=2
qwen,sum,fb237_v3_ind_seed7001,50,1.0,96,7001,0.6902,0.659,0.8639,0.7955,0.7792,0.659,0.881,0.9611,230.7,Reach max iteration 50 | best_iter=2
qwen,sum,fb237_v3_ind_seed7005,50,1.0,96,7005,0.6735,0.6789,0.8492,0.7872,0.7893,0.6789,0.8819,0.9633,231.1,Reach max iteration 50 | best_iter=2
qwen,sum,fb237_v3_ind_seed7009,50,1.0,96,7009,0.6862,0.7062,0.8561,0.7921,0.8085,0.7062,0.8952,0.9712,233.8,Reach max iteration 50 | best_iter=2
qwen,sum,fb237_v3_ind_seed7001,50,5.0,16,7001,0.6925,0.667,0.859,0.7989,0.7821,0.667,0.8856,0.9519,232.4,Reach max iteration 50 | best_iter=2
qwen,sum,fb237_v3_ind_seed7005,50,5.0,16,7005,0.677,0.6365,0.9294,0.7883,0.762,0.6365,0.8739,0.9564,232.2,Reach max iteration 50 | best_iter=29
qwen,sum,fb237_v3_ind_seed7009,50,5.0,16,7009,0.6724,0.697,0.8446,0.7859,0.8052,0.697,0.8998,0.9712,234.9,Reach max iteration 50 | best_iter=2
qwen,sum,fb237_v3_ind_seed7001,50,5.0,32,7001,0.6694,0.6522,0.9309,0.7853,0.7734,0.6522,0.8879,0.9588,232.7,Reach max iteration 50 | best_iter=41
qwen,sum,fb237_v3_ind_seed7005,50,5.0,32,7005,0.6793,0.6594,0.8761,0.7949,0.7779,0.6594,0.883,0.9472,233.0,Reach max iteration 50 | best_iter=2
qwen,sum,fb237_v3_ind_seed7009,50,5.0,32,7009,0.6816,0.6809,0.8997,0.7928,0.7941,0.6809,0.8906,0.9631,232.7,Reach max iteration 50 | best_iter=3
qwen,sum,fb237_v3_ind_seed7001,50,5.0,48,7001,0.6809,0.6762,0.8721,0.7925,0.7873,0.6762,0.8822,0.96,234.8,Reach max iteration 50 | best_iter=2
qwen,sum,fb237_v3_ind_seed7005,50,5.0,48,7005,0.693,0.6881,0.8552,0.7999,0.7947,0.6881,0.8853,0.9622,233.7,Reach max iteration 50 | best_iter=2
qwen,sum,fb237_v3_ind_seed7009,50,5.0,48,7009,0.6805,0.6947,0.8762,0.7932,0.8041,0.6947,0.9021,0.9677,234.7,Reach max iteration 50 | best_iter=2
qwen,sum,fb237_v3_ind_seed7001,50,5.0,64,7001,0.6983,0.6808,0.8605,0.8025,0.7901,0.6808,0.8844,0.96,230.1,Reach max iteration 50 | best_iter=2
qwen,sum,fb237_v3_ind_seed7005,50,5.0,64,7005,0.6758,0.6594,0.8743,0.7898,0.7746,0.6594,0.8761,0.9472,231.8,Reach max iteration 50 | best_iter=2
qwen,sum,fb237_v3_ind_seed7009,50,5.0,64,7009,0.6977,0.7097,0.8686,0.8026,0.8159,0.7097,0.9113,0.9724,231.5,Reach max iteration 50 | best_iter=3
qwen,sum,fb237_v3_ind_seed7001,50,5.0,80,7001,0.6879,0.6568,0.8844,0.7984,0.7772,0.6568,0.8764,0.9645,233.9,Reach max iteration 50 | best_iter=2
qwen,sum,fb237_v3_ind_seed7005,50,5.0,80,7005,0.6701,0.6583,0.8858,0.7865,0.7728,0.6583,0.8716,0.953,235.3,Reach max iteration 50 | best_iter=2
qwen,sum,fb237_v3_ind_seed7009,50,5.0,80,7009,0.6966,0.6982,0.8547,0.7989,0.8056,0.6982,0.9009,0.9643,231.2,Reach max iteration 50 | best_iter=2
qwen,sum,fb237_v3_ind_seed7001,50,5.0,96,7001,0.6994,0.667,0.8602,0.8028,0.7863,0.667,0.8913,0.9634,230.0,Reach max iteration 50 | best_iter=2
qwen,sum,fb237_v3_ind_seed7005,50,5.0,96,7005,0.6701,0.6468,0.9292,0.7884,0.7705,0.6468,0.8739,0.9576,231.2,Reach max iteration 50 | best_iter=50
qwen,sum,fb237_v3_ind_seed7009,50,5.0,96,7009,0.6805,0.6843,0.9034,0.7924,0.7993,0.6843,0.8963,0.9712,230.7,Reach max iteration 50 | best_iter=3
qwen,sum,fb237_v3_ind_seed7001,50,10.0,16,7001,0.6936,0.6762,0.8667,0.8039,0.7911,0.6762,0.8913,0.9657,233.2,Reach max iteration 50 | best_iter=2
qwen,sum,fb237_v3_ind_seed7005,50,10.0,16,7005,0.6953,0.6778,0.8631,0.7986,0.7916,0.6778,0.8933,0.9599,230.4,Reach max iteration 50 | best_iter=2
qwen,sum,fb237_v3_ind_seed7009,50,10.0,16,7009,0.6747,0.7016,0.838,0.7864,0.8074,0.7016,0.9021,0.9724,230.8,Reach max iteration 50 | best_iter=2
qwen,sum,fb237_v3_ind_seed7001,50,10.0,32,7001,0.6786,0.6625,0.9105,0.7929,0.7803,0.6625,0.889,0.96,233.0,Reach max iteration 50 | best_iter=3
qwen,sum,fb237_v3_ind_seed7005,50,10.0,32,7005,0.6861,0.6812,0.8755,0.8022,0.7921,0.6812,0.8888,0.9553,234.2,Reach max iteration 50 | best_iter=2
qwen,sum,fb237_v3_ind_seed7009,50,10.0,32,7009,0.6851,0.6924,0.9028,0.7991,0.8033,0.6924,0.9032,0.9643,232.8,Reach max iteration 50 | best_iter=3
qwen,sum,fb237_v3_ind_seed7001,50,10.0,48,7001,0.689,0.6739,0.8719,0.7998,0.7921,0.6739,0.8902,0.968,232.4,Reach max iteration 50 | best_iter=2
qwen,sum,fb237_v3_ind_seed7005,50,10.0,48,7005,0.6942,0.6709,0.8707,0.8051,0.7878,0.6709,0.8865,0.9587,233.6,Reach max iteration 50 | best_iter=2
qwen,sum,fb237_v3_ind_seed7009,50,10.0,48,7009,0.6793,0.697,0.9028,0.793,0.8055,0.697,0.9067,0.9735,234.6,Reach max iteration 50 | best_iter=3
qwen,sum,fb237_v3_ind_seed7001,50,10.0,64,7001,0.7121,0.6693,0.8769,0.8155,0.789,0.6693,0.8947,0.968,230.3,Reach max iteration 50 | best_iter=3
qwen,sum,fb237_v3_ind_seed7005,50,10.0,64,7005,0.6873,0.6743,0.8695,0.7962,0.7846,0.6743,0.8842,0.953,233.5,Reach max iteration 50 | best_iter=2
qwen,sum,fb237_v3_ind_seed7009,50,10.0,64,7009,0.6908,0.7143,0.8405,0.7978,0.8164,0.7143,0.9055,0.9666,233.3,Reach max iteration 50 | best_iter=2
qwen,sum,fb237_v3_ind_seed7001,50,10.0,80,7001,0.7052,0.6625,0.8792,0.8093,0.7818,0.6625,0.8867,0.9691,235.7,Reach max iteration 50 | best_iter=2
qwen,sum,fb237_v3_ind_seed7005,50,10.0,80,7005,0.6758,0.6422,0.929,0.7932,0.7679,0.6422,0.875,0.9587,236.6,Reach max iteration 50 | best_iter=50
qwen,sum,fb237_v3_ind_seed7009,50,10.0,80,7009,0.6989,0.7085,0.8561,0.8005,0.8114,0.7085,0.9055,0.9712,231.8,Reach max iteration 50 | best_iter=2
qwen,sum,fb237_v3_ind_seed7001,50,10.0,96,7001,0.7075,0.6796,0.8696,0.8116,0.7932,0.6796,0.8993,0.9657,232.3,Reach max iteration 50 | best_iter=2
qwen,sum,fb237_v3_ind_seed7005,50,10.0,96,7005,0.6861,0.6938,0.8404,0.7968,0.7989,0.6938,0.883,0.9622,232.5,Reach max iteration 50 | best_iter=2
qwen,sum,fb237_v3_ind_seed7009,50,10.0,96,7009,0.692,0.6878,0.9012,0.7994,0.8032,0.6878,0.9101,0.9735,233.7,Reach max iteration 50 | best_iter=3
qwen,sum,fb237_v3_ind_seed7001,50,50.0,16,7001,0.7306,0.7071,0.8721,0.8301,0.8144,0.7071,0.9108,0.9771,233.8,Reach max iteration 50 | best_iter=4
qwen,sum,fb237_v3_ind_seed7005,50,50.0,16,7005,0.7033,0.6915,0.8673,0.8101,0.8034,0.6915,0.9048,0.9713,233.5,Reach max iteration 50 | best_iter=3
qwen,sum,fb237_v3_ind_seed7009,50,50.0,16,7009,0.7057,0.7224,0.8567,0.8099,0.8269,0.7224,0.932,0.9804,232.2,Reach max iteration 50 | best_iter=3
qwen,sum,fb237_v3_ind_seed7001,50,50.0,32,7001,0.7249,0.6979,0.8916,0.8267,0.8113,0.6979,0.9279,0.9771,234.4,Reach max iteration 50 | best_iter=6
qwen,sum,fb237_v3_ind_seed7005,50,50.0,32,7005,0.7079,0.7018,0.8304,0.8144,0.8095,0.7018,0.9071,0.9702,236.0,Reach max iteration 50 | best_iter=2
qwen,sum,fb237_v3_ind_seed7009,50,50.0,32,7009,0.708,0.7166,0.854,0.8137,0.8216,0.7166,0.9182,0.9758,233.1,Reach max iteration 50 | best_iter=3
qwen,sum,fb237_v3_ind_seed7001,50,50.0,48,7001,0.7376,0.6934,0.8224,0.8303,0.8027,0.6934,0.8936,0.9714,233.1,Reach max iteration 50 | best_iter=2
qwen,sum,fb237_v3_ind_seed7005,50,50.0,48,7005,0.7102,0.7041,0.8657,0.8155,0.8103,0.7041,0.8991,0.9667,233.8,Reach max iteration 50 | best_iter=3
qwen,sum,fb237_v3_ind_seed7009,50,50.0,48,7009,0.7046,0.7062,0.8946,0.8123,0.8178,0.7062,0.9182,0.9816,236.1,Reach max iteration 50 | best_iter=6
qwen,sum,fb237_v3_ind_seed7001,50,50.0,64,7001,0.7168,0.6854,0.8644,0.8249,0.8006,0.6854,0.9027,0.9748,234.0,Reach max iteration 50 | best_iter=3
qwen,sum,fb237_v3_ind_seed7005,50,50.0,64,7005,0.7056,0.6995,0.8678,0.8131,0.8086,0.6995,0.9048,0.9679,233.4,Reach max iteration 50 | best_iter=3
qwen,sum,fb237_v3_ind_seed7009,50,50.0,64,7009,0.7207,0.7154,0.862,0.8192,0.8207,0.7154,0.9205,0.9793,237.5,Reach max iteration 50 | best_iter=3
qwen,sum,fb237_v3_ind_seed7001,50,50.0,80,7001,0.7341,0.6854,0.8663,0.8321,0.8037,0.6854,0.9119,0.9748,236.8,Reach max iteration 50 | best_iter=3
qwen,sum,fb237_v3_ind_seed7005,50,50.0,80,7005,0.7022,0.695,0.8408,0.812,0.8048,0.695,0.9048,0.9725,234.3,Reach max iteration 50 | best_iter=2
qwen,sum,fb237_v3_ind_seed7009,50,50.0,80,7009,0.7103,0.7085,0.864,0.8155,0.8182,0.7085,0.9217,0.977,234.5,Reach max iteration 50 | best_iter=3
qwen,sum,fb237_v3_ind_seed7001,50,50.0,96,7001,0.704,0.6876,0.9138,0.8189,0.8044,0.6876,0.9176,0.9828,234.3,Reach max iteration 50 | best_iter=48
qwen,sum,fb237_v3_ind_seed7005,50,50.0,96,7005,0.7228,0.6961,0.868,0.8238,0.8047,0.6961,0.9025,0.969,235.6,Reach max iteration 50 | best_iter=3
qwen,sum,fb237_v3_ind_seed7009,50,50.0,96,7009,0.7103,0.7143,0.8646,0.8163,0.8194,0.7143,0.9182,0.9816,234.8,Reach max iteration 50 | best_iter=3
qwen,sum,fb237_v3_ind_seed7001,50,100.0,16,7001,0.7399,0.7071,0.8281,0.8374,0.8151,0.7071,0.9108,0.9794,235.0,Reach max iteration 50 | best_iter=4
qwen,sum,fb237_v3_ind_seed7005,50,100.0,16,7005,0.7194,0.7064,0.8454,0.8211,0.8126,0.7064,0.906,0.9702,233.2,Reach max iteration 50 | best_iter=5
qwen,sum,fb237_v3_ind_seed7009,50,100.0,16,7009,0.7195,0.7224,0.859,0.8225,0.8268,0.7224,0.9182,0.9839,236.1,Reach max iteration 50 | best_iter=47
qwen,sum,fb237_v3_ind_seed7001,50,100.0,32,7001,0.726,0.7117,0.8597,0.8306,0.8204,0.7117,0.9233,0.9817,231.9,Reach max iteration 50 | best_iter=15
qwen,sum,fb237_v3_ind_seed7005,50,100.0,32,7005,0.7182,0.7076,0.8657,0.8217,0.8166,0.7076,0.9163,0.9748,233.0,Reach max iteration 50 | best_iter=30
qwen,sum,fb237_v3_ind_seed7009,50,100.0,32,7009,0.7322,0.7212,0.8523,0.8296,0.8264,0.7212,0.9228,0.9839,233.2,Reach max iteration 50 | best_iter=6
qwen,sum,fb237_v3_ind_seed7001,50,100.0,48,7001,0.7422,0.7071,0.8677,0.8394,0.8166,0.7071,0.9188,0.9805,234.4,Reach max iteration 50 | best_iter=24
qwen,sum,fb237_v3_ind_seed7005,50,100.0,48,7005,0.7205,0.711,0.8705,0.8233,0.817,0.711,0.9094,0.9748,233.9,Reach max iteration 50 | best_iter=26
qwen,sum,fb237_v3_ind_seed7009,50,100.0,48,7009,0.7264,0.7166,0.8481,0.825,0.8244,0.7166,0.9228,0.985,235.2,Reach max iteration 50 | best_iter=5
qwen,sum,fb237_v3_ind_seed7001,50,100.0,64,7001,0.7329,0.7151,0.8581,0.8341,0.8216,0.7151,0.9256,0.9794,235.0,Reach max iteration 50 | best_iter=6
qwen,sum,fb237_v3_ind_seed7005,50,100.0,64,7005,0.7262,0.711,0.872,0.8276,0.8162,0.711,0.9083,0.9736,236.1,Reach max iteration 50 | best_iter=34
qwen,sum,fb237_v3_ind_seed7009,50,100.0,64,7009,0.7287,0.7293,0.8382,0.8276,0.83,0.7293,0.9263,0.9804,232.3,Reach max iteration 50 | best_iter=5
qwen,sum,fb237_v3_ind_seed7001,50,100.0,80,7001,0.7353,0.6945,0.8554,0.833,0.8102,0.6945,0.9176,0.9828,235.8,Reach max iteration 50 | best_iter=5
qwen,sum,fb237_v3_ind_seed7005,50,100.0,80,7005,0.7216,0.7099,0.8761,0.8258,0.8163,0.7099,0.9106,0.9794,233.5,Reach max iteration 50 | best_iter=48
qwen,sum,fb237_v3_ind_seed7009,50,100.0,80,7009,0.7287,0.7154,0.8397,0.8268,0.8216,0.7154,0.9263,0.9781,234.2,Reach max iteration 50 | best_iter=4
qwen,sum,fb237_v3_ind_seed7001,50,100.0,96,7001,0.7295,0.7117,0.8727,0.8325,0.8207,0.7117,0.9245,0.9851,235.4,Reach max iteration 50 | best_iter=23
qwen,sum,fb237_v3_ind_seed7005,50,100.0,96,7005,0.732,0.7167,0.8754,0.8305,0.8189,0.7167,0.9094,0.9736,234.6,Reach max iteration 50 | best_iter=24
qwen,sum,fb237_v3_ind_seed7009,50,100.0,96,7009,0.7287,0.7154,0.8747,0.829,0.8231,0.7154,0.9263,0.985,234.6,Reach max iteration 50 | best_iter=33
qwen,sum,fb237_v3_ind_seed7001,50,500.0,16,7001,0.704,0.6762,0.7088,0.8022,0.7786,0.6762,0.8581,0.9428,155.0,Reach max iteration 50 | best_iter=7
qwen,sum,fb237_v3_ind_seed7005,50,500.0,16,7005,0.6781,0.6858,0.7147,0.7814,0.7853,0.6858,0.867,0.9495,153.2,Reach max iteration 50 | best_iter=20
qwen,sum,fb237_v3_ind_seed7009,50,500.0,16,7009,0.6862,0.6751,0.7123,0.7865,0.7803,0.6751,0.8606,0.9551,153.9,Reach max iteration 50 | best_iter=11
qwen,sum,fb237_v3_ind_seed7001,50,500.0,32,7001,0.7156,0.6739,0.727,0.8136,0.7852,0.6739,0.8764,0.9577,172.3,Reach max iteration 50 | best_iter=40
qwen,sum,fb237_v3_ind_seed7005,50,500.0,32,7005,0.6907,0.7041,0.7344,0.7918,0.8005,0.7041,0.875,0.9553,173.2,Reach max iteration 50 | best_iter=9
qwen,sum,fb237_v3_ind_seed7009,50,500.0,32,7009,0.7034,0.6959,0.7362,0.8005,0.7966,0.6959,0.8813,0.9585,172.4,Reach max iteration 50 | best_iter=11
qwen,sum,fb237_v3_ind_seed7001,50,500.0,48,7001,0.726,0.6842,0.7444,0.819,0.7941,0.6842,0.8844,0.9565,195.9,Reach max iteration 50 | best_iter=22
qwen,sum,fb237_v3_ind_seed7005,50,500.0,48,7005,0.6987,0.7064,0.7388,0.8,0.8036,0.7064,0.8853,0.9576,192.2,Reach max iteration 50 | best_iter=10
qwen,sum,fb237_v3_ind_seed7009,50,500.0,48,7009,0.7103,0.697,0.7462,0.806,0.801,0.697,0.8836,0.962,205.9,Reach max iteration 50 | best_iter=11
qwen,sum,fb237_v3_ind_seed7001,50,500.0,64,7001,0.7272,0.6922,0.7526,0.8214,0.802,0.6922,0.889,0.9691,217.4,Reach max iteration 50 | best_iter=9
qwen,sum,fb237_v3_ind_seed7005,50,500.0,64,7005,0.6976,0.719,0.7514,0.8015,0.8135,0.719,0.8911,0.961,218.1,Reach max iteration 50 | best_iter=13
qwen,sum,fb237_v3_ind_seed7009,50,500.0,64,7009,0.7092,0.6993,0.75,0.8067,0.8021,0.6993,0.8871,0.9677,216.4,Reach max iteration 50 | best_iter=6
qwen,sum,fb237_v3_ind_seed7001,50,500.0,80,7001,0.7283,0.6911,0.7562,0.8245,0.8007,0.6911,0.8924,0.9725,231.5,Reach max iteration 50 | best_iter=20
qwen,sum,fb237_v3_ind_seed7005,50,500.0,80,7005,0.7102,0.7271,0.7505,0.8078,0.8156,0.7271,0.8876,0.9553,232.2,Reach max iteration 50 | best_iter=6
qwen,sum,fb237_v3_ind_seed7009,50,500.0,80,7009,0.7126,0.7131,0.756,0.8121,0.8115,0.7131,0.8859,0.97,230.6,Reach max iteration 50 | best_iter=11
qwen,sum,fb237_v3_ind_seed7001,50,500.0,96,7001,0.7272,0.6922,0.7579,0.8228,0.801,0.6922,0.8924,0.9783,232.8,Reach max iteration 50 | best_iter=32
qwen,sum,fb237_v3_ind_seed7005,50,500.0,96,7005,0.7068,0.7133,0.7537,0.8083,0.8124,0.7133,0.8991,0.9633,233.6,Reach max iteration 50 | best_iter=50
qwen,sum,fb237_v3_ind_seed7009,50,500.0,96,7009,0.7161,0.7143,0.76,0.8139,0.8136,0.7143,0.8975,0.9712,232.9,Reach max iteration 50 | best_iter=24
qwen,sum,fb237_v3_ind_seed7001,50,1000.0,16,7001,0.6428,0.6064,0.6415,0.7522,0.7217,0.6064,0.8055,0.9073,116.8,Reach max iteration 50 | best_iter=36
qwen,sum,fb237_v3_ind_seed7005,50,1000.0,16,7005,0.6117,0.6342,0.6324,0.7231,0.7318,0.6342,0.7936,0.9071,118.8,Reach max iteration 50 | best_iter=42
qwen,sum,fb237_v3_ind_seed7009,50,1000.0,16,7009,0.6172,0.6256,0.6435,0.7322,0.7333,0.6256,0.8122,0.9055,120.7,Reach max iteration 50 | best_iter=44
qwen,sum,fb237_v3_ind_seed7001,50,1000.0,32,7001,0.6751,0.635,0.6744,0.7792,0.7468,0.635,0.8307,0.9279,136.5,Reach max iteration 50 | best_iter=11
qwen,sum,fb237_v3_ind_seed7005,50,1000.0,32,7005,0.6415,0.656,0.6728,0.7534,0.757,0.656,0.8303,0.9232,134.3,Reach max iteration 50 | best_iter=11
qwen,sum,fb237_v3_ind_seed7009,50,1000.0,32,7009,0.6552,0.6532,0.6785,0.761,0.7593,0.6532,0.8422,0.9263,135.7,Reach max iteration 50 | best_iter=9
qwen,sum,fb237_v3_ind_seed7001,50,1000.0,48,7001,0.6913,0.6613,0.6894,0.7897,0.7677,0.6613,0.8535,0.9325,144.9,Reach max iteration 50 | best_iter=10
qwen,sum,fb237_v3_ind_seed7005,50,1000.0,48,7005,0.6564,0.6766,0.6889,0.7639,0.7724,0.6766,0.8429,0.9289,153.5,Reach max iteration 50 | best_iter=15
qwen,sum,fb237_v3_ind_seed7009,50,1000.0,48,7009,0.6655,0.6728,0.6832,0.7678,0.773,0.6728,0.8502,0.9332,154.3,Reach max iteration 50 | best_iter=43
qwen,sum,fb237_v3_ind_seed7001,50,1000.0,64,7001,0.6855,0.659,0.6918,0.7887,0.7674,0.659,0.8501,0.9371,167.2,Reach max iteration 50 | best_iter=29
qwen,sum,fb237_v3_ind_seed7005,50,1000.0,64,7005,0.6621,0.6823,0.6893,0.7685,0.7768,0.6823,0.8498,0.9369,160.5,Reach max iteration 50 | best_iter=12
qwen,sum,fb237_v3_ind_seed7009,50,1000.0,64,7009,0.6736,0.6774,0.6923,0.7744,0.7781,0.6774,0.8594,0.9412,157.9,Reach max iteration 50 | best_iter=34
qwen,sum,fb237_v3_ind_seed7001,50,1000.0,80,7001,0.6971,0.6705,0.7003,0.7963,0.7758,0.6705,0.8535,0.9451,180.8,Reach max iteration 50 | best_iter=7
qwen,sum,fb237_v3_ind_seed7005,50,1000.0,80,7005,0.6678,0.6904,0.7009,0.7737,0.7832,0.6904,0.8567,0.9369,173.7,Reach max iteration 50 | best_iter=7
qwen,sum,fb237_v3_ind_seed7009,50,1000.0,80,7009,0.6759,0.6671,0.6973,0.7785,0.7729,0.6671,0.8594,0.9447,177.2,Reach max iteration 50 | best_iter=10
qwen,sum,fb237_v3_ind_seed7001,50,1000.0,96,7001,0.6948,0.6705,0.7019,0.7961,0.7766,0.6705,0.8627,0.9416,192.8,Reach max iteration 50 | best_iter=11
qwen,sum,fb237_v3_ind_seed7005,50,1000.0,96,7005,0.6735,0.68,0.7068,0.7766,0.7783,0.68,0.8601,0.945,190.3,Reach max iteration 50 | best_iter=25
qwen,sum,fb237_v3_ind_seed7009,50,1000.0,96,7009,0.6782,0.6786,0.7051,0.7808,0.7811,0.6786,0.8606,0.9493,189.8,Reach max iteration 50 | best_iter=19
qwen,sum,fb237_v3_ind_seed7001,75,1.0,16,7001,0.6798,0.6453,0.8969,0.7884,0.7631,0.6453,0.8638,0.9519,315.9,Reach max iteration 50 | best_iter=2
qwen,sum,fb237_v3_ind_seed7005,75,1.0,16,7005,0.6598,0.6433,0.9294,0.7774,0.7659,0.6433,0.8704,0.9587,320.9,Reach max iteration 50 | best_iter=50
qwen,sum,fb237_v3_ind_seed7009,75,1.0,16,7009,0.6552,0.682,0.9272,0.776,0.7943,0.682,0.894,0.9666,315.0,Reach max iteration 50 | best_iter=50
qwen,sum,fb237_v3_ind_seed7001,75,1.0,32,7001,0.6728,0.6682,0.8736,0.7842,0.7769,0.6682,0.8684,0.9508,318.7,Reach max iteration 50 | best_iter=2
qwen,sum,fb237_v3_ind_seed7005,75,1.0,32,7005,0.6712,0.664,0.8915,0.7895,0.7715,0.664,0.8647,0.9392,317.7,Reach max iteration 50 | best_iter=2
qwen,sum,fb237_v3_ind_seed7009,75,1.0,32,7009,0.6736,0.6901,0.9272,0.7864,0.796,0.6901,0.8859,0.962,315.5,Reach max iteration 50 | best_iter=50
qwen,sum,fb237_v3_ind_seed7001,75,1.0,48,7001,0.6867,0.6705,0.8587,0.7956,0.7804,0.6705,0.873,0.9474,313.0,Reach max iteration 50 | best_iter=2
qwen,sum,fb237_v3_ind_seed7005,75,1.0,48,7005,0.6598,0.664,0.8778,0.7733,0.7735,0.664,0.8601,0.9438,313.8,Reach max iteration 50 | best_iter=2
qwen,sum,fb237_v3_ind_seed7009,75,1.0,48,7009,0.6724,0.6832,0.9272,0.7907,0.7959,0.6832,0.9009,0.9562,316.4,Reach max iteration 50 | best_iter=49
qwen,sum,fb237_v3_ind_seed7001,75,1.0,64,7001,0.6925,0.6796,0.8801,0.8007,0.7921,0.6796,0.889,0.9657,313.6,Reach max iteration 50 | best_iter=3
qwen,sum,fb237_v3_ind_seed7005,75,1.0,64,7005,0.6747,0.6755,0.8017,0.7805,0.7744,0.6755,0.8417,0.9335,320.7,Reach max iteration 50 | best_iter=1
qwen,sum,fb237_v3_ind_seed7009,75,1.0,64,7009,0.6931,0.6889,0.8666,0.8002,0.8,0.6889,0.8986,0.9654,314.5,Reach max iteration 50 | best_iter=3
qwen,sum,fb237_v3_ind_seed7001,75,1.0,80,7001,0.6659,0.6419,0.8963,0.7846,0.7679,0.6419,0.8753,0.96,312.4,Reach max iteration 50 | best_iter=3
qwen,sum,fb237_v3_ind_seed7005,75,1.0,80,7005,0.6919,0.6709,0.8243,0.7985,0.7857,0.6709,0.8784,0.9587,313.9,Reach max iteration 50 | best_iter=2
qwen,sum,fb237_v3_ind_seed7009,75,1.0,80,7009,0.7,0.7016,0.8701,0.8015,0.8054,0.7016,0.8963,0.9677,315.7,Reach max iteration 50 | best_iter=2
qwen,sum,fb237_v3_ind_seed7001,75,1.0,96,7001,0.6855,0.6636,0.8969,0.7972,0.7792,0.6636,0.873,0.9645,313.1,Reach max iteration 50 | best_iter=3
qwen,sum,fb237_v3_ind_seed7005,75,1.0,96,7005,0.6747,0.6663,0.8479,0.7873,0.7828,0.6663,0.8876,0.9553,310.1,Reach max iteration 50 | best_iter=3
qwen,sum,fb237_v3_ind_seed7009,75,1.0,96,7009,0.6724,0.6878,0.885,0.7874,0.7993,0.6878,0.9009,0.9689,316.6,Reach max iteration 50 | best_iter=2
qwen,sum,fb237_v3_ind_seed7001,75,5.0,16,7001,0.6902,0.6465,0.9173,0.8013,0.7715,0.6465,0.8833,0.9622,312.9,Reach max iteration 50 | best_iter=3
qwen,sum,fb237_v3_ind_seed7005,75,5.0,16,7005,0.685,0.6353,0.9294,0.7946,0.7665,0.6353,0.883,0.9587,317.9,Reach max iteration 50 | best_iter=14
qwen,sum,fb237_v3_ind_seed7009,75,5.0,16,7009,0.6736,0.6924,0.9272,0.7892,0.8025,0.6924,0.8986,0.9724,317.0,Reach max iteration 50 | best_iter=48
qwen,sum,fb237_v3_ind_seed7001,75,5.0,32,7001,0.6821,0.6579,0.9309,0.7973,0.7823,0.6579,0.8947,0.9691,314.0,Reach max iteration 50 | best_iter=40
qwen,sum,fb237_v3_ind_seed7005,75,5.0,32,7005,0.6804,0.664,0.9067,0.7962,0.7769,0.664,0.8773,0.945,319.7,Reach max iteration 50 | best_iter=2
qwen,sum,fb237_v3_ind_seed7009,75,5.0,32,7009,0.6839,0.682,0.9055,0.7975,0.796,0.682,0.8963,0.9654,318.5,Reach max iteration 50 | best_iter=2
qwen,sum,fb237_v3_ind_seed7001,75,5.0,48,7001,0.6775,0.651,0.9309,0.7929,0.775,0.651,0.8902,0.96,309.8,Reach max iteration 50 | best_iter=49
qwen,sum,fb237_v3_ind_seed7005,75,5.0,48,7005,0.6575,0.656,0.9294,0.7815,0.7784,0.656,0.8911,0.9587,316.7,Reach max iteration 50 | best_iter=50
qwen,sum,fb237_v3_ind_seed7009,75,5.0,48,7009,0.6862,0.6912,0.9272,0.8018,0.8024,0.6912,0.909,0.97,317.2,Reach max iteration 50 | best_iter=36
qwen,sum,fb237_v3_ind_seed7001,75,5.0,64,7001,0.6948,0.6648,0.9074,0.8042,0.7876,0.6648,0.9039,0.9691,311.2,Reach max iteration 50 | best_iter=4
qwen,sum,fb237_v3_ind_seed7005,75,5.0,64,7005,0.6655,0.6743,0.9033,0.7853,0.7825,0.6743,0.875,0.9495,321.3,Reach max iteration 50 | best_iter=2
qwen,sum,fb237_v3_ind_seed7009,75,5.0,64,7009,0.7011,0.6959,0.8731,0.8045,0.8079,0.6959,0.9055,0.977,311.6,Reach max iteration 50 | best_iter=3
qwen,sum,fb237_v3_ind_seed7001,75,5.0,80,7001,0.6775,0.651,0.9309,0.7937,0.7765,0.651,0.8924,0.9622,317.0,Reach max iteration 50 | best_iter=49
qwen,sum,fb237_v3_ind_seed7005,75,5.0,80,7005,0.6724,0.6674,0.8995,0.7928,0.7846,0.6674,0.8876,0.9622,317.4,Reach max iteration 50 | best_iter=3
qwen,sum,fb237_v3_ind_seed7009,75,5.0,80,7009,0.7069,0.7039,0.8739,0.8072,0.8074,0.7039,0.8986,0.962,314.7,Reach max iteration 50 | best_iter=2
qwen,sum,fb237_v3_ind_seed7001,75,5.0,96,7001,0.704,0.6762,0.8377,0.807,0.7875,0.6762,0.8822,0.9645,312.6,Reach max iteration 50 | best_iter=2
qwen,sum,fb237_v3_ind_seed7005,75,5.0,96,7005,0.6861,0.656,0.9294,0.8002,0.7784,0.656,0.8807,0.961,316.7,Reach max iteration 50 | best_iter=49
qwen,sum,fb237_v3_ind_seed7009,75,5.0,96,7009,0.6747,0.6935,0.8834,0.7906,0.8033,0.6935,0.9021,0.9712,313.8,Reach max iteration 50 | best_iter=2
qwen,sum,fb237_v3_ind_seed7001,75,10.0,16,7001,0.689,0.6522,0.9309,0.8047,0.7772,0.6522,0.8936,0.9668,318.0,Reach max iteration 50 | best_iter=31
qwen,sum,fb237_v3_ind_seed7005,75,10.0,16,7005,0.6735,0.6468,0.929,0.7907,0.7748,0.6468,0.8876,0.9599,322.3,Reach max iteration 50 | best_iter=11
qwen,sum,fb237_v3_ind_seed7009,75,10.0,16,7009,0.6701,0.6889,0.9272,0.7919,0.8018,0.6889,0.9044,0.9747,317.2,Reach max iteration 50 | best_iter=45
qwen,sum,fb237_v3_ind_seed7001,75,10.0,32,7001,0.6786,0.667,0.9309,0.7968,0.7884,0.667,0.9062,0.9657,317.7,Reach max iteration 50 | best_iter=48
qwen,sum,fb237_v3_ind_seed7005,75,10.0,32,7005,0.6873,0.6571,0.9103,0.8004,0.7773,0.6571,0.8819,0.9541,319.1,Reach max iteration 50 | best_iter=2
qwen,sum,fb237_v3_ind_seed7009,75,10.0,32,7009,0.6931,0.712,0.8905,0.8016,0.8113,0.712,0.8975,0.962,319.2,Reach max iteration 50 | best_iter=2
qwen,sum,fb237_v3_ind_seed7001,75,10.0,48,7001,0.6913,0.6751,0.8477,0.7984,0.7835,0.6751,0.8822,0.9577,315.5,Reach max iteration 50 | best_iter=2
qwen,sum,fb237_v3_ind_seed7005,75,10.0,48,7005,0.6758,0.6502,0.9077,0.7899,0.7747,0.6502,0.8865,0.9599,318.7,Reach max iteration 50 | best_iter=2
qwen,sum,fb237_v3_ind_seed7009,75,10.0,48,7009,0.7103,0.7108,0.8432,0.8136,0.8143,0.7108,0.9078,0.9781,315.3,Reach max iteration 50 | best_iter=2
qwen,sum,fb237_v3_ind_seed7001,75,10.0,64,7001,0.6936,0.6773,0.9065,0.8048,0.7936,0.6773,0.8982,0.968,314.8,Reach max iteration 50 | best_iter=4
qwen,sum,fb237_v3_ind_seed7005,75,10.0,64,7005,0.6655,0.6617,0.9291,0.7891,0.7842,0.6617,0.8979,0.961,322.1,Reach max iteration 50 | best_iter=49
qwen,sum,fb237_v3_ind_seed7009,75,10.0,64,7009,0.6897,0.6889,0.9249,0.8014,0.8028,0.6889,0.9067,0.9816,306.2,Reach max iteration 50 | best_iter=8
qwen,sum,fb237_v3_ind_seed7001,75,10.0,80,7001,0.6879,0.6636,0.9309,0.8034,0.786,0.6636,0.9039,0.9668,317.4,Reach max iteration 50 | best_iter=49
qwen,sum,fb237_v3_ind_seed7005,75,10.0,80,7005,0.6942,0.6697,0.8839,0.8006,0.7854,0.6697,0.8842,0.9622,316.6,Reach max iteration 50 | best_iter=2
qwen,sum,fb237_v3_ind_seed7009,75,10.0,80,7009,0.7092,0.7074,0.8692,0.8103,0.81,0.7074,0.9021,0.9666,318.3,Reach max iteration 50 | best_iter=2
qwen,sum,fb237_v3_ind_seed7001,75,10.0,96,7001,0.7006,0.6831,0.8358,0.8048,0.7935,0.6831,0.8867,0.9657,311.7,Reach max iteration 50 | best_iter=2
qwen,sum,fb237_v3_ind_seed7005,75,10.0,96,7005,0.6793,0.6606,0.929,0.8003,0.7856,0.6606,0.8933,0.9599,312.5,Reach max iteration 50 | best_iter=45
qwen,sum,fb237_v3_ind_seed7009,75,10.0,96,7009,0.6759,0.6912,0.9272,0.7957,0.806,0.6912,0.9147,0.9712,314.1,Reach max iteration 50 | best_iter=50
qwen,sum,fb237_v3_ind_seed7001,75,50.0,16,7001,0.7249,0.6899,0.8783,0.8278,0.8074,0.6899,0.913,0.9771,318.2,Reach max iteration 50 | best_iter=3
qwen,sum,fb237_v3_ind_seed7005,75,50.0,16,7005,0.7068,0.695,0.8927,0.815,0.8036,0.695,0.8933,0.9713,316.1,Reach max iteration 50 | best_iter=4
qwen,sum,fb237_v3_ind_seed7009,75,50.0,16,7009,0.708,0.7247,0.8574,0.8125,0.8248,0.7247,0.9159,0.9816,316.2,Reach max iteration 50 | best_iter=3
qwen,sum,fb237_v3_ind_seed7001,75,50.0,32,7001,0.726,0.7151,0.8524,0.8251,0.816,0.7151,0.8993,0.9737,318.8,Reach max iteration 50 | best_iter=2
qwen,sum,fb237_v3_ind_seed7005,75,50.0,32,7005,0.6987,0.6927,0.9133,0.8128,0.8064,0.6927,0.9151,0.9725,320.2,Reach max iteration 50 | best_iter=13
qwen,sum,fb237_v3_ind_seed7009,75,50.0,32,7009,0.7172,0.7143,0.8873,0.8192,0.8225,0.7143,0.9228,0.9793,316.4,Reach max iteration 50 | best_iter=4
qwen,sum,fb237_v3_ind_seed7001,75,50.0,48,7001,0.7306,0.7071,0.8482,0.8287,0.8138,0.7071,0.9142,0.9748,318.7,Reach max iteration 50 | best_iter=2
qwen,sum,fb237_v3_ind_seed7005,75,50.0,48,7005,0.7033,0.6972,0.8726,0.8116,0.8058,0.6972,0.8991,0.9725,316.7,Reach max iteration 50 | best_iter=3
qwen,sum,fb237_v3_ind_seed7009,75,50.0,48,7009,0.708,0.7143,0.8375,0.8136,0.8222,0.7143,0.9286,0.9816,317.6,Reach max iteration 50 | best_iter=2
qwen,sum,fb237_v3_ind_seed7001,75,50.0,64,7001,0.7156,0.6899,0.917,0.8239,0.8066,0.6899,0.9165,0.9794,316.5,Reach max iteration 50 | best_iter=39
qwen,sum,fb237_v3_ind_seed7005,75,50.0,64,7005,0.701,0.6972,0.8837,0.811,0.8073,0.6972,0.9083,0.969,321.4,Reach max iteration 50 | best_iter=3
qwen,sum,fb237_v3_ind_seed7009,75,50.0,64,7009,0.7161,0.7074,0.8812,0.8189,0.8193,0.7074,0.9171,0.9827,319.4,Reach max iteration 50 | best_iter=4
qwen,sum,fb237_v3_ind_seed7001,75,50.0,80,7001,0.7179,0.6957,0.8598,0.8241,0.8088,0.6957,0.9096,0.976,323.1,Reach max iteration 50 | best_iter=2
qwen,sum,fb237_v3_ind_seed7005,75,50.0,80,7005,0.701,0.6881,0.9075,0.8144,0.8041,0.6881,0.9071,0.9702,318.3,Reach max iteration 50 | best_iter=8
qwen,sum,fb237_v3_ind_seed7009,75,50.0,80,7009,0.7195,0.7131,0.8446,0.8192,0.8187,0.7131,0.9182,0.9793,321.5,Reach max iteration 50 | best_iter=2
qwen,sum,fb237_v3_ind_seed7001,75,50.0,96,7001,0.7133,0.6854,0.8936,0.821,0.8029,0.6854,0.9176,0.9737,313.7,Reach max iteration 50 | best_iter=5
qwen,sum,fb237_v3_ind_seed7005,75,50.0,96,7005,0.6987,0.695,0.9111,0.8128,0.808,0.695,0.9083,0.9713,320.2,Reach max iteration 50 | best_iter=12
qwen,sum,fb237_v3_ind_seed7009,75,50.0,96,7009,0.7092,0.7097,0.8815,0.8133,0.8183,0.7097,0.9147,0.9816,320.1,Reach max iteration 50 | best_iter=3
qwen,sum,fb237_v3_ind_seed7001,75,100.0,16,7001,0.7318,0.6979,0.8446,0.8331,0.8121,0.6979,0.9211,0.9828,317.2,Reach max iteration 50 | best_iter=5
qwen,sum,fb237_v3_ind_seed7005,75,100.0,16,7005,0.7113,0.7167,0.8416,0.8171,0.8175,0.7167,0.9014,0.9667,316.9,Reach max iteration 50 | best_iter=4
qwen,sum,fb237_v3_ind_seed7009,75,100.0,16,7009,0.7241,0.7224,0.8609,0.8245,0.824,0.7224,0.9159,0.9793,317.8,Reach max iteration 50 | best_iter=45
qwen,sum,fb237_v3_ind_seed7001,75,100.0,32,7001,0.7364,0.6979,0.8659,0.8363,0.8138,0.6979,0.9245,0.9828,316.0,Reach max iteration 50 | best_iter=30
qwen,sum,fb237_v3_ind_seed7005,75,100.0,32,7005,0.7274,0.7271,0.8454,0.8279,0.8245,0.7271,0.9094,0.9736,317.7,Reach max iteration 50 | best_iter=4
qwen,sum,fb237_v3_ind_seed7009,75,100.0,32,7009,0.7299,0.7339,0.8485,0.8285,0.8342,0.7339,0.9263,0.985,316.7,Reach max iteration 50 | best_iter=5
qwen,sum,fb237_v3_ind_seed7001,75,100.0,48,7001,0.7306,0.7037,0.866,0.832,0.8154,0.7037,0.9222,0.9828,318.1,Reach max iteration 50 | best_iter=19
qwen,sum,fb237_v3_ind_seed7005,75,100.0,48,7005,0.7274,0.7156,0.8715,0.8303,0.8194,0.7156,0.914,0.9713,320.0,Reach max iteration 50 | best_iter=22
qwen,sum,fb237_v3_ind_seed7009,75,100.0,48,7009,0.7241,0.7293,0.8632,0.8259,0.8329,0.7293,0.9286,0.9839,318.4,Reach max iteration 50 | best_iter=13
qwen,sum,fb237_v3_ind_seed7001,75,100.0,64,7001,0.7341,0.7014,0.8581,0.834,0.8152,0.7014,0.9256,0.9851,312.0,Reach max iteration 50 | best_iter=8
qwen,sum,fb237_v3_ind_seed7005,75,100.0,64,7005,0.7194,0.711,0.8745,0.8268,0.8174,0.711,0.9106,0.9725,319.7,Reach max iteration 50 | best_iter=34
qwen,sum,fb237_v3_ind_seed7009,75,100.0,64,7009,0.7287,0.7177,0.8663,0.8308,0.8251,0.7177,0.9263,0.9827,314.1,Reach max iteration 50 | best_iter=30
qwen,sum,fb237_v3_ind_seed7001,75,100.0,80,7001,0.7376,0.7117,0.8687,0.8376,0.8209,0.7117,0.9302,0.9828,322.1,Reach max iteration 50 | best_iter=10
qwen,sum,fb237_v3_ind_seed7005,75,100.0,80,7005,0.7239,0.7007,0.8778,0.8264,0.8113,0.7007,0.9094,0.9748,319.8,Reach max iteration 50 | best_iter=44
qwen,sum,fb237_v3_ind_seed7009,75,100.0,80,7009,0.7345,0.727,0.8363,0.8315,0.8286,0.727,0.9194,0.9827,320.7,Reach max iteration 50 | best_iter=3
qwen,sum,fb237_v3_ind_seed7001,75,100.0,96,7001,0.7353,0.6968,0.8794,0.8359,0.8116,0.6968,0.9211,0.9805,322.1,Reach max iteration 50 | best_iter=37
qwen,sum,fb237_v3_ind_seed7005,75,100.0,96,7005,0.7205,0.7053,0.8774,0.8252,0.814,0.7053,0.9106,0.9771,318.0,Reach max iteration 50 | best_iter=40
qwen,sum,fb237_v3_ind_seed7009,75,100.0,96,7009,0.7264,0.7293,0.8627,0.8265,0.8304,0.7293,0.9251,0.985,319.8,Reach max iteration 50 | best_iter=6
qwen,sum,fb237_v3_ind_seed7001,75,500.0,16,7001,0.7052,0.6705,0.7114,0.8044,0.7768,0.6705,0.8661,0.9474,202.9,Reach max iteration 50 | best_iter=28
qwen,sum,fb237_v3_ind_seed7005,75,500.0,16,7005,0.677,0.7007,0.7186,0.7839,0.7941,0.7007,0.8681,0.9518,205.4,Reach max iteration 50 | best_iter=18
qwen,sum,fb237_v3_ind_seed7009,75,500.0,16,7009,0.692,0.6751,0.7186,0.792,0.7813,0.6751,0.8629,0.9597,208.2,Reach max iteration 50 | best_iter=12
qwen,sum,fb237_v3_ind_seed7001,75,500.0,32,7001,0.7145,0.6773,0.7293,0.8135,0.7866,0.6773,0.8787,0.9531,223.5,Reach max iteration 50 | best_iter=32
qwen,sum,fb237_v3_ind_seed7005,75,500.0,32,7005,0.6896,0.7099,0.7293,0.7906,0.8039,0.7099,0.8773,0.953,231.6,Reach max iteration 50 | best_iter=8
qwen,sum,fb237_v3_ind_seed7009,75,500.0,32,7009,0.6954,0.6935,0.7365,0.7968,0.7962,0.6935,0.8767,0.962,234.0,Reach max iteration 50 | best_iter=10
qwen,sum,fb237_v3_ind_seed7001,75,500.0,48,7001,0.7249,0.6876,0.7417,0.8202,0.7949,0.6876,0.8799,0.9645,278.8,Reach max iteration 50 | best_iter=9
qwen,sum,fb237_v3_ind_seed7005,75,500.0,48,7005,0.6976,0.7064,0.7434,0.7993,0.8063,0.7064,0.8876,0.9576,260.3,Reach max iteration 50 | best_iter=18
qwen,sum,fb237_v3_ind_seed7009,75,500.0,48,7009,0.7103,0.7016,0.7452,0.807,0.8038,0.7016,0.8929,0.9654,264.5,Reach max iteration 50 | best_iter=12
qwen,sum,fb237_v3_ind_seed7001,75,500.0,64,7001,0.7295,0.6888,0.7518,0.8234,0.7983,0.6888,0.8879,0.9668,291.7,Reach max iteration 50 | best_iter=18
qwen,sum,fb237_v3_ind_seed7005,75,500.0,64,7005,0.6964,0.719,0.7509,0.8016,0.8136,0.719,0.8956,0.961,289.7,Reach max iteration 50 | best_iter=14
qwen,sum,fb237_v3_ind_seed7009,75,500.0,64,7009,0.7138,0.7028,0.7481,0.8091,0.8053,0.7028,0.8894,0.962,296.1,Reach max iteration 50 | best_iter=7
qwen,sum,fb237_v3_ind_seed7001,75,500.0,80,7001,0.7283,0.6934,0.756,0.8231,0.8015,0.6934,0.8856,0.9714,318.3,Reach max iteration 50 | best_iter=19
qwen,sum,fb237_v3_ind_seed7005,75,500.0,80,7005,0.7056,0.719,0.7545,0.8062,0.8108,0.719,0.8888,0.961,317.8,Reach max iteration 50 | best_iter=21
qwen,sum,fb237_v3_ind_seed7009,75,500.0,80,7009,0.7115,0.7016,0.7558,0.8104,0.8061,0.7016,0.8975,0.9689,318.4,Reach max iteration 50 | best_iter=10
qwen,sum,fb237_v3_ind_seed7001,75,500.0,96,7001,0.7272,0.6991,0.7607,0.8258,0.8053,0.6991,0.8947,0.9737,318.5,Reach max iteration 50 | best_iter=15
qwen,sum,fb237_v3_ind_seed7005,75,500.0,96,7005,0.7079,0.7305,0.757,0.8102,0.8204,0.7305,0.8945,0.9622,317.1,Reach max iteration 50 | best_iter=8
qwen,sum,fb237_v3_ind_seed7009,75,500.0,96,7009,0.7149,0.7097,0.764,0.8129,0.8111,0.7097,0.9009,0.97,319.1,Reach max iteration 50 | best_iter=9
qwen,sum,fb237_v3_ind_seed7001,75,1000.0,16,7001,0.6474,0.6133,0.6468,0.7519,0.7232,0.6133,0.7929,0.9119,158.3,Reach max iteration 50 | best_iter=26
qwen,sum,fb237_v3_ind_seed7005,75,1000.0,16,7005,0.6117,0.6261,0.632,0.7245,0.7298,0.6261,0.7982,0.9094,154.5,Reach max iteration 50 | best_iter=21
qwen,sum,fb237_v3_ind_seed7009,75,1000.0,16,7009,0.6299,0.6359,0.6514,0.7366,0.7403,0.6359,0.8168,0.9113,155.7,Reach max iteration 50 | best_iter=20
qwen,sum,fb237_v3_ind_seed7001,75,1000.0,32,7001,0.6728,0.6384,0.6741,0.776,0.7461,0.6384,0.8215,0.9291,181.7,Reach max iteration 50 | best_iter=15
qwen,sum,fb237_v3_ind_seed7005,75,1000.0,32,7005,0.6323,0.6628,0.6691,0.7464,0.7577,0.6628,0.8222,0.9163,180.7,Reach max iteration 50 | best_iter=16
qwen,sum,fb237_v3_ind_seed7009,75,1000.0,32,7009,0.6517,0.6486,0.6691,0.7563,0.7574,0.6486,0.8433,0.9274,183.5,Reach max iteration 50 | best_iter=46
qwen,sum,fb237_v3_ind_seed7001,75,1000.0,48,7001,0.6855,0.6556,0.6876,0.7867,0.7619,0.6556,0.8432,0.9348,207.3,Reach max iteration 50 | best_iter=44
qwen,sum,fb237_v3_ind_seed7005,75,1000.0,48,7005,0.6483,0.6709,0.6843,0.7591,0.7693,0.6709,0.8429,0.9335,204.4,Reach max iteration 50 | best_iter=13
qwen,sum,fb237_v3_ind_seed7009,75,1000.0,48,7009,0.6632,0.6659,0.6858,0.7679,0.7695,0.6659,0.8502,0.9366,205.7,Reach max iteration 50 | best_iter=32
qwen,sum,fb237_v3_ind_seed7001,75,1000.0,64,7001,0.6786,0.6545,0.6895,0.7845,0.7645,0.6545,0.8467,0.9359,228.5,Reach max iteration 50 | best_iter=25
qwen,sum,fb237_v3_ind_seed7005,75,1000.0,64,7005,0.669,0.6778,0.6962,0.7709,0.7749,0.6778,0.8509,0.9369,224.6,Reach max iteration 50 | best_iter=8
qwen,sum,fb237_v3_ind_seed7009,75,1000.0,64,7009,0.6724,0.6774,0.6924,0.7731,0.7772,0.6774,0.8583,0.9435,223.6,Reach max iteration 50 | best_iter=11
qwen,sum,fb237_v3_ind_seed7001,75,1000.0,80,7001,0.6936,0.6682,0.6995,0.7948,0.7751,0.6682,0.857,0.9416,236.7,Reach max iteration 50 | best_iter=9
qwen,sum,fb237_v3_ind_seed7005,75,1000.0,80,7005,0.6609,0.68,0.6967,0.7697,0.7787,0.68,0.8578,0.9404,233.9,Reach max iteration 50 | best_iter=25
qwen,sum,fb237_v3_ind_seed7009,75,1000.0,80,7009,0.6839,0.6751,0.7025,0.7818,0.7788,0.6751,0.8618,0.9459,235.8,Reach max iteration 50 | best_iter=40
qwen,sum,fb237_v3_ind_seed7001,75,1000.0,96,7001,0.6948,0.6613,0.6959,0.7961,0.7705,0.6613,0.8593,0.9416,267.3,Reach max iteration 50 | best_iter=26
qwen,sum,fb237_v3_ind_seed7005,75,1000.0,96,7005,0.6781,0.6812,0.7041,0.7808,0.7803,0.6812,0.8601,0.9461,254.2,Reach max iteration 50 | best_iter=14
qwen,sum,fb237_v3_ind_seed7009,75,1000.0,96,7009,0.6782,0.674,0.7044,0.7811,0.7798,0.674,0.8652,0.9482,261.3,Reach max iteration 50 | best_iter=23
qwen,sum,fb237_v3_ind_seed7001,100,1.0,16,7001,0.6798,0.6682,0.8974,0.7941,0.7834,0.6682,0.8856,0.9622,391.7,Reach max iteration 50 | best_iter=3
qwen,sum,fb237_v3_ind_seed7005,100,1.0,16,7005,0.6621,0.6422,0.9294,0.7813,0.7657,0.6422,0.8761,0.9507,399.7,Reach max iteration 50 | best_iter=49
qwen,sum,fb237_v3_ind_seed7009,100,1.0,16,7009,0.6736,0.682,0.9272,0.7878,0.7914,0.682,0.8882,0.9654,395.1,Reach max iteration 50 | best_iter=50
qwen,sum,fb237_v3_ind_seed7001,100,1.0,32,7001,0.6705,0.6362,0.9309,0.7876,0.7629,0.6362,0.8822,0.9519,396.9,Reach max iteration 50 | best_iter=50
qwen,sum,fb237_v3_ind_seed7005,100,1.0,32,7005,0.6632,0.6525,0.9294,0.7769,0.7707,0.6525,0.8761,0.9507,405.6,Reach max iteration 50 | best_iter=45
qwen,sum,fb237_v3_ind_seed7009,100,1.0,32,7009,0.677,0.6843,0.9146,0.7899,0.7938,0.6843,0.8963,0.9597,399.3,Reach max iteration 50 | best_iter=2
qwen,sum,fb237_v3_ind_seed7001,100,1.0,48,7001,0.6751,0.6556,0.8942,0.7916,0.7764,0.6556,0.8867,0.9565,397.4,Reach max iteration 50 | best_iter=3
qwen,sum,fb237_v3_ind_seed7005,100,1.0,48,7005,0.6712,0.6227,0.9223,0.7857,0.7508,0.6227,0.8635,0.9484,404.3,Reach max iteration 50 | best_iter=4
qwen,sum,fb237_v3_ind_seed7009,100,1.0,48,7009,0.677,0.6855,0.9158,0.7895,0.7977,0.6855,0.8952,0.9666,401.0,Reach max iteration 50 | best_iter=3
qwen,sum,fb237_v3_ind_seed7001,100,1.0,64,7001,0.7121,0.6693,0.8681,0.8113,0.7844,0.6693,0.8902,0.9577,396.7,Reach max iteration 50 | best_iter=2
qwen,sum,fb237_v3_ind_seed7005,100,1.0,64,7005,0.6621,0.656,0.9084,0.7778,0.7715,0.656,0.8739,0.9461,402.9,Reach max iteration 50 | best_iter=3
qwen,sum,fb237_v3_ind_seed7009,100,1.0,64,7009,0.6954,0.6728,0.8212,0.7927,0.7842,0.6728,0.8744,0.9585,403.6,Reach max iteration 50 | best_iter=2
qwen,sum,fb237_v3_ind_seed7001,100,1.0,80,7001,0.6879,0.6636,0.8098,0.7935,0.7751,0.6636,0.8753,0.9462,402.3,Reach max iteration 50 | best_iter=2
qwen,sum,fb237_v3_ind_seed7005,100,1.0,80,7005,0.6701,0.6571,0.9154,0.7886,0.7777,0.6571,0.8899,0.9553,398.4,Reach max iteration 50 | best_iter=3
qwen,sum,fb237_v3_ind_seed7009,100,1.0,80,7009,0.6954,0.6959,0.907,0.8042,0.8083,0.6959,0.9136,0.9724,411.6,Reach max iteration 50 | best_iter=3
qwen,sum,fb237_v3_ind_seed7001,100,1.0,96,7001,0.696,0.6499,0.8785,0.8022,0.7724,0.6499,0.8753,0.9622,403.5,Reach max iteration 50 | best_iter=2
qwen,sum,fb237_v3_ind_seed7005,100,1.0,96,7005,0.6838,0.6755,0.8796,0.7959,0.7907,0.6755,0.8922,0.969,396.5,Reach max iteration 50 | best_iter=2
qwen,sum,fb237_v3_ind_seed7009,100,1.0,96,7009,0.677,0.6912,0.9088,0.7901,0.8027,0.6912,0.9021,0.97,404.4,Reach max iteration 50 | best_iter=3
qwen,sum,fb237_v3_ind_seed7001,100,5.0,16,7001,0.6925,0.651,0.9309,0.8027,0.7758,0.651,0.8947,0.9645,395.8,Reach max iteration 50 | best_iter=13
qwen,sum,fb237_v3_ind_seed7005,100,5.0,16,7005,0.6758,0.6571,0.9294,0.792,0.7777,0.6571,0.8819,0.9587,392.8,Reach max iteration 50 | best_iter=27
qwen,sum,fb237_v3_ind_seed7009,100,5.0,16,7009,0.6736,0.6901,0.9272,0.7917,0.7989,0.6901,0.8917,0.9712,399.4,Reach max iteration 50 | best_iter=26
qwen,sum,fb237_v3_ind_seed7001,100,5.0,32,7001,0.6786,0.651,0.9309,0.7958,0.7788,0.651,0.8959,0.9668,399.5,Reach max iteration 50 | best_iter=50
qwen,sum,fb237_v3_ind_seed7005,100,5.0,32,7005,0.6667,0.6502,0.9209,0.7842,0.7697,0.6502,0.8773,0.945,403.1,Reach max iteration 50 | best_iter=3
qwen,sum,fb237_v3_ind_seed7009,100,5.0,32,7009,0.6805,0.6843,0.9272,0.7969,0.7981,0.6843,0.8963,0.9724,410.0,Reach max iteration 50 | best_iter=33
qwen,sum,fb237_v3_ind_seed7001,100,5.0,48,7001,0.6867,0.6568,0.8517,0.7963,0.7784,0.6568,0.8924,0.9622,402.9,Reach max iteration 50 | best_iter=2
qwen,sum,fb237_v3_ind_seed7005,100,5.0,48,7005,0.6701,0.6502,0.9294,0.7903,0.7748,0.6502,0.8888,0.9553,397.5,Reach max iteration 50 | best_iter=34
qwen,sum,fb237_v3_ind_seed7009,100,5.0,48,7009,0.6908,0.6947,0.8904,0.7988,0.8057,0.6947,0.9032,0.9677,396.6,Reach max iteration 50 | best_iter=2
qwen,sum,fb237_v3_ind_seed7001,100,5.0,64,7001,0.7064,0.6751,0.8952,0.8083,0.7873,0.6751,0.8833,0.9611,394.8,Reach max iteration 50 | best_iter=3
qwen,sum,fb237_v3_ind_seed7005,100,5.0,64,7005,0.6735,0.6525,0.9294,0.7938,0.7774,0.6525,0.8911,0.9576,406.8,Reach max iteration 50 | best_iter=42
qwen,sum,fb237_v3_ind_seed7009,100,5.0,64,7009,0.7046,0.7005,0.8589,0.8049,0.8071,0.7005,0.9055,0.9677,396.2,Reach max iteration 50 | best_iter=2
qwen,sum,fb237_v3_ind_seed7001,100,5.0,80,7001,0.6925,0.659,0.8674,0.8033,0.7785,0.659,0.8844,0.96,404.0,Reach max iteration 50 | best_iter=2
qwen,sum,fb237_v3_ind_seed7005,100,5.0,80,7005,0.6724,0.6548,0.9294,0.7908,0.7762,0.6548,0.8784,0.9587,401.0,Reach max iteration 50 | best_iter=34
qwen,sum,fb237_v3_ind_seed7009,100,5.0,80,7009,0.6931,0.7039,0.9027,0.8044,0.8128,0.7039,0.9136,0.9735,407.7,Reach max iteration 50 | best_iter=3
qwen,sum,fb237_v3_ind_seed7001,100,5.0,96,7001,0.6844,0.6648,0.9309,0.8019,0.7847,0.6648,0.8924,0.9691,404.3,Reach max iteration 50 | best_iter=50
qwen,sum,fb237_v3_ind_seed7005,100,5.0,96,7005,0.6793,0.6823,0.8773,0.7935,0.7946,0.6823,0.8956,0.969,401.4,Reach max iteration 50 | best_iter=2
qwen,sum,fb237_v3_ind_seed7009,100,5.0,96,7009,0.6862,0.7085,0.8824,0.7963,0.814,0.7085,0.9067,0.9758,412.3,Reach max iteration 50 | best_iter=2
qwen,sum,fb237_v3_ind_seed7001,100,10.0,16,7001,0.6936,0.6636,0.9305,0.8076,0.7837,0.6636,0.8924,0.9668,394.5,Reach max iteration 50 | best_iter=14
qwen,sum,fb237_v3_ind_seed7005,100,10.0,16,7005,0.677,0.6491,0.929,0.7945,0.7744,0.6491,0.8911,0.9541,402.8,Reach max iteration 50 | best_iter=20
qwen,sum,fb237_v3_ind_seed7009,100,10.0,16,7009,0.6862,0.6843,0.9272,0.8015,0.7981,0.6843,0.894,0.977,403.2,Reach max iteration 50 | best_iter=16
qwen,sum,fb237_v3_ind_seed7001,100,10.0,32,7001,0.689,0.6602,0.9309,0.8031,0.7864,0.6602,0.905,0.9691,402.3,Reach max iteration 50 | best_iter=43
qwen,sum,fb237_v3_ind_seed7005,100,10.0,32,7005,0.6793,0.6732,0.9018,0.7935,0.7816,0.6732,0.8704,0.9495,397.9,Reach max iteration 50 | best_iter=3
qwen,sum,fb237_v3_ind_seed7009,100,10.0,32,7009,0.6874,0.6878,0.9272,0.8018,0.8001,0.6878,0.8963,0.9735,406.2,Reach max iteration 50 | best_iter=15
qwen,sum,fb237_v3_ind_seed7001,100,10.0,48,7001,0.6879,0.6705,0.9309,0.8044,0.7875,0.6705,0.8993,0.9645,401.0,Reach max iteration 50 | best_iter=45
qwen,sum,fb237_v3_ind_seed7005,100,10.0,48,7005,0.6793,0.6433,0.8977,0.7912,0.7692,0.6433,0.8842,0.9495,408.1,Reach max iteration 50 | best_iter=2
qwen,sum,fb237_v3_ind_seed7009,100,10.0,48,7009,0.6931,0.6855,0.9272,0.8017,0.8026,0.6855,0.9067,0.9724,405.6,Reach max iteration 50 | best_iter=41
qwen,sum,fb237_v3_ind_seed7001,100,10.0,64,7001,0.6983,0.667,0.9309,0.8097,0.7902,0.667,0.9085,0.9725,399.5,Reach max iteration 50 | best_iter=43
qwen,sum,fb237_v3_ind_seed7005,100,10.0,64,7005,0.6712,0.664,0.9291,0.7935,0.7832,0.664,0.8876,0.961,406.1,Reach max iteration 50 | best_iter=26
qwen,sum,fb237_v3_ind_seed7009,100,10.0,64,7009,0.7115,0.7028,0.8503,0.8094,0.8093,0.7028,0.9055,0.9735,395.8,Reach max iteration 50 | best_iter=2
qwen,sum,fb237_v3_ind_seed7001,100,10.0,80,7001,0.7064,0.6636,0.8448,0.8111,0.7827,0.6636,0.8913,0.9611,398.8,Reach max iteration 50 | best_iter=2
qwen,sum,fb237_v3_ind_seed7005,100,10.0,80,7005,0.6816,0.6709,0.8992,0.794,0.789,0.6709,0.9014,0.9622,399.5,Reach max iteration 50 | best_iter=2
qwen,sum,fb237_v3_ind_seed7009,100,10.0,80,7009,0.7046,0.7051,0.8508,0.81,0.8103,0.7051,0.9113,0.9758,407.4,Reach max iteration 50 | best_iter=2
qwen,sum,fb237_v3_ind_seed7001,100,10.0,96,7001,0.704,0.6659,0.9308,0.8132,0.7861,0.6659,0.8959,0.9737,405.9,Reach max iteration 50 | best_iter=37
qwen,sum,fb237_v3_ind_seed7005,100,10.0,96,7005,0.6861,0.68,0.8856,0.797,0.7923,0.68,0.8888,0.9644,400.3,Reach max iteration 50 | best_iter=2
qwen,sum,fb237_v3_ind_seed7009,100,10.0,96,7009,0.6908,0.6982,0.8636,0.7982,0.8103,0.6982,0.9067,0.977,403.7,Reach max iteration 50 | best_iter=2
qwen,sum,fb237_v3_ind_seed7001,100,50.0,16,7001,0.7202,0.6716,0.9015,0.8254,0.7962,0.6716,0.9233,0.9737,402.8,Reach max iteration 50 | best_iter=5
qwen,sum,fb237_v3_ind_seed7005,100,50.0,16,7005,0.7079,0.6892,0.8804,0.8155,0.8035,0.6892,0.9037,0.9736,398.1,Reach max iteration 50 | best_iter=3
qwen,sum,fb237_v3_ind_seed7009,100,50.0,16,7009,0.7046,0.7166,0.8838,0.8128,0.8219,0.7166,0.9101,0.9816,406.6,Reach max iteration 50 | best_iter=3
qwen,sum,fb237_v3_ind_seed7001,100,50.0,32,7001,0.7191,0.6888,0.88,0.8247,0.8059,0.6888,0.9142,0.976,405.0,Reach max iteration 50 | best_iter=3
qwen,sum,fb237_v3_ind_seed7005,100,50.0,32,7005,0.709,0.7133,0.8612,0.8177,0.8132,0.7133,0.9002,0.969,396.8,Reach max iteration 50 | best_iter=3
qwen,sum,fb237_v3_ind_seed7009,100,50.0,32,7009,0.7126,0.7177,0.8535,0.8164,0.822,0.7177,0.9136,0.9781,402.8,Reach max iteration 50 | best_iter=2
qwen,sum,fb237_v3_ind_seed7001,100,50.0,48,7001,0.711,0.6876,0.9084,0.8214,0.8061,0.6876,0.9222,0.9794,408.6,Reach max iteration 50 | best_iter=7
qwen,sum,fb237_v3_ind_seed7005,100,50.0,48,7005,0.6999,0.6858,0.9107,0.8116,0.801,0.6858,0.8991,0.9656,399.5,Reach max iteration 50 | best_iter=9
qwen,sum,fb237_v3_ind_seed7009,100,50.0,48,7009,0.7069,0.712,0.8882,0.8161,0.8218,0.712,0.9251,0.9781,404.1,Reach max iteration 50 | best_iter=4
qwen,sum,fb237_v3_ind_seed7001,100,50.0,64,7001,0.7237,0.7014,0.8804,0.8259,0.8124,0.7014,0.9096,0.9805,407.5,Reach max iteration 50 | best_iter=3
qwen,sum,fb237_v3_ind_seed7005,100,50.0,64,7005,0.7022,0.6881,0.9114,0.8126,0.8043,0.6881,0.9106,0.9679,399.3,Reach max iteration 50 | best_iter=11
qwen,sum,fb237_v3_ind_seed7009,100,50.0,64,7009,0.7264,0.7339,0.8617,0.8252,0.8317,0.7339,0.9171,0.9804,396.5,Reach max iteration 50 | best_iter=4
qwen,sum,fb237_v3_ind_seed7001,100,50.0,80,7001,0.7214,0.6876,0.9161,0.8253,0.806,0.6876,0.9222,0.9817,405.0,Reach max iteration 50 | best_iter=41
qwen,sum,fb237_v3_ind_seed7005,100,50.0,80,7005,0.7113,0.6995,0.8827,0.8162,0.8052,0.6995,0.8956,0.9702,406.5,Reach max iteration 50 | best_iter=3
qwen,sum,fb237_v3_ind_seed7009,100,50.0,80,7009,0.7103,0.7131,0.9009,0.8194,0.8227,0.7131,0.9251,0.9781,408.9,Reach max iteration 50 | best_iter=6
qwen,sum,fb237_v3_ind_seed7001,100,50.0,96,7001,0.7098,0.6842,0.9104,0.82,0.8035,0.6842,0.9199,0.9783,407.3,Reach max iteration 50 | best_iter=14
qwen,sum,fb237_v3_ind_seed7005,100,50.0,96,7005,0.701,0.6915,0.9131,0.8138,0.8056,0.6915,0.9025,0.9702,396.4,Reach max iteration 50 | best_iter=17
qwen,sum,fb237_v3_ind_seed7009,100,50.0,96,7009,0.7149,0.7258,0.8743,0.8197,0.829,0.7258,0.9205,0.9839,406.9,Reach max iteration 50 | best_iter=3
qwen,sum,fb237_v3_ind_seed7001,100,100.0,16,7001,0.7341,0.6934,0.8446,0.8345,0.8094,0.6934,0.9153,0.9805,406.2,Reach max iteration 50 | best_iter=5
qwen,sum,fb237_v3_ind_seed7005,100,100.0,16,7005,0.7159,0.7087,0.8628,0.8187,0.8152,0.7087,0.914,0.9679,401.8,Reach max iteration 50 | best_iter=44
qwen,sum,fb237_v3_ind_seed7009,100,100.0,16,7009,0.723,0.7235,0.8588,0.825,0.8275,0.7235,0.9217,0.9816,401.2,Reach max iteration 50 | best_iter=45
qwen,sum,fb237_v3_ind_seed7001,100,100.0,32,7001,0.7364,0.7048,0.8592,0.8359,0.8178,0.7048,0.9233,0.984,404.0,Reach max iteration 50 | best_iter=10
qwen,sum,fb237_v3_ind_seed7005,100,100.0,32,7005,0.7239,0.7167,0.8581,0.8286,0.821,0.7167,0.9106,0.9759,411.9,Reach max iteration 50 | best_iter=7
qwen,sum,fb237_v3_ind_seed7009,100,100.0,32,7009,0.7276,0.7224,0.854,0.8277,0.8259,0.7224,0.9217,0.9816,403.6,Reach max iteration 50 | best_iter=6
qwen,sum,fb237_v3_ind_seed7001,100,100.0,48,7001,0.7364,0.6991,0.8678,0.8361,0.8137,0.6991,0.9245,0.984,399.6,Reach max iteration 50 | best_iter=18
qwen,sum,fb237_v3_ind_seed7005,100,100.0,48,7005,0.7262,0.7099,0.8713,0.8288,0.8164,0.7099,0.9151,0.9759,404.2,Reach max iteration 50 | best_iter=20
qwen,sum,fb237_v3_ind_seed7009,100,100.0,48,7009,0.7287,0.7154,0.8674,0.8288,0.8244,0.7154,0.9263,0.9839,399.7,Reach max iteration 50 | best_iter=29
qwen,sum,fb237_v3_ind_seed7001,100,100.0,64,7001,0.7364,0.7094,0.8681,0.8358,0.819,0.7094,0.9211,0.984,399.6,Reach max iteration 50 | best_iter=14
qwen,sum,fb237_v3_ind_seed7005,100,100.0,64,7005,0.7285,0.7122,0.8598,0.8287,0.8173,0.7122,0.9094,0.9725,399.0,Reach max iteration 50 | best_iter=7
qwen,sum,fb237_v3_ind_seed7009,100,100.0,64,7009,0.7345,0.7224,0.8654,0.8305,0.8284,0.7224,0.9297,0.9827,408.5,Reach max iteration 50 | best_iter=11
qwen,sum,fb237_v3_ind_seed7001,100,100.0,80,7001,0.7353,0.6991,0.8571,0.8349,0.8135,0.6991,0.9233,0.9794,406.5,Reach max iteration 50 | best_iter=5
qwen,sum,fb237_v3_ind_seed7005,100,100.0,80,7005,0.7205,0.7156,0.8715,0.8256,0.8184,0.7156,0.9037,0.9771,403.7,Reach max iteration 50 | best_iter=14
qwen,sum,fb237_v3_ind_seed7009,100,100.0,80,7009,0.7345,0.7247,0.8611,0.8327,0.8293,0.7247,0.9205,0.9827,408.5,Reach max iteration 50 | best_iter=7
qwen,sum,fb237_v3_ind_seed7001,100,100.0,96,7001,0.7306,0.7002,0.8755,0.8323,0.8135,0.7002,0.9222,0.984,405.3,Reach max iteration 50 | best_iter=25
qwen,sum,fb237_v3_ind_seed7005,100,100.0,96,7005,0.7239,0.7133,0.8747,0.8268,0.819,0.7133,0.9117,0.9759,400.9,Reach max iteration 50 | best_iter=19
qwen,sum,fb237_v3_ind_seed7009,100,100.0,96,7009,0.7299,0.7281,0.862,0.8279,0.8303,0.7281,0.9263,0.9827,402.5,Reach max iteration 50 | best_iter=7
qwen,sum,fb237_v3_ind_seed7001,100,500.0,16,7001,0.7052,0.6728,0.7164,0.8039,0.7789,0.6728,0.8638,0.9497,260.8,Reach max iteration 50 | best_iter=14
qwen,sum,fb237_v3_ind_seed7005,100,500.0,16,7005,0.6793,0.6835,0.7131,0.7804,0.7844,0.6835,0.8658,0.945,260.1,Reach max iteration 50 | best_iter=34
qwen,sum,fb237_v3_ind_seed7009,100,500.0,16,7009,0.6943,0.6763,0.7156,0.7916,0.7844,0.6763,0.8744,0.9585,258.9,Reach max iteration 50 | best_iter=41
qwen,sum,fb237_v3_ind_seed7001,100,500.0,32,7001,0.7121,0.6831,0.736,0.8129,0.7915,0.6831,0.8787,0.9611,297.8,Reach max iteration 50 | best_iter=10
qwen,sum,fb237_v3_ind_seed7005,100,500.0,32,7005,0.6884,0.7018,0.7298,0.7927,0.8005,0.7018,0.8796,0.953,296.8,Reach max iteration 50 | best_iter=18
qwen,sum,fb237_v3_ind_seed7009,100,500.0,32,7009,0.6989,0.6935,0.7347,0.7996,0.7967,0.6935,0.8802,0.9539,296.9,Reach max iteration 50 | best_iter=16
qwen,sum,fb237_v3_ind_seed7001,100,500.0,48,7001,0.726,0.6922,0.7448,0.8195,0.7982,0.6922,0.881,0.9668,339.4,Reach max iteration 50 | best_iter=14
qwen,sum,fb237_v3_ind_seed7005,100,500.0,48,7005,0.6987,0.7064,0.7384,0.7996,0.8036,0.7064,0.8819,0.9564,354.1,Reach max iteration 50 | best_iter=6
qwen,sum,fb237_v3_ind_seed7009,100,500.0,48,7009,0.7069,0.6959,0.736,0.8044,0.798,0.6959,0.8825,0.9608,339.3,Reach max iteration 50 | best_iter=6
qwen,sum,fb237_v3_ind_seed7001,100,500.0,64,7001,0.7283,0.6831,0.749,0.8238,0.7932,0.6831,0.8822,0.968,376.1,Reach max iteration 50 | best_iter=11
qwen,sum,fb237_v3_ind_seed7005,100,500.0,64,7005,0.7056,0.7144,0.7492,0.8055,0.8111,0.7144,0.8956,0.9599,368.4,Reach max iteration 50 | best_iter=13
qwen,sum,fb237_v3_ind_seed7009,100,500.0,64,7009,0.7103,0.7039,0.7523,0.8076,0.8064,0.7039,0.8917,0.9643,375.8,Reach max iteration 50 | best_iter=10
qwen,sum,fb237_v3_ind_seed7001,100,500.0,80,7001,0.7306,0.6911,0.7564,0.8263,0.7996,0.6911,0.8856,0.9725,406.2,Reach max iteration 50 | best_iter=12
qwen,sum,fb237_v3_ind_seed7005,100,500.0,80,7005,0.7079,0.7099,0.7369,0.8036,0.8027,0.7099,0.8784,0.9553,401.4,Reach max iteration 50 | best_iter=6
qwen,sum,fb237_v3_ind_seed7009,100,500.0,80,7009,0.7149,0.7062,0.7612,0.8114,0.8104,0.7062,0.8998,0.9677,399.2,Reach max iteration 50 | best_iter=23
qwen,sum,fb237_v3_ind_seed7001,100,500.0,96,7001,0.7353,0.7025,0.7656,0.8284,0.8068,0.7025,0.889,0.976,401.6,Reach max iteration 50 | best_iter=10
qwen,sum,fb237_v3_ind_seed7005,100,500.0,96,7005,0.7079,0.7236,0.7539,0.8087,0.817,0.7236,0.8956,0.9622,397.9,Reach max iteration 50 | best_iter=41
qwen,sum,fb237_v3_ind_seed7009,100,500.0,96,7009,0.7172,0.7039,0.7615,0.8144,0.8092,0.7039,0.8998,0.9689,399.3,Reach max iteration 50 | best_iter=16
qwen,sum,fb237_v3_ind_seed7001,100,1000.0,16,7001,0.6509,0.6247,0.6527,0.7563,0.7316,0.6247,0.8043,0.9085,196.8,Reach max iteration 50 | best_iter=13
qwen,sum,fb237_v3_ind_seed7005,100,1000.0,16,7005,0.6094,0.6307,0.6343,0.7235,0.7314,0.6307,0.7982,0.906,196.5,Reach max iteration 50 | best_iter=14
qwen,sum,fb237_v3_ind_seed7009,100,1000.0,16,7009,0.631,0.6336,0.6485,0.7376,0.7418,0.6336,0.8203,0.9147,192.0,Reach max iteration 50 | best_iter=29
qwen,sum,fb237_v3_ind_seed7001,100,1000.0,32,7001,0.6717,0.6373,0.6673,0.7751,0.7466,0.6373,0.8249,0.9302,229.7,Reach max iteration 50 | best_iter=14
qwen,sum,fb237_v3_ind_seed7005,100,1000.0,32,7005,0.6357,0.664,0.6718,0.7484,0.7602,0.664,0.8291,0.9209,227.8,Reach max iteration 50 | best_iter=39
qwen,sum,fb237_v3_ind_seed7009,100,1000.0,32,7009,0.6494,0.659,0.674,0.7549,0.7625,0.659,0.8387,0.9263,227.0,Reach max iteration 50 | best_iter=10
qwen,sum,fb237_v3_ind_seed7001,100,1000.0,48,7001,0.6809,0.6556,0.6842,0.7836,0.7612,0.6556,0.8364,0.9359,260.0,Reach max iteration 50 | best_iter=8
qwen,sum,fb237_v3_ind_seed7005,100,1000.0,48,7005,0.6541,0.6697,0.686,0.7633,0.7677,0.6697,0.8406,0.9266,260.9,Reach max iteration 50 | best_iter=13
qwen,sum,fb237_v3_ind_seed7009,100,1000.0,48,7009,0.6678,0.6717,0.685,0.7706,0.7724,0.6717,0.8468,0.932,251.1,Reach max iteration 50 | best_iter=15
qwen,sum,fb237_v3_ind_seed7001,100,1000.0,64,7001,0.6936,0.6579,0.6879,0.7928,0.766,0.6579,0.8501,0.9394,284.4,Reach max iteration 50 | best_iter=11
qwen,sum,fb237_v3_ind_seed7005,100,1000.0,64,7005,0.6564,0.6755,0.6939,0.7662,0.771,0.6755,0.8452,0.9369,287.1,Reach max iteration 50 | best_iter=36
qwen,sum,fb237_v3_ind_seed7009,100,1000.0,64,7009,0.6759,0.6705,0.6958,0.7764,0.7757,0.6705,0.8606,0.9378,289.3,Reach max iteration 50 | best_iter=14
qwen,sum,fb237_v3_ind_seed7001,100,1000.0,80,7001,0.6902,0.667,0.6988,0.7933,0.7735,0.667,0.857,0.9416,300.4,Reach max iteration 50 | best_iter=9
qwen,sum,fb237_v3_ind_seed7005,100,1000.0,80,7005,0.6655,0.6766,0.6945,0.7711,0.7773,0.6766,0.8635,0.9461,294.4,Reach max iteration 50 | best_iter=11
qwen,sum,fb237_v3_ind_seed7009,100,1000.0,80,7009,0.6759,0.6774,0.6983,0.7774,0.7801,0.6774,0.8606,0.9435,298.4,Reach max iteration 50 | best_iter=9
qwen,sum,fb237_v3_ind_seed7001,100,1000.0,96,7001,0.696,0.6636,0.7021,0.7953,0.7717,0.6636,0.8547,0.9451,332.5,Reach max iteration 50 | best_iter=12
qwen,sum,fb237_v3_ind_seed7005,100,1000.0,96,7005,0.6735,0.6869,0.7016,0.7779,0.783,0.6869,0.8578,0.9415,326.2,Reach max iteration 50 | best_iter=8
qwen,sum,fb237_v3_ind_seed7009,100,1000.0,96,7009,0.677,0.6774,0.6979,0.7779,0.7811,0.6774,0.8641,0.9447,325.2,Reach max iteration 50 | best_iter=10
qwen,sum,fb237_v3_ind_seed7001,125,1.0,16,7001,0.6775,0.643,0.9309,0.7917,0.7695,0.643,0.8867,0.96,473.2,Reach max iteration 50 | best_iter=47
qwen,sum,fb237_v3_ind_seed7005,125,1.0,16,7005,0.669,0.6537,0.9294,0.7867,0.7746,0.6537,0.8761,0.9564,483.8,Reach max iteration 50 | best_iter=40
qwen,sum,fb237_v3_ind_seed7009,125,1.0,16,7009,0.6816,0.6786,0.9272,0.7931,0.7918,0.6786,0.8929,0.9689,486.7,Reach max iteration 50 | best_iter=49
qwen,sum,fb237_v3_ind_seed7001,125,1.0,32,7001,0.6682,0.6442,0.9309,0.7845,0.7686,0.6442,0.881,0.9565,486.7,Reach max iteration 50 | best_iter=50
qwen,sum,fb237_v3_ind_seed7005,125,1.0,32,7005,0.6598,0.6445,0.9294,0.7773,0.7649,0.6445,0.875,0.9518,471.7,Reach max iteration 50 | best_iter=50
qwen,sum,fb237_v3_ind_seed7009,125,1.0,32,7009,0.6839,0.6935,0.9058,0.7966,0.8017,0.6935,0.8906,0.9712,477.7,Reach max iteration 50 | best_iter=3
qwen,sum,fb237_v3_ind_seed7001,125,1.0,48,7001,0.6936,0.6773,0.8625,0.7984,0.7867,0.6773,0.881,0.9531,487.3,Reach max iteration 50 | best_iter=2
qwen,sum,fb237_v3_ind_seed7005,125,1.0,48,7005,0.6598,0.6709,0.8539,0.7796,0.7792,0.6709,0.8704,0.9507,482.8,Reach max iteration 50 | best_iter=2
qwen,sum,fb237_v3_ind_seed7009,125,1.0,48,7009,0.6828,0.6855,0.8724,0.7938,0.7949,0.6855,0.8894,0.9654,482.8,Reach max iteration 50 | best_iter=2
qwen,sum,fb237_v3_ind_seed7001,125,1.0,64,7001,0.6936,0.6716,0.8851,0.7983,0.7861,0.6716,0.8833,0.9691,477.2,Reach max iteration 50 | best_iter=4
qwen,sum,fb237_v3_ind_seed7005,125,1.0,64,7005,0.669,0.6514,0.9173,0.7904,0.7734,0.6514,0.8784,0.9564,488.6,Reach max iteration 50 | best_iter=3
qwen,sum,fb237_v3_ind_seed7009,125,1.0,64,7009,0.6851,0.7039,0.8301,0.7935,0.8078,0.7039,0.9044,0.9654,489.3,Reach max iteration 50 | best_iter=2
qwen,sum,fb237_v3_ind_seed7001,125,1.0,80,7001,0.6879,0.6465,0.8816,0.7962,0.7689,0.6465,0.8787,0.9508,485.5,Reach max iteration 50 | best_iter=2
qwen,sum,fb237_v3_ind_seed7005,125,1.0,80,7005,0.6529,0.6422,0.9294,0.7756,0.7661,0.6422,0.8704,0.9507,491.6,Reach max iteration 50 | best_iter=49
qwen,sum,fb237_v3_ind_seed7009,125,1.0,80,7009,0.6977,0.7108,0.8774,0.8031,0.8142,0.7108,0.9021,0.9689,485.8,Reach max iteration 50 | best_iter=2
qwen,sum,fb237_v3_ind_seed7001,125,1.0,96,7001,0.689,0.6602,0.9025,0.7985,0.7794,0.6602,0.8833,0.9565,487.5,Reach max iteration 50 | best_iter=2
qwen,sum,fb237_v3_ind_seed7005,125,1.0,96,7005,0.6678,0.6606,0.9052,0.788,0.7813,0.6606,0.8888,0.9679,487.7,Reach max iteration 50 | best_iter=2
qwen,sum,fb237_v3_ind_seed7009,125,1.0,96,7009,0.6897,0.6901,0.86,0.7973,0.8036,0.6901,0.9101,0.9712,484.7,Reach max iteration 50 | best_iter=2
qwen,sum,fb237_v3_ind_seed7001,125,5.0,16,7001,0.696,0.651,0.9309,0.807,0.7745,0.651,0.8902,0.9622,476.3,Reach max iteration 50 | best_iter=17
qwen,sum,fb237_v3_ind_seed7005,125,5.0,16,7005,0.6838,0.6606,0.9294,0.7982,0.7829,0.6606,0.8888,0.9587,479.3,Reach max iteration 50 | best_iter=18
qwen,sum,fb237_v3_ind_seed7009,125,5.0,16,7009,0.6874,0.6924,0.9272,0.801,0.8024,0.6924,0.9067,0.9677,482.5,Reach max iteration 50 | best_iter=20
qwen,sum,fb237_v3_ind_seed7001,125,5.0,32,7001,0.6867,0.6682,0.9309,0.801,0.7886,0.6682,0.9005,0.9668,474.9,Reach max iteration 50 | best_iter=50
qwen,sum,fb237_v3_ind_seed7005,125,5.0,32,7005,0.6632,0.6628,0.9294,0.7859,0.7844,0.6628,0.8922,0.961,473.6,Reach max iteration 50 | best_iter=48
qwen,sum,fb237_v3_ind_seed7009,125,5.0,32,7009,0.6874,0.6959,0.8931,0.7977,0.8029,0.6959,0.894,0.9712,478.6,Reach max iteration 50 | best_iter=3
qwen,sum,fb237_v3_ind_seed7001,125,5.0,48,7001,0.7017,0.6808,0.8612,0.8025,0.7874,0.6808,0.8776,0.9554,479.3,Reach max iteration 50 | best_iter=2
qwen,sum,fb237_v3_ind_seed7005,125,5.0,48,7005,0.6724,0.6697,0.9294,0.7922,0.7886,0.6697,0.8979,0.9553,485.7,Reach max iteration 50 | best_iter=43
qwen,sum,fb237_v3_ind_seed7009,125,5.0,48,7009,0.6966,0.6993,0.8916,0.8011,0.8062,0.6993,0.894,0.9747,485.7,Reach max iteration 50 | best_iter=2
qwen,sum,fb237_v3_ind_seed7001,125,5.0,64,7001,0.6855,0.6693,0.9309,0.8012,0.7887,0.6693,0.9005,0.968,478.7,Reach max iteration 50 | best_iter=48
qwen,sum,fb237_v3_ind_seed7005,125,5.0,64,7005,0.6632,0.6674,0.9294,0.7872,0.7858,0.6674,0.8876,0.9564,488.5,Reach max iteration 50 | best_iter=50
qwen,sum,fb237_v3_ind_seed7009,125,5.0,64,7009,0.677,0.6947,0.9272,0.7978,0.8072,0.6947,0.9113,0.9758,487.9,Reach max iteration 50 | best_iter=50
qwen,sum,fb237_v3_ind_seed7001,125,5.0,80,7001,0.6809,0.6625,0.9309,0.801,0.7852,0.6625,0.9016,0.9577,492.3,Reach max iteration 50 | best_iter=49
qwen,sum,fb237_v3_ind_seed7005,125,5.0,80,7005,0.6712,0.6548,0.9294,0.7896,0.7756,0.6548,0.8773,0.9576,481.7,Reach max iteration 50 | best_iter=32
qwen,sum,fb237_v3_ind_seed7009,125,5.0,80,7009,0.6851,0.7154,0.883,0.798,0.8168,0.7154,0.9032,0.97,490.0,Reach max iteration 50 | best_iter=2
qwen,sum,fb237_v3_ind_seed7001,125,5.0,96,7001,0.6867,0.659,0.9309,0.8017,0.7821,0.659,0.8947,0.9622,491.0,Reach max iteration 50 | best_iter=50
qwen,sum,fb237_v3_ind_seed7005,125,5.0,96,7005,0.6712,0.6479,0.9294,0.791,0.7745,0.6479,0.8876,0.9656,492.9,Reach max iteration 50 | best_iter=50
qwen,sum,fb237_v3_ind_seed7009,125,5.0,96,7009,0.6851,0.6959,0.9272,0.7999,0.8065,0.6959,0.9136,0.9735,487.3,Reach max iteration 50 | best_iter=50
qwen,sum,fb237_v3_ind_seed7001,125,10.0,16,7001,0.6948,0.6545,0.9309,0.8078,0.7797,0.6545,0.8936,0.9691,474.5,Reach max iteration 50 | best_iter=43
qwen,sum,fb237_v3_ind_seed7005,125,10.0,16,7005,0.6827,0.6617,0.929,0.7997,0.7859,0.6617,0.9014,0.9564,490.4,Reach max iteration 50 | best_iter=12
qwen,sum,fb237_v3_ind_seed7009,125,10.0,16,7009,0.6782,0.7039,0.9272,0.798,0.8124,0.7039,0.9055,0.9735,467.6,Reach max iteration 50 | best_iter=29
qwen,sum,fb237_v3_ind_seed7001,125,10.0,32,7001,0.6925,0.6682,0.9309,0.8062,0.7911,0.6682,0.9062,0.9725,493.9,Reach max iteration 50 | best_iter=39
qwen,sum,fb237_v3_ind_seed7005,125,10.0,32,7005,0.6712,0.6686,0.9291,0.793,0.7901,0.6686,0.9002,0.9633,476.5,Reach max iteration 50 | best_iter=31
qwen,sum,fb237_v3_ind_seed7009,125,10.0,32,7009,0.6897,0.6935,0.9096,0.801,0.8043,0.6935,0.8986,0.9712,495.5,Reach max iteration 50 | best_iter=2
qwen,sum,fb237_v3_ind_seed7001,125,10.0,48,7001,0.6913,0.667,0.9309,0.8065,0.7865,0.667,0.8959,0.9748,486.9,Reach max iteration 50 | best_iter=40
qwen,sum,fb237_v3_ind_seed7005,125,10.0,48,7005,0.669,0.6628,0.929,0.7908,0.7844,0.6628,0.9014,0.9564,477.0,Reach max iteration 50 | best_iter=31
qwen,sum,fb237_v3_ind_seed7009,125,10.0,48,7009,0.6954,0.6935,0.8769,0.8033,0.8004,0.6935,0.8906,0.9735,485.9,Reach max iteration 50 | best_iter=2
qwen,sum,fb237_v3_ind_seed7001,125,10.0,64,7001,0.696,0.667,0.9308,0.8073,0.7904,0.667,0.9016,0.9725,484.9,Reach max iteration 50 | best_iter=31
qwen,sum,fb237_v3_ind_seed7005,125,10.0,64,7005,0.6747,0.6697,0.929,0.7954,0.7878,0.6697,0.8899,0.961,487.2,Reach max iteration 50 | best_iter=13
qwen,sum,fb237_v3_ind_seed7009,125,10.0,64,7009,0.6816,0.6947,0.9272,0.8016,0.8081,0.6947,0.9147,0.977,477.5,Reach max iteration 50 | best_iter=28
qwen,sum,fb237_v3_ind_seed7001,125,10.0,80,7001,0.689,0.6762,0.9309,0.806,0.7948,0.6762,0.905,0.9668,492.5,Reach max iteration 50 | best_iter=42
qwen,sum,fb237_v3_ind_seed7005,125,10.0,80,7005,0.6712,0.6594,0.929,0.7922,0.7842,0.6594,0.9025,0.9633,479.2,Reach max iteration 50 | best_iter=45
qwen,sum,fb237_v3_ind_seed7009,125,10.0,80,7009,0.6851,0.6924,0.9199,0.7997,0.8075,0.6924,0.9067,0.9804,479.9,Reach max iteration 50 | best_iter=5
qwen,sum,fb237_v3_ind_seed7001,125,10.0,96,7001,0.6902,0.6693,0.9308,0.8064,0.7886,0.6693,0.8993,0.9714,483.3,Reach max iteration 50 | best_iter=50
qwen,sum,fb237_v3_ind_seed7005,125,10.0,96,7005,0.6724,0.6617,0.929,0.7955,0.785,0.6617,0.9014,0.9656,492.4,Reach max iteration 50 | best_iter=50
qwen,sum,fb237_v3_ind_seed7009,125,10.0,96,7009,0.6862,0.6924,0.9272,0.8024,0.8059,0.6924,0.9101,0.9747,487.4,Reach max iteration 50 | best_iter=20
qwen,sum,fb237_v3_ind_seed7001,125,50.0,16,7001,0.7156,0.6831,0.8773,0.8237,0.8059,0.6831,0.9188,0.9794,485.4,Reach max iteration 50 | best_iter=3
qwen,sum,fb237_v3_ind_seed7005,125,50.0,16,7005,0.7033,0.6984,0.9061,0.8136,0.8086,0.6984,0.9083,0.9679,479.9,Reach max iteration 50 | best_iter=8
qwen,sum,fb237_v3_ind_seed7009,125,50.0,16,7009,0.7,0.6982,0.9126,0.8123,0.8119,0.6982,0.9159,0.9793,481.4,Reach max iteration 50 | best_iter=42
qwen,sum,fb237_v3_ind_seed7001,125,50.0,32,7001,0.7202,0.6808,0.8917,0.8259,0.8026,0.6808,0.9222,0.9805,478.0,Reach max iteration 50 | best_iter=5
qwen,sum,fb237_v3_ind_seed7005,125,50.0,32,7005,0.7045,0.7041,0.8904,0.8137,0.8129,0.7041,0.9048,0.9771,479.9,Reach max iteration 50 | best_iter=4
qwen,sum,fb237_v3_ind_seed7009,125,50.0,32,7009,0.7057,0.7166,0.8889,0.814,0.8237,0.7166,0.9194,0.9816,489.3,Reach max iteration 50 | best_iter=4
qwen,sum,fb237_v3_ind_seed7001,125,50.0,48,7001,0.7214,0.6979,0.8878,0.8269,0.8104,0.6979,0.9142,0.9737,496.1,Reach max iteration 50 | best_iter=3
qwen,sum,fb237_v3_ind_seed7005,125,50.0,48,7005,0.7033,0.6892,0.9098,0.8133,0.8041,0.6892,0.9094,0.9656,487.7,Reach max iteration 50 | best_iter=10
qwen,sum,fb237_v3_ind_seed7009,125,50.0,48,7009,0.7184,0.7074,0.8712,0.8202,0.8175,0.7074,0.9205,0.9781,490.3,Reach max iteration 50 | best_iter=3
qwen,sum,fb237_v3_ind_seed7001,125,50.0,64,7001,0.7191,0.6888,0.9066,0.8237,0.8046,0.6888,0.9153,0.9771,485.3,Reach max iteration 50 | best_iter=10
qwen,sum,fb237_v3_ind_seed7005,125,50.0,64,7005,0.6976,0.6904,0.9118,0.8122,0.8054,0.6904,0.9094,0.9679,483.4,Reach max iteration 50 | best_iter=14
qwen,sum,fb237_v3_ind_seed7009,125,50.0,64,7009,0.7184,0.7085,0.8669,0.8193,0.8184,0.7085,0.9228,0.9816,491.5,Reach max iteration 50 | best_iter=3
qwen,sum,fb237_v3_ind_seed7001,125,50.0,80,7001,0.7191,0.6968,0.9112,0.8256,0.8121,0.6968,0.9222,0.9783,489.3,Reach max iteration 50 | best_iter=19
qwen,sum,fb237_v3_ind_seed7005,125,50.0,80,7005,0.6964,0.6938,0.9133,0.8118,0.8066,0.6938,0.9037,0.9713,483.1,Reach max iteration 50 | best_iter=22
qwen,sum,fb237_v3_ind_seed7009,125,50.0,80,7009,0.7,0.7108,0.9111,0.8149,0.8202,0.7108,0.9286,0.9816,489.1,Reach max iteration 50 | best_iter=33
qwen,sum,fb237_v3_ind_seed7001,125,50.0,96,7001,0.7237,0.7002,0.9055,0.8291,0.8108,0.7002,0.9199,0.9783,485.1,Reach max iteration 50 | best_iter=8
qwen,sum,fb237_v3_ind_seed7005,125,50.0,96,7005,0.6976,0.6812,0.9177,0.8134,0.8011,0.6812,0.9117,0.9679,491.3,Reach max iteration 50 | best_iter=35
qwen,sum,fb237_v3_ind_seed7009,125,50.0,96,7009,0.7103,0.712,0.8867,0.8181,0.8204,0.712,0.9171,0.9839,489.6,Reach max iteration 50 | best_iter=4
qwen,sum,fb237_v3_ind_seed7001,125,100.0,16,7001,0.7306,0.6934,0.8556,0.8324,0.809,0.6934,0.9176,0.9783,484.1,Reach max iteration 50 | best_iter=13
qwen,sum,fb237_v3_ind_seed7005,125,100.0,16,7005,0.7228,0.7202,0.8559,0.8248,0.8233,0.7202,0.914,0.9702,477.2,Reach max iteration 50 | best_iter=9
qwen,sum,fb237_v3_ind_seed7009,125,100.0,16,7009,0.7368,0.7304,0.8543,0.831,0.8311,0.7304,0.9263,0.9827,483.7,Reach max iteration 50 | best_iter=8
qwen,sum,fb237_v3_ind_seed7001,125,100.0,32,7001,0.7387,0.6957,0.8655,0.8372,0.8115,0.6957,0.9222,0.9828,486.2,Reach max iteration 50 | best_iter=19
qwen,sum,fb237_v3_ind_seed7005,125,100.0,32,7005,0.7205,0.7144,0.8655,0.8261,0.8179,0.7144,0.9071,0.9702,485.0,Reach max iteration 50 | best_iter=19
qwen,sum,fb237_v3_ind_seed7009,125,100.0,32,7009,0.731,0.7131,0.8461,0.8284,0.823,0.7131,0.9228,0.9827,493.9,Reach max iteration 50 | best_iter=5
qwen,sum,fb237_v3_ind_seed7001,125,100.0,48,7001,0.7364,0.7059,0.8637,0.838,0.8186,0.7059,0.9256,0.9805,485.0,Reach max iteration 50 | best_iter=12
qwen,sum,fb237_v3_ind_seed7005,125,100.0,48,7005,0.7239,0.7156,0.8718,0.8258,0.8177,0.7156,0.9048,0.9748,472.5,Reach max iteration 50 | best_iter=50
qwen,sum,fb237_v3_ind_seed7009,125,100.0,48,7009,0.7333,0.7304,0.8653,0.8319,0.8321,0.7304,0.9297,0.9804,483.3,Reach max iteration 50 | best_iter=17
qwen,sum,fb237_v3_ind_seed7001,125,100.0,64,7001,0.7283,0.6968,0.8735,0.8329,0.8115,0.6968,0.9211,0.984,485.7,Reach max iteration 50 | best_iter=43
qwen,sum,fb237_v3_ind_seed7005,125,100.0,64,7005,0.7331,0.7087,0.8718,0.8336,0.8166,0.7087,0.9128,0.9759,483.6,Reach max iteration 50 | best_iter=28
qwen,sum,fb237_v3_ind_seed7009,125,100.0,64,7009,0.7287,0.7224,0.8646,0.8295,0.8283,0.7224,0.9297,0.9839,478.9,Reach max iteration 50 | best_iter=15
qwen,sum,fb237_v3_ind_seed7001,125,100.0,80,7001,0.741,0.7117,0.8567,0.8376,0.8206,0.7117,0.9233,0.9828,494.1,Reach max iteration 50 | best_iter=6
qwen,sum,fb237_v3_ind_seed7005,125,100.0,80,7005,0.7251,0.7133,0.8673,0.8283,0.8177,0.7133,0.9048,0.9736,484.6,Reach max iteration 50 | best_iter=11
qwen,sum,fb237_v3_ind_seed7009,125,100.0,80,7009,0.7276,0.7281,0.8482,0.8269,0.8316,0.7281,0.9274,0.985,493.1,Reach max iteration 50 | best_iter=4
qwen,sum,fb237_v3_ind_seed7001,125,100.0,96,7001,0.7445,0.7094,0.8514,0.8412,0.8193,0.7094,0.9245,0.9851,484.9,Reach max iteration 50 | best_iter=5
qwen,sum,fb237_v3_ind_seed7005,125,100.0,96,7005,0.7308,0.7007,0.8724,0.8329,0.8118,0.7007,0.9117,0.9771,483.7,Reach max iteration 50 | best_iter=14
qwen,sum,fb237_v3_ind_seed7009,125,100.0,96,7009,0.7402,0.7212,0.8477,0.8346,0.8272,0.7212,0.9228,0.985,484.9,Reach max iteration 50 | best_iter=5
qwen,sum,fb237_v3_ind_seed7001,125,500.0,16,7001,0.6936,0.6716,0.711,0.7985,0.7788,0.6716,0.8673,0.9474,305.8,Reach max iteration 50 | best_iter=17
qwen,sum,fb237_v3_ind_seed7005,125,500.0,16,7005,0.677,0.6858,0.7175,0.7811,0.7853,0.6858,0.8635,0.9427,313.5,Reach max iteration 50 | best_iter=24
qwen,sum,fb237_v3_ind_seed7009,125,500.0,16,7009,0.6885,0.6774,0.7133,0.7858,0.7835,0.6774,0.8698,0.9516,314.7,Reach max iteration 50 | best_iter=10
qwen,sum,fb237_v3_ind_seed7001,125,500.0,32,7001,0.7179,0.6739,0.7321,0.8131,0.7875,0.6739,0.881,0.9588,352.5,Reach max iteration 50 | best_iter=41
qwen,sum,fb237_v3_ind_seed7005,125,500.0,32,7005,0.693,0.6995,0.7308,0.7954,0.7974,0.6995,0.8819,0.9541,356.3,Reach max iteration 50 | best_iter=34
qwen,sum,fb237_v3_ind_seed7009,125,500.0,32,7009,0.7,0.6901,0.7325,0.7985,0.7944,0.6901,0.8813,0.9574,360.5,Reach max iteration 50 | best_iter=7
qwen,sum,fb237_v3_ind_seed7001,125,500.0,48,7001,0.7237,0.6911,0.7449,0.8197,0.7976,0.6911,0.8822,0.9645,403.8,Reach max iteration 50 | best_iter=12
qwen,sum,fb237_v3_ind_seed7005,125,500.0,48,7005,0.6953,0.7076,0.7377,0.7983,0.8054,0.7076,0.8899,0.9541,401.3,Reach max iteration 50 | best_iter=9
qwen,sum,fb237_v3_ind_seed7009,125,500.0,48,7009,0.7046,0.7039,0.7437,0.8043,0.8048,0.7039,0.8859,0.9643,419.1,Reach max iteration 50 | best_iter=22
qwen,sum,fb237_v3_ind_seed7001,125,500.0,64,7001,0.726,0.6854,0.7474,0.8227,0.7962,0.6854,0.8867,0.9691,449.9,Reach max iteration 50 | best_iter=34
qwen,sum,fb237_v3_ind_seed7005,125,500.0,64,7005,0.7045,0.7156,0.7484,0.8042,0.8105,0.7156,0.8888,0.961,451.1,Reach max iteration 50 | best_iter=39
qwen,sum,fb237_v3_ind_seed7009,125,500.0,64,7009,0.7103,0.6982,0.755,0.8093,0.8031,0.6982,0.8882,0.9677,446.1,Reach max iteration 50 | best_iter=19
qwen,sum,fb237_v3_ind_seed7001,125,500.0,80,7001,0.7364,0.6979,0.7574,0.828,0.8052,0.6979,0.8913,0.9691,483.0,Reach max iteration 50 | best_iter=12
qwen,sum,fb237_v3_ind_seed7005,125,500.0,80,7005,0.709,0.7179,0.7534,0.8079,0.8106,0.7179,0.8865,0.9599,485.0,Reach max iteration 50 | best_iter=7
qwen,sum,fb237_v3_ind_seed7009,125,500.0,80,7009,0.708,0.7074,0.7571,0.809,0.8087,0.7074,0.8917,0.9689,486.7,Reach max iteration 50 | best_iter=14
qwen,sum,fb237_v3_ind_seed7001,125,500.0,96,7001,0.7318,0.6991,0.7559,0.8266,0.8065,0.6991,0.8959,0.9748,479.4,Reach max iteration 50 | best_iter=26
qwen,sum,fb237_v3_ind_seed7005,125,500.0,96,7005,0.7033,0.7271,0.7512,0.8078,0.8185,0.7271,0.8922,0.9633,480.7,Reach max iteration 50 | best_iter=34
qwen,sum,fb237_v3_ind_seed7009,125,500.0,96,7009,0.7149,0.7051,0.761,0.8133,0.8094,0.7051,0.8998,0.9643,475.2,Reach max iteration 50 | best_iter=16
qwen,sum,fb237_v3_ind_seed7001,125,1000.0,16,7001,0.6509,0.6201,0.6463,0.7577,0.7282,0.6201,0.7986,0.9096,230.3,Reach max iteration 50 | best_iter=16
qwen,sum,fb237_v3_ind_seed7005,125,1000.0,16,7005,0.6117,0.6284,0.6364,0.7234,0.729,0.6284,0.7959,0.9071,237.2,Reach max iteration 50 | best_iter=26
qwen,sum,fb237_v3_ind_seed7009,125,1000.0,16,7009,0.6241,0.6244,0.6359,0.7309,0.7333,0.6244,0.8157,0.9055,232.4,Reach max iteration 50 | best_iter=17
qwen,sum,fb237_v3_ind_seed7001,125,1000.0,32,7001,0.6694,0.6396,0.6721,0.7737,0.7488,0.6396,0.8341,0.9291,273.5,Reach max iteration 50 | best_iter=11
qwen,sum,fb237_v3_ind_seed7005,125,1000.0,32,7005,0.6415,0.6571,0.6722,0.7513,0.7564,0.6571,0.8349,0.9197,271.7,Reach max iteration 50 | best_iter=17
qwen,sum,fb237_v3_ind_seed7009,125,1000.0,32,7009,0.6483,0.6544,0.6718,0.7571,0.7608,0.6544,0.8433,0.9263,272.4,Reach max iteration 50 | best_iter=17
qwen,sum,fb237_v3_ind_seed7001,125,1000.0,48,7001,0.6821,0.6579,0.6829,0.7835,0.7634,0.6579,0.8387,0.9394,315.5,Reach max iteration 50 | best_iter=9
qwen,sum,fb237_v3_ind_seed7005,125,1000.0,48,7005,0.6529,0.6766,0.6847,0.7626,0.7717,0.6766,0.8463,0.9335,310.3,Reach max iteration 50 | best_iter=9
qwen,sum,fb237_v3_ind_seed7009,125,1000.0,48,7009,0.6667,0.6671,0.684,0.7675,0.7709,0.6671,0.8479,0.932,310.8,Reach max iteration 50 | best_iter=14
qwen,sum,fb237_v3_ind_seed7001,125,1000.0,64,7001,0.6879,0.659,0.6895,0.7895,0.7663,0.659,0.8478,0.9382,338.7,Reach max iteration 50 | best_iter=15
qwen,sum,fb237_v3_ind_seed7005,125,1000.0,64,7005,0.6609,0.6766,0.691,0.7678,0.7737,0.6766,0.8486,0.9369,332.2,Reach max iteration 50 | best_iter=9
qwen,sum,fb237_v3_ind_seed7009,125,1000.0,64,7009,0.6724,0.6774,0.695,0.7746,0.7778,0.6774,0.8583,0.9435,339.8,Reach max iteration 50 | best_iter=9
qwen,sum,fb237_v3_ind_seed7001,125,1000.0,80,7001,0.6948,0.6728,0.7025,0.7967,0.7767,0.6728,0.8593,0.9428,362.3,Reach max iteration 50 | best_iter=11
qwen,sum,fb237_v3_ind_seed7005,125,1000.0,80,7005,0.6655,0.6778,0.6985,0.7715,0.7776,0.6778,0.8601,0.9369,361.6,Reach max iteration 50 | best_iter=8
qwen,sum,fb237_v3_ind_seed7009,125,1000.0,80,7009,0.6793,0.674,0.7,0.7791,0.7784,0.674,0.8594,0.9424,375.5,Reach max iteration 50 | best_iter=19
qwen,sum,fb237_v3_ind_seed7001,125,1000.0,96,7001,0.696,0.6659,0.7013,0.7973,0.7728,0.6659,0.8604,0.9394,382.5,Reach max iteration 50 | best_iter=9
qwen,sum,fb237_v3_ind_seed7005,125,1000.0,96,7005,0.669,0.6904,0.7081,0.7759,0.784,0.6904,0.8589,0.9472,398.3,Reach max iteration 50 | best_iter=19
qwen,sum,fb237_v3_ind_seed7009,125,1000.0,96,7009,0.6816,0.6774,0.7075,0.7816,0.7815,0.6774,0.8629,0.947,395.6,Reach max iteration 50 | best_iter=12
qwen,sum,fb237_v3_ind_seed7001,150,1.0,16,7001,0.6913,0.6659,0.8752,0.7947,0.7769,0.6659,0.873,0.9519,556.3,Reach max iteration 50 | best_iter=2
qwen,sum,fb237_v3_ind_seed7005,150,1.0,16,7005,0.6632,0.6307,0.9294,0.7787,0.7623,0.6307,0.8773,0.9564,563.5,Reach max iteration 50 | best_iter=11
qwen,sum,fb237_v3_ind_seed7009,150,1.0,16,7009,0.6793,0.6982,0.9012,0.7933,0.8077,0.6982,0.9055,0.9758,574.6,Reach max iteration 50 | best_iter=2
qwen,sum,fb237_v3_ind_seed7001,150,1.0,32,7001,0.6728,0.6453,0.9309,0.7911,0.7707,0.6453,0.8902,0.9645,563.8,Reach max iteration 50 | best_iter=46
qwen,sum,fb237_v3_ind_seed7005,150,1.0,32,7005,0.6655,0.6583,0.9294,0.7854,0.7773,0.6583,0.8888,0.9553,575.3,Reach max iteration 50 | best_iter=50
qwen,sum,fb237_v3_ind_seed7009,150,1.0,32,7009,0.6839,0.6993,0.9021,0.7959,0.8051,0.6993,0.8986,0.9666,578.8,Reach max iteration 50 | best_iter=2
qwen,sum,fb237_v3_ind_seed7001,150,1.0,48,7001,0.6694,0.6407,0.9309,0.7864,0.7685,0.6407,0.8856,0.9588,576.5,Reach max iteration 50 | best_iter=46
qwen,sum,fb237_v3_ind_seed7005,150,1.0,48,7005,0.6621,0.6502,0.9294,0.7803,0.7725,0.6502,0.8739,0.9553,580.4,Reach max iteration 50 | best_iter=48
qwen,sum,fb237_v3_ind_seed7009,150,1.0,48,7009,0.6724,0.6832,0.9213,0.7865,0.7968,0.6832,0.8986,0.9666,574.8,Reach max iteration 50 | best_iter=3
qwen,sum,fb237_v3_ind_seed7001,150,1.0,64,7001,0.6948,0.6705,0.8237,0.7985,0.7788,0.6705,0.873,0.9519,579.1,Reach max iteration 50 | best_iter=2
qwen,sum,fb237_v3_ind_seed7005,150,1.0,64,7005,0.6598,0.6502,0.9294,0.7832,0.7727,0.6502,0.8796,0.961,585.4,Reach max iteration 50 | best_iter=44
qwen,sum,fb237_v3_ind_seed7009,150,1.0,64,7009,0.6908,0.682,0.8697,0.7924,0.7922,0.682,0.8906,0.9574,564.0,Reach max iteration 50 | best_iter=2
qwen,sum,fb237_v3_ind_seed7001,150,1.0,80,7001,0.6821,0.6728,0.8904,0.7963,0.7839,0.6728,0.8822,0.9554,583.8,Reach max iteration 50 | best_iter=2
qwen,sum,fb237_v3_ind_seed7005,150,1.0,80,7005,0.6541,0.6468,0.9294,0.7796,0.7706,0.6468,0.8773,0.9518,582.4,Reach max iteration 50 | best_iter=50
qwen,sum,fb237_v3_ind_seed7009,150,1.0,80,7009,0.692,0.6912,0.8669,0.7991,0.8009,0.6912,0.8986,0.9689,569.1,Reach max iteration 50 | best_iter=2
qwen,sum,fb237_v3_ind_seed7001,150,1.0,96,7001,0.6948,0.6659,0.9111,0.8038,0.7828,0.6659,0.8902,0.9634,588.1,Reach max iteration 50 | best_iter=3
qwen,sum,fb237_v3_ind_seed7005,150,1.0,96,7005,0.6564,0.6468,0.9294,0.7795,0.7704,0.6468,0.875,0.961,588.4,Reach max iteration 50 | best_iter=33
qwen,sum,fb237_v3_ind_seed7009,150,1.0,96,7009,0.6897,0.6843,0.8909,0.7972,0.7967,0.6843,0.8998,0.9666,580.9,Reach max iteration 50 | best_iter=2
qwen,sum,fb237_v3_ind_seed7001,150,5.0,16,7001,0.6902,0.6568,0.9309,0.8042,0.7774,0.6568,0.889,0.968,561.1,Reach max iteration 50 | best_iter=49
qwen,sum,fb237_v3_ind_seed7005,150,5.0,16,7005,0.6747,0.6525,0.9294,0.7892,0.7777,0.6525,0.8888,0.9587,575.2,Reach max iteration 50 | best_iter=18
qwen,sum,fb237_v3_ind_seed7009,150,5.0,16,7009,0.6816,0.7085,0.9272,0.7965,0.8122,0.7085,0.9044,0.9689,569.3,Reach max iteration 50 | best_iter=18
qwen,sum,fb237_v3_ind_seed7001,150,5.0,32,7001,0.689,0.6602,0.9309,0.8049,0.7831,0.6602,0.897,0.9703,556.7,Reach max iteration 50 | best_iter=42
qwen,sum,fb237_v3_ind_seed7005,150,5.0,32,7005,0.6712,0.6594,0.9294,0.792,0.7816,0.6594,0.8945,0.9576,572.9,Reach max iteration 50 | best_iter=50
qwen,sum,fb237_v3_ind_seed7009,150,5.0,32,7009,0.6943,0.697,0.8523,0.8021,0.804,0.697,0.8975,0.97,576.8,Reach max iteration 50 | best_iter=2
qwen,sum,fb237_v3_ind_seed7001,150,5.0,48,7001,0.7006,0.6648,0.8559,0.807,0.7782,0.6648,0.8776,0.9634,568.2,Reach max iteration 50 | best_iter=2
qwen,sum,fb237_v3_ind_seed7005,150,5.0,48,7005,0.6655,0.664,0.9294,0.7855,0.7851,0.664,0.8933,0.961,577.1,Reach max iteration 50 | best_iter=39
qwen,sum,fb237_v3_ind_seed7009,150,5.0,48,7009,0.6747,0.697,0.9272,0.795,0.8069,0.697,0.9113,0.9724,577.1,Reach max iteration 50 | best_iter=27
qwen,sum,fb237_v3_ind_seed7001,150,5.0,64,7001,0.6936,0.6659,0.9309,0.8063,0.7862,0.6659,0.9005,0.968,586.4,Reach max iteration 50 | best_iter=50
qwen,sum,fb237_v3_ind_seed7005,150,5.0,64,7005,0.677,0.6479,0.9292,0.796,0.778,0.6479,0.8933,0.9656,578.3,Reach max iteration 50 | best_iter=25
qwen,sum,fb237_v3_ind_seed7009,150,5.0,64,7009,0.677,0.7016,0.9272,0.7982,0.8103,0.7016,0.9009,0.9724,570.4,Reach max iteration 50 | best_iter=47
qwen,sum,fb237_v3_ind_seed7001,150,5.0,80,7001,0.6902,0.6545,0.9309,0.8039,0.7799,0.6545,0.8913,0.9703,579.6,Reach max iteration 50 | best_iter=49
qwen,sum,fb237_v3_ind_seed7005,150,5.0,80,7005,0.6724,0.6502,0.9294,0.7937,0.7782,0.6502,0.8991,0.9622,562.1,Reach max iteration 50 | best_iter=46
qwen,sum,fb237_v3_ind_seed7009,150,5.0,80,7009,0.6954,0.6901,0.8534,0.8001,0.798,0.6901,0.8906,0.9666,568.7,Reach max iteration 50 | best_iter=2
qwen,sum,fb237_v3_ind_seed7001,150,5.0,96,7001,0.711,0.6682,0.8467,0.8099,0.778,0.6682,0.881,0.9474,576.3,Reach max iteration 50 | best_iter=2
qwen,sum,fb237_v3_ind_seed7005,150,5.0,96,7005,0.6701,0.6663,0.9292,0.7912,0.7885,0.6663,0.8979,0.9679,579.8,Reach max iteration 50 | best_iter=48
qwen,sum,fb237_v3_ind_seed7009,150,5.0,96,7009,0.6954,0.6959,0.8897,0.801,0.8049,0.6959,0.9067,0.9712,572.6,Reach max iteration 50 | best_iter=2
qwen,sum,fb237_v3_ind_seed7001,150,10.0,16,7001,0.689,0.6579,0.9308,0.8058,0.7791,0.6579,0.8913,0.9714,564.7,Reach max iteration 50 | best_iter=41
qwen,sum,fb237_v3_ind_seed7005,150,10.0,16,7005,0.6827,0.6548,0.9288,0.7977,0.7785,0.6548,0.8865,0.9702,573.8,Reach max iteration 50 | best_iter=7
qwen,sum,fb237_v3_ind_seed7009,150,10.0,16,7009,0.6989,0.7074,0.8844,0.8037,0.8131,0.7074,0.9078,0.9735,564.5,Reach max iteration 50 | best_iter=2
qwen,sum,fb237_v3_ind_seed7001,150,10.0,32,7001,0.704,0.6613,0.9309,0.8139,0.7845,0.6613,0.897,0.9657,571.1,Reach max iteration 50 | best_iter=30
qwen,sum,fb237_v3_ind_seed7005,150,10.0,32,7005,0.6735,0.6674,0.9291,0.7942,0.7893,0.6674,0.9002,0.9622,577.7,Reach max iteration 50 | best_iter=35
qwen,sum,fb237_v3_ind_seed7009,150,10.0,32,7009,0.6862,0.6912,0.9272,0.8019,0.8045,0.6912,0.9101,0.9747,578.8,Reach max iteration 50 | best_iter=43
qwen,sum,fb237_v3_ind_seed7001,150,10.0,48,7001,0.689,0.6705,0.9309,0.8041,0.7907,0.6705,0.905,0.9714,567.4,Reach max iteration 50 | best_iter=40
qwen,sum,fb237_v3_ind_seed7005,150,10.0,48,7005,0.669,0.6709,0.9291,0.7932,0.7917,0.6709,0.8956,0.9667,578.9,Reach max iteration 50 | best_iter=48
qwen,sum,fb237_v3_ind_seed7009,150,10.0,48,7009,0.6805,0.7016,0.9272,0.7987,0.8111,0.7016,0.9124,0.9735,575.2,Reach max iteration 50 | best_iter=19
qwen,sum,fb237_v3_ind_seed7001,150,10.0,64,7001,0.7006,0.6625,0.9309,0.8112,0.7855,0.6625,0.8959,0.9748,591.4,Reach max iteration 50 | best_iter=36
qwen,sum,fb237_v3_ind_seed7005,150,10.0,64,7005,0.685,0.6732,0.9291,0.8018,0.7928,0.6732,0.8991,0.9656,588.3,Reach max iteration 50 | best_iter=30
qwen,sum,fb237_v3_ind_seed7009,150,10.0,64,7009,0.7034,0.6993,0.8765,0.8048,0.8058,0.6993,0.8975,0.962,560.5,Reach max iteration 50 | best_iter=2
qwen,sum,fb237_v3_ind_seed7001,150,10.0,80,7001,0.7017,0.6831,0.881,0.8097,0.7942,0.6831,0.8879,0.9668,578.6,Reach max iteration 50 | best_iter=2
qwen,sum,fb237_v3_ind_seed7005,150,10.0,80,7005,0.677,0.656,0.9291,0.7983,0.7829,0.656,0.9037,0.9656,576.1,Reach max iteration 50 | best_iter=48
qwen,sum,fb237_v3_ind_seed7009,150,10.0,80,7009,0.6885,0.6924,0.9272,0.8024,0.8031,0.6924,0.9067,0.9677,577.9,Reach max iteration 50 | best_iter=12
qwen,sum,fb237_v3_ind_seed7001,150,10.0,96,7001,0.7121,0.6762,0.8904,0.8119,0.7902,0.6762,0.8902,0.9634,586.9,Reach max iteration 50 | best_iter=2
qwen,sum,fb237_v3_ind_seed7005,150,10.0,96,7005,0.6758,0.664,0.9288,0.7962,0.7878,0.664,0.8968,0.9633,588.7,Reach max iteration 50 | best_iter=17
qwen,sum,fb237_v3_ind_seed7009,150,10.0,96,7009,0.7046,0.6982,0.8932,0.808,0.8071,0.6982,0.9078,0.9724,575.9,Reach max iteration 50 | best_iter=2
qwen,sum,fb237_v3_ind_seed7001,150,50.0,16,7001,0.7179,0.6819,0.8917,0.8243,0.7999,0.6819,0.905,0.9737,559.5,Reach max iteration 50 | best_iter=6
qwen,sum,fb237_v3_ind_seed7005,150,50.0,16,7005,0.6976,0.6823,0.9098,0.8096,0.798,0.6823,0.8991,0.9702,568.8,Reach max iteration 50 | best_iter=11
qwen,sum,fb237_v3_ind_seed7009,150,50.0,16,7009,0.7092,0.712,0.8905,0.8149,0.8216,0.712,0.9194,0.9827,563.4,Reach max iteration 50 | best_iter=5
qwen,sum,fb237_v3_ind_seed7001,150,50.0,32,7001,0.7145,0.6854,0.9008,0.8235,0.8038,0.6854,0.9176,0.9794,580.8,Reach max iteration 50 | best_iter=6
qwen,sum,fb237_v3_ind_seed7005,150,50.0,32,7005,0.6987,0.6995,0.9165,0.8109,0.8085,0.6995,0.9037,0.9702,570.4,Reach max iteration 50 | best_iter=50
qwen,sum,fb237_v3_ind_seed7009,150,50.0,32,7009,0.708,0.72,0.8707,0.8142,0.8248,0.72,0.9171,0.9804,569.0,Reach max iteration 50 | best_iter=4
qwen,sum,fb237_v3_ind_seed7001,150,50.0,48,7001,0.7156,0.6957,0.9016,0.8241,0.8095,0.6957,0.9188,0.9783,568.4,Reach max iteration 50 | best_iter=8
qwen,sum,fb237_v3_ind_seed7005,150,50.0,48,7005,0.7148,0.6995,0.9073,0.822,0.8092,0.6995,0.9048,0.9633,574.1,Reach max iteration 50 | best_iter=10
qwen,sum,fb237_v3_ind_seed7009,150,50.0,48,7009,0.708,0.7281,0.88,0.816,0.829,0.7281,0.9159,0.9816,577.2,Reach max iteration 50 | best_iter=3
qwen,sum,fb237_v3_ind_seed7001,150,50.0,64,7001,0.7202,0.6934,0.9052,0.825,0.8088,0.6934,0.9199,0.9828,579.7,Reach max iteration 50 | best_iter=9
qwen,sum,fb237_v3_ind_seed7005,150,50.0,64,7005,0.6999,0.6892,0.9152,0.8135,0.8049,0.6892,0.9117,0.969,580.6,Reach max iteration 50 | best_iter=25
qwen,sum,fb237_v3_ind_seed7009,150,50.0,64,7009,0.7161,0.72,0.8575,0.8167,0.8192,0.72,0.9101,0.9689,579.5,Reach max iteration 50 | best_iter=3
qwen,sum,fb237_v3_ind_seed7001,150,50.0,80,7001,0.7191,0.6991,0.8994,0.8262,0.8099,0.6991,0.9142,0.9771,582.1,Reach max iteration 50 | best_iter=6
qwen,sum,fb237_v3_ind_seed7005,150,50.0,80,7005,0.6999,0.6995,0.9069,0.8144,0.8105,0.6995,0.9106,0.9713,578.5,Reach max iteration 50 | best_iter=10
qwen,sum,fb237_v3_ind_seed7009,150,50.0,80,7009,0.7138,0.7074,0.8867,0.82,0.8192,0.7074,0.9263,0.9804,581.7,Reach max iteration 50 | best_iter=4
qwen,sum,fb237_v3_ind_seed7001,150,50.0,96,7001,0.7202,0.6991,0.8932,0.827,0.8122,0.6991,0.9153,0.9805,584.0,Reach max iteration 50 | best_iter=5
qwen,sum,fb237_v3_ind_seed7005,150,50.0,96,7005,0.7171,0.7018,0.8972,0.8221,0.8114,0.7018,0.9071,0.9736,577.2,Reach max iteration 50 | best_iter=6
qwen,sum,fb237_v3_ind_seed7009,150,50.0,96,7009,0.7069,0.7154,0.903,0.8177,0.8238,0.7154,0.9286,0.9804,578.1,Reach max iteration 50 | best_iter=11
qwen,sum,fb237_v3_ind_seed7001,150,100.0,16,7001,0.7341,0.7048,0.8441,0.8358,0.8171,0.7048,0.9199,0.9805,570.8,Reach max iteration 50 | best_iter=6
qwen,sum,fb237_v3_ind_seed7005,150,100.0,16,7005,0.7136,0.7087,0.8443,0.8192,0.8138,0.7087,0.9117,0.9748,567.9,Reach max iteration 50 | best_iter=5
qwen,sum,fb237_v3_ind_seed7009,150,100.0,16,7009,0.7264,0.7131,0.8515,0.8265,0.8218,0.7131,0.924,0.9804,567.5,Reach max iteration 50 | best_iter=12
qwen,sum,fb237_v3_ind_seed7001,150,100.0,32,7001,0.7318,0.7128,0.8546,0.8351,0.8213,0.7128,0.9256,0.984,576.3,Reach max iteration 50 | best_iter=9
qwen,sum,fb237_v3_ind_seed7005,150,100.0,32,7005,0.7285,0.719,0.8569,0.8281,0.8224,0.719,0.9106,0.9736,566.5,Reach max iteration 50 | best_iter=8
qwen,sum,fb237_v3_ind_seed7009,150,100.0,32,7009,0.723,0.7258,0.8481,0.8252,0.8284,0.7258,0.9194,0.9816,573.1,Reach max iteration 50 | best_iter=5
qwen,sum,fb237_v3_ind_seed7001,150,100.0,48,7001,0.7318,0.7037,0.8669,0.8338,0.8152,0.7037,0.9153,0.9828,573.3,Reach max iteration 50 | best_iter=30
qwen,sum,fb237_v3_ind_seed7005,150,100.0,48,7005,0.7205,0.7133,0.8707,0.8271,0.8187,0.7133,0.9094,0.969,579.3,Reach max iteration 50 | best_iter=24
qwen,sum,fb237_v3_ind_seed7009,150,100.0,48,7009,0.7276,0.7166,0.8698,0.8269,0.8249,0.7166,0.9286,0.9827,582.5,Reach max iteration 50 | best_iter=50
qwen,sum,fb237_v3_ind_seed7001,150,100.0,64,7001,0.7445,0.7117,0.8637,0.8418,0.8202,0.7117,0.9233,0.9817,576.8,Reach max iteration 50 | best_iter=11
qwen,sum,fb237_v3_ind_seed7005,150,100.0,64,7005,0.7274,0.7167,0.8539,0.8277,0.8199,0.7167,0.9083,0.9759,572.7,Reach max iteration 50 | best_iter=7
qwen,sum,fb237_v3_ind_seed7009,150,100.0,64,7009,0.7299,0.7281,0.8534,0.8295,0.8317,0.7281,0.9286,0.985,574.9,Reach max iteration 50 | best_iter=6
qwen,sum,fb237_v3_ind_seed7001,150,100.0,80,7001,0.7457,0.7082,0.8686,0.8409,0.817,0.7082,0.9153,0.9851,572.7,Reach max iteration 50 | best_iter=15
qwen,sum,fb237_v3_ind_seed7005,150,100.0,80,7005,0.7285,0.7133,0.8741,0.831,0.8188,0.7133,0.9106,0.9759,580.9,Reach max iteration 50 | best_iter=16
qwen,sum,fb237_v3_ind_seed7009,150,100.0,80,7009,0.7368,0.7224,0.8344,0.8302,0.8257,0.7224,0.9182,0.9839,567.9,Reach max iteration 50 | best_iter=4
qwen,sum,fb237_v3_ind_seed7001,150,100.0,96,7001,0.7445,0.7082,0.8531,0.8418,0.8174,0.7082,0.9199,0.9794,577.7,Reach max iteration 50 | best_iter=7
qwen,sum,fb237_v3_ind_seed7005,150,100.0,96,7005,0.7308,0.7064,0.8764,0.8318,0.8134,0.7064,0.9071,0.9759,578.8,Reach max iteration 50 | best_iter=33
qwen,sum,fb237_v3_ind_seed7009,150,100.0,96,7009,0.7276,0.7304,0.8596,0.8275,0.8337,0.7304,0.9343,0.985,578.6,Reach max iteration 50 | best_iter=9
qwen,sum,fb237_v3_ind_seed7001,150,500.0,16,7001,0.7052,0.6716,0.716,0.8044,0.7781,0.6716,0.8604,0.9474,369.9,Reach max iteration 50 | best_iter=10
qwen,sum,fb237_v3_ind_seed7005,150,500.0,16,7005,0.6804,0.6858,0.7112,0.781,0.7841,0.6858,0.8624,0.9461,377.1,Reach max iteration 50 | best_iter=36
qwen,sum,fb237_v3_ind_seed7009,150,500.0,16,7009,0.6874,0.6832,0.7147,0.7859,0.7866,0.6832,0.871,0.9551,363.7,Reach max iteration 50 | best_iter=17
qwen,sum,fb237_v3_ind_seed7001,150,500.0,32,7001,0.7168,0.6819,0.7355,0.8143,0.7892,0.6819,0.8764,0.9554,424.9,Reach max iteration 50 | best_iter=10
qwen,sum,fb237_v3_ind_seed7005,150,500.0,32,7005,0.6964,0.7122,0.7331,0.7981,0.8066,0.7122,0.8899,0.9564,426.1,Reach max iteration 50 | best_iter=26
qwen,sum,fb237_v3_ind_seed7009,150,500.0,32,7009,0.6954,0.6982,0.7346,0.796,0.7978,0.6982,0.871,0.9608,418.8,Reach max iteration 50 | best_iter=11
qwen,sum,fb237_v3_ind_seed7001,150,500.0,48,7001,0.7214,0.6808,0.7414,0.8186,0.7925,0.6808,0.8867,0.9634,487.4,Reach max iteration 50 | best_iter=16
qwen,sum,fb237_v3_ind_seed7005,150,500.0,48,7005,0.6953,0.7087,0.7396,0.7972,0.8058,0.7087,0.8853,0.9576,476.3,Reach max iteration 50 | best_iter=7
qwen,sum,fb237_v3_ind_seed7009,150,500.0,48,7009,0.7,0.6982,0.7436,0.8008,0.8024,0.6982,0.8848,0.9666,483.9,Reach max iteration 50 | best_iter=10
qwen,sum,fb237_v3_ind_seed7001,150,500.0,64,7001,0.7214,0.6968,0.7475,0.8199,0.8013,0.6968,0.8833,0.9657,522.2,Reach max iteration 50 | best_iter=49
qwen,sum,fb237_v3_ind_seed7005,150,500.0,64,7005,0.6976,0.7156,0.7495,0.8006,0.8105,0.7156,0.8865,0.9564,542.7,Reach max iteration 50 | best_iter=12
qwen,sum,fb237_v3_ind_seed7009,150,500.0,64,7009,0.7115,0.7085,0.7527,0.8087,0.809,0.7085,0.8917,0.9666,524.8,Reach max iteration 50 | best_iter=16
qwen,sum,fb237_v3_ind_seed7001,150,500.0,80,7001,0.7237,0.6899,0.7494,0.8208,0.7986,0.6899,0.8856,0.9748,574.5,Reach max iteration 50 | best_iter=34
qwen,sum,fb237_v3_ind_seed7005,150,500.0,80,7005,0.701,0.7202,0.753,0.8048,0.8158,0.7202,0.8991,0.9599,569.7,Reach max iteration 50 | best_iter=31
qwen,sum,fb237_v3_ind_seed7009,150,500.0,80,7009,0.7138,0.7039,0.7563,0.8107,0.808,0.7039,0.8975,0.9677,575.4,Reach max iteration 50 | best_iter=12
qwen,sum,fb237_v3_ind_seed7001,150,500.0,96,7001,0.7306,0.7082,0.7591,0.8272,0.8098,0.7082,0.8959,0.9737,572.7,Reach max iteration 50 | best_iter=12
qwen,sum,fb237_v3_ind_seed7005,150,500.0,96,7005,0.7159,0.7202,0.7546,0.8123,0.8165,0.7202,0.8979,0.961,571.2,Reach max iteration 50 | best_iter=10
qwen,sum,fb237_v3_ind_seed7009,150,500.0,96,7009,0.7149,0.7062,0.7573,0.8125,0.8101,0.7062,0.894,0.9666,581.3,Reach max iteration 50 | best_iter=16
qwen,sum,fb237_v3_ind_seed7001,150,1000.0,16,7001,0.6486,0.619,0.6503,0.7537,0.7274,0.619,0.7998,0.9073,279.7,Reach max iteration 50 | best_iter=22
qwen,sum,fb237_v3_ind_seed7005,150,1000.0,16,7005,0.6163,0.6433,0.6472,0.7284,0.7399,0.6433,0.8039,0.9071,273.1,Reach max iteration 50 | best_iter=20
qwen,sum,fb237_v3_ind_seed7009,150,1000.0,16,7009,0.6184,0.6221,0.6379,0.7281,0.7306,0.6221,0.8111,0.9055,278.5,Reach max iteration 50 | best_iter=16
qwen,sum,fb237_v3_ind_seed7001,150,1000.0,32,7001,0.6717,0.6407,0.6707,0.7751,0.7503,0.6407,0.8307,0.9325,325.8,Reach max iteration 50 | best_iter=14
qwen,sum,fb237_v3_ind_seed7005,150,1000.0,32,7005,0.6346,0.6456,0.6657,0.7472,0.7495,0.6456,0.8211,0.9209,317.8,Reach max iteration 50 | best_iter=13
qwen,sum,fb237_v3_ind_seed7009,150,1000.0,32,7009,0.6529,0.659,0.6763,0.758,0.7626,0.659,0.8445,0.9251,328.3,Reach max iteration 50 | best_iter=13
qwen,sum,fb237_v3_ind_seed7001,150,1000.0,48,7001,0.6763,0.6465,0.6815,0.7797,0.7566,0.6465,0.8444,0.9359,369.4,Reach max iteration 50 | best_iter=22
qwen,sum,fb237_v3_ind_seed7005,150,1000.0,48,7005,0.6518,0.6606,0.6826,0.7611,0.7634,0.6606,0.844,0.9312,373.0,Reach max iteration 50 | best_iter=9
qwen,sum,fb237_v3_ind_seed7009,150,1000.0,48,7009,0.6655,0.6705,0.6848,0.7671,0.772,0.6705,0.8548,0.9378,371.7,Reach max iteration 50 | best_iter=25
qwen,sum,fb237_v3_ind_seed7001,150,1000.0,64,7001,0.6879,0.6556,0.6944,0.7899,0.7653,0.6556,0.849,0.9382,386.9,Reach max iteration 50 | best_iter=15
qwen,sum,fb237_v3_ind_seed7005,150,1000.0,64,7005,0.6667,0.68,0.6951,0.7715,0.7769,0.68,0.8544,0.9381,404.6,Reach max iteration 50 | best_iter=15
qwen,sum,fb237_v3_ind_seed7009,150,1000.0,64,7009,0.669,0.6728,0.6948,0.7727,0.7754,0.6728,0.8571,0.9412,405.2,Reach max iteration 50 | best_iter=25
qwen,sum,fb237_v3_ind_seed7001,150,1000.0,80,7001,0.6902,0.6693,0.6978,0.7927,0.7738,0.6693,0.857,0.9405,426.9,Reach max iteration 50 | best_iter=21
qwen,sum,fb237_v3_ind_seed7005,150,1000.0,80,7005,0.6632,0.6755,0.6998,0.771,0.7752,0.6755,0.8544,0.9415,423.7,Reach max iteration 50 | best_iter=18
qwen,sum,fb237_v3_ind_seed7009,150,1000.0,80,7009,0.6816,0.6809,0.7006,0.7806,0.7814,0.6809,0.8606,0.9412,428.4,Reach max iteration 50 | best_iter=33
qwen,sum,fb237_v3_ind_seed7001,150,1000.0,96,7001,0.696,0.6579,0.6994,0.7974,0.7687,0.6579,0.857,0.9371,481.3,Reach max iteration 50 | best_iter=47
qwen,sum,fb237_v3_ind_seed7005,150,1000.0,96,7005,0.6678,0.6755,0.7004,0.7741,0.7766,0.6755,0.8601,0.9461,454.0,Reach max iteration 50 | best_iter=46
qwen,sum,fb237_v3_ind_seed7009,150,1000.0,96,7009,0.6874,0.6843,0.6977,0.784,0.7835,0.6843,0.8606,0.9482,483.8,Reach max iteration 50 | best_iter=41
qwen,sum,fb237_v3_ind_seed7001,175,1.0,16,7001,0.6763,0.6625,0.9309,0.7917,0.7796,0.6625,0.8902,0.9588,660.5,Reach max iteration 50 | best_iter=49
qwen,sum,fb237_v3_ind_seed7005,175,1.0,16,7005,0.6655,0.6548,0.9294,0.7841,0.7785,0.6548,0.8876,0.9518,656.1,Reach max iteration 50 | best_iter=47
qwen,sum,fb237_v3_ind_seed7009,175,1.0,16,7009,0.6897,0.682,0.8774,0.7942,0.7949,0.682,0.8871,0.9654,646.3,Reach max iteration 50 | best_iter=2
qwen,sum,fb237_v3_ind_seed7001,175,1.0,32,7001,0.6913,0.6533,0.9105,0.7999,0.776,0.6533,0.8913,0.9634,645.3,Reach max iteration 50 | best_iter=4
qwen,sum,fb237_v3_ind_seed7005,175,1.0,32,7005,0.6564,0.6514,0.9294,0.7753,0.7715,0.6514,0.8853,0.9472,660.4,Reach max iteration 50 | best_iter=47
qwen,sum,fb237_v3_ind_seed7009,175,1.0,32,7009,0.6678,0.6866,0.9253,0.7874,0.8047,0.6866,0.9194,0.9712,641.8,Reach max iteration 50 | best_iter=6
qwen,sum,fb237_v3_ind_seed7001,175,1.0,48,7001,0.6751,0.6487,0.9309,0.7923,0.7716,0.6487,0.8833,0.9611,654.5,Reach max iteration 50 | best_iter=49
qwen,sum,fb237_v3_ind_seed7005,175,1.0,48,7005,0.6552,0.6399,0.9233,0.7753,0.7678,0.6399,0.8842,0.9553,653.6,Reach max iteration 50 | best_iter=2
qwen,sum,fb237_v3_ind_seed7009,175,1.0,48,7009,0.6736,0.6797,0.8808,0.7902,0.7934,0.6797,0.8998,0.97,662.1,Reach max iteration 50 | best_iter=2
qwen,sum,fb237_v3_ind_seed7001,175,1.0,64,7001,0.7052,0.6842,0.876,0.8062,0.7934,0.6842,0.897,0.96,668.3,Reach max iteration 50 | best_iter=2
qwen,sum,fb237_v3_ind_seed7005,175,1.0,64,7005,0.6827,0.6525,0.8651,0.792,0.7732,0.6525,0.8784,0.9564,663.0,Reach max iteration 50 | best_iter=2
qwen,sum,fb237_v3_ind_seed7009,175,1.0,64,7009,0.6793,0.6843,0.8939,0.7894,0.7969,0.6843,0.894,0.9677,663.4,Reach max iteration 50 | best_iter=2
qwen,sum,fb237_v3_ind_seed7001,175,1.0,80,7001,0.6879,0.6773,0.8371,0.7993,0.7853,0.6773,0.881,0.9531,654.1,Reach max iteration 50 | best_iter=2
qwen,sum,fb237_v3_ind_seed7005,175,1.0,80,7005,0.6621,0.6537,0.9294,0.7851,0.7757,0.6537,0.8819,0.9599,668.5,Reach max iteration 50 | best_iter=50
qwen,sum,fb237_v3_ind_seed7009,175,1.0,80,7009,0.6759,0.6947,0.8971,0.7922,0.8084,0.6947,0.9159,0.977,642.9,Reach max iteration 50 | best_iter=3
qwen,sum,fb237_v3_ind_seed7001,175,1.0,96,7001,0.6832,0.6487,0.9304,0.7989,0.7725,0.6487,0.8822,0.9611,654.4,Reach max iteration 50 | best_iter=7
qwen,sum,fb237_v3_ind_seed7005,175,1.0,96,7005,0.6667,0.6491,0.9133,0.7851,0.7737,0.6491,0.8888,0.9587,651.9,Reach max iteration 50 | best_iter=3
qwen,sum,fb237_v3_ind_seed7009,175,1.0,96,7009,0.6862,0.682,0.8984,0.7963,0.7967,0.682,0.9055,0.9654,642.2,Reach max iteration 50 | best_iter=2
qwen,sum,fb237_v3_ind_seed7001,175,5.0,16,7001,0.6879,0.6568,0.9309,0.8011,0.7785,0.6568,0.8959,0.9657,653.8,Reach max iteration 50 | best_iter=38
qwen,sum,fb237_v3_ind_seed7005,175,5.0,16,7005,0.6804,0.6674,0.9294,0.7936,0.7877,0.6674,0.8956,0.9622,646.0,Reach max iteration 50 | best_iter=37
qwen,sum,fb237_v3_ind_seed7009,175,5.0,16,7009,0.6816,0.697,0.9272,0.7976,0.8062,0.697,0.9032,0.9689,663.4,Reach max iteration 50 | best_iter=16
qwen,sum,fb237_v3_ind_seed7001,175,5.0,32,7001,0.6994,0.651,0.9309,0.8097,0.7791,0.651,0.9016,0.9703,654.6,Reach max iteration 50 | best_iter=38
qwen,sum,fb237_v3_ind_seed7005,175,5.0,32,7005,0.6678,0.6537,0.9294,0.7871,0.7801,0.6537,0.8945,0.953,648.5,Reach max iteration 50 | best_iter=28
qwen,sum,fb237_v3_ind_seed7009,175,5.0,32,7009,0.6885,0.6993,0.8701,0.7982,0.8106,0.6993,0.909,0.9747,660.2,Reach max iteration 50 | best_iter=2
qwen,sum,fb237_v3_ind_seed7001,175,5.0,48,7001,0.6913,0.6636,0.9309,0.8055,0.787,0.6636,0.9073,0.9691,672.8,Reach max iteration 50 | best_iter=46
qwen,sum,fb237_v3_ind_seed7005,175,5.0,48,7005,0.6724,0.6628,0.9294,0.7896,0.7872,0.6628,0.8991,0.9656,654.8,Reach max iteration 50 | best_iter=50
qwen,sum,fb237_v3_ind_seed7009,175,5.0,48,7009,0.6828,0.6924,0.9272,0.7996,0.8054,0.6924,0.9044,0.97,666.8,Reach max iteration 50 | best_iter=50
qwen,sum,fb237_v3_ind_seed7001,175,5.0,64,7001,0.696,0.6705,0.9309,0.808,0.7899,0.6705,0.9062,0.9668,664.3,Reach max iteration 50 | best_iter=50
qwen,sum,fb237_v3_ind_seed7005,175,5.0,64,7005,0.6724,0.6651,0.9294,0.7944,0.7873,0.6651,0.8979,0.9587,665.8,Reach max iteration 50 | best_iter=32
qwen,sum,fb237_v3_ind_seed7009,175,5.0,64,7009,0.6851,0.6959,0.9272,0.7997,0.8066,0.6959,0.909,0.9758,671.1,Reach max iteration 50 | best_iter=33
qwen,sum,fb237_v3_ind_seed7001,175,5.0,80,7001,0.6983,0.6533,0.9309,0.8095,0.7789,0.6533,0.8959,0.9668,654.8,Reach max iteration 50 | best_iter=41
qwen,sum,fb237_v3_ind_seed7005,175,5.0,80,7005,0.6655,0.664,0.9294,0.7886,0.785,0.664,0.8922,0.9644,665.6,Reach max iteration 50 | best_iter=32
qwen,sum,fb237_v3_ind_seed7009,175,5.0,80,7009,0.6839,0.6878,0.9272,0.8008,0.8029,0.6878,0.9113,0.97,650.7,Reach max iteration 50 | best_iter=50
qwen,sum,fb237_v3_ind_seed7001,175,5.0,96,7001,0.6983,0.667,0.8658,0.8031,0.782,0.667,0.881,0.9657,656.9,Reach max iteration 50 | best_iter=2
qwen,sum,fb237_v3_ind_seed7005,175,5.0,96,7005,0.6793,0.6697,0.8879,0.7914,0.784,0.6697,0.8853,0.9576,659.5,Reach max iteration 50 | best_iter=2
qwen,sum,fb237_v3_ind_seed7009,175,5.0,96,7009,0.6805,0.6924,0.9272,0.7994,0.8039,0.6924,0.9055,0.97,644.0,Reach max iteration 50 | best_iter=45
qwen,sum,fb237_v3_ind_seed7001,175,10.0,16,7001,0.6925,0.6625,0.9309,0.8078,0.785,0.6625,0.905,0.9691,665.7,Reach max iteration 50 | best_iter=36
qwen,sum,fb237_v3_ind_seed7005,175,10.0,16,7005,0.6861,0.672,0.9288,0.8011,0.7912,0.672,0.8922,0.9644,652.3,Reach max iteration 50 | best_iter=11
qwen,sum,fb237_v3_ind_seed7009,175,10.0,16,7009,0.6885,0.7039,0.9272,0.8019,0.8098,0.7039,0.9078,0.9724,667.5,Reach max iteration 50 | best_iter=7
qwen,sum,fb237_v3_ind_seed7001,175,10.0,32,7001,0.6971,0.6602,0.9309,0.8113,0.7837,0.6602,0.8982,0.9645,648.3,Reach max iteration 50 | best_iter=50
qwen,sum,fb237_v3_ind_seed7005,175,10.0,32,7005,0.6632,0.6606,0.9291,0.7868,0.7847,0.6606,0.8979,0.9599,657.7,Reach max iteration 50 | best_iter=24
qwen,sum,fb237_v3_ind_seed7009,175,10.0,32,7009,0.6839,0.6878,0.9272,0.8006,0.8055,0.6878,0.9159,0.9747,671.4,Reach max iteration 50 | best_iter=41
qwen,sum,fb237_v3_ind_seed7001,175,10.0,48,7001,0.6983,0.6728,0.9309,0.8111,0.7928,0.6728,0.9108,0.9714,655.0,Reach max iteration 50 | best_iter=36
qwen,sum,fb237_v3_ind_seed7005,175,10.0,48,7005,0.6735,0.6617,0.929,0.7948,0.7866,0.6617,0.8991,0.9679,656.7,Reach max iteration 50 | best_iter=49
qwen,sum,fb237_v3_ind_seed7009,175,10.0,48,7009,0.6828,0.6901,0.9272,0.8014,0.8043,0.6901,0.9032,0.9712,668.1,Reach max iteration 50 | best_iter=22
qwen,sum,fb237_v3_ind_seed7001,175,10.0,64,7001,0.7052,0.6739,0.9309,0.8143,0.792,0.6739,0.905,0.9668,664.3,Reach max iteration 50 | best_iter=49
qwen,sum,fb237_v3_ind_seed7005,175,10.0,64,7005,0.6804,0.6594,0.9288,0.8005,0.7851,0.6594,0.8979,0.9622,659.7,Reach max iteration 50 | best_iter=10
qwen,sum,fb237_v3_ind_seed7009,175,10.0,64,7009,0.6862,0.6947,0.9272,0.8027,0.8099,0.6947,0.9194,0.9793,659.7,Reach max iteration 50 | best_iter=50
qwen,sum,fb237_v3_ind_seed7001,175,10.0,80,7001,0.6994,0.6625,0.9307,0.8118,0.7882,0.6625,0.9073,0.9771,661.8,Reach max iteration 50 | best_iter=31
qwen,sum,fb237_v3_ind_seed7005,175,10.0,80,7005,0.6678,0.664,0.929,0.7939,0.7871,0.664,0.9071,0.9656,675.2,Reach max iteration 50 | best_iter=50
qwen,sum,fb237_v3_ind_seed7009,175,10.0,80,7009,0.6851,0.7016,0.9272,0.8046,0.813,0.7016,0.9124,0.9781,641.7,Reach max iteration 50 | best_iter=49
qwen,sum,fb237_v3_ind_seed7001,175,10.0,96,7001,0.6936,0.6659,0.9308,0.8079,0.79,0.6659,0.9119,0.9634,652.7,Reach max iteration 50 | best_iter=50
qwen,sum,fb237_v3_ind_seed7005,175,10.0,96,7005,0.6724,0.6594,0.929,0.7957,0.7853,0.6594,0.9037,0.9633,657.4,Reach max iteration 50 | best_iter=34
qwen,sum,fb237_v3_ind_seed7009,175,10.0,96,7009,0.6885,0.6982,0.9272,0.8049,0.8087,0.6982,0.9124,0.9689,639.1,Reach max iteration 50 | best_iter=50
qwen,sum,fb237_v3_ind_seed7001,175,50.0,16,7001,0.726,0.6728,0.892,0.8305,0.7982,0.6728,0.9188,0.9805,655.2,Reach max iteration 50 | best_iter=5
qwen,sum,fb237_v3_ind_seed7005,175,50.0,16,7005,0.701,0.703,0.9069,0.8101,0.8104,0.703,0.9071,0.969,637.6,Reach max iteration 50 | best_iter=11
qwen,sum,fb237_v3_ind_seed7009,175,50.0,16,7009,0.7092,0.7154,0.889,0.8163,0.8219,0.7154,0.9171,0.9816,633.7,Reach max iteration 50 | best_iter=7
qwen,sum,fb237_v3_ind_seed7001,175,50.0,32,7001,0.7168,0.6888,0.8981,0.8252,0.8066,0.6888,0.9199,0.9805,645.9,Reach max iteration 50 | best_iter=8
qwen,sum,fb237_v3_ind_seed7005,175,50.0,32,7005,0.6919,0.6984,0.9121,0.808,0.8094,0.6984,0.9106,0.9679,654.7,Reach max iteration 50 | best_iter=15
qwen,sum,fb237_v3_ind_seed7009,175,50.0,32,7009,0.7046,0.7051,0.8965,0.8134,0.8184,0.7051,0.9263,0.9804,659.2,Reach max iteration 50 | best_iter=5
qwen,sum,fb237_v3_ind_seed7001,175,50.0,48,7001,0.7249,0.6888,0.884,0.8287,0.8073,0.6888,0.9211,0.9748,645.3,Reach max iteration 50 | best_iter=6
qwen,sum,fb237_v3_ind_seed7005,175,50.0,48,7005,0.7033,0.7018,0.9065,0.8138,0.8118,0.7018,0.9094,0.9679,657.6,Reach max iteration 50 | best_iter=9
qwen,sum,fb237_v3_ind_seed7009,175,50.0,48,7009,0.7126,0.7247,0.8692,0.8164,0.8256,0.7247,0.9182,0.977,641.3,Reach max iteration 50 | best_iter=4
qwen,sum,fb237_v3_ind_seed7001,175,50.0,64,7001,0.7214,0.6819,0.887,0.8275,0.8029,0.6819,0.9119,0.976,655.7,Reach max iteration 50 | best_iter=5
qwen,sum,fb237_v3_ind_seed7005,175,50.0,64,7005,0.7113,0.6961,0.9048,0.819,0.8061,0.6961,0.9025,0.9667,666.5,Reach max iteration 50 | best_iter=8
qwen,sum,fb237_v3_ind_seed7009,175,50.0,64,7009,0.7126,0.7177,0.8701,0.8174,0.8225,0.7177,0.9263,0.9816,664.4,Reach max iteration 50 | best_iter=3
qwen,sum,fb237_v3_ind_seed7001,175,50.0,80,7001,0.726,0.6934,0.8993,0.829,0.8086,0.6934,0.9188,0.9794,649.4,Reach max iteration 50 | best_iter=10
qwen,sum,fb237_v3_ind_seed7005,175,50.0,80,7005,0.7068,0.7041,0.9057,0.8159,0.8129,0.7041,0.9117,0.9713,648.4,Reach max iteration 50 | best_iter=12
qwen,sum,fb237_v3_ind_seed7009,175,50.0,80,7009,0.708,0.7166,0.898,0.8183,0.8237,0.7166,0.9263,0.9793,650.8,Reach max iteration 50 | best_iter=10
qwen,sum,fb237_v3_ind_seed7001,175,50.0,96,7001,0.7133,0.6957,0.8794,0.8245,0.8084,0.6957,0.9108,0.9771,674.6,Reach max iteration 50 | best_iter=3
qwen,sum,fb237_v3_ind_seed7005,175,50.0,96,7005,0.709,0.6938,0.9038,0.8194,0.8071,0.6938,0.906,0.9725,651.7,Reach max iteration 50 | best_iter=11
qwen,sum,fb237_v3_ind_seed7009,175,50.0,96,7009,0.7069,0.7062,0.9049,0.8165,0.8175,0.7062,0.9263,0.9781,655.2,Reach max iteration 50 | best_iter=14
qwen,sum,fb237_v3_ind_seed7001,175,100.0,16,7001,0.7214,0.7014,0.8547,0.8288,0.8134,0.7014,0.9165,0.9817,648.7,Reach max iteration 50 | best_iter=35
qwen,sum,fb237_v3_ind_seed7005,175,100.0,16,7005,0.7194,0.7156,0.8482,0.8215,0.8194,0.7156,0.9106,0.969,644.8,Reach max iteration 50 | best_iter=7
qwen,sum,fb237_v3_ind_seed7009,175,100.0,16,7009,0.7299,0.7224,0.8511,0.827,0.825,0.7224,0.9171,0.985,643.6,Reach max iteration 50 | best_iter=8
qwen,sum,fb237_v3_ind_seed7001,175,100.0,32,7001,0.7329,0.6945,0.8629,0.8355,0.8116,0.6945,0.9245,0.9828,653.6,Reach max iteration 50 | best_iter=32
qwen,sum,fb237_v3_ind_seed7005,175,100.0,32,7005,0.7182,0.7133,0.8655,0.823,0.8173,0.7133,0.9106,0.9713,650.0,Reach max iteration 50 | best_iter=48
qwen,sum,fb237_v3_ind_seed7009,175,100.0,32,7009,0.7241,0.7281,0.8443,0.8261,0.8304,0.7281,0.9217,0.9816,654.9,Reach max iteration 50 | best_iter=5
qwen,sum,fb237_v3_ind_seed7001,175,100.0,48,7001,0.7399,0.7117,0.8586,0.8382,0.821,0.7117,0.9222,0.9828,651.0,Reach max iteration 50 | best_iter=9
qwen,sum,fb237_v3_ind_seed7005,175,100.0,48,7005,0.7228,0.7087,0.8711,0.8279,0.8159,0.7087,0.9117,0.9759,652.5,Reach max iteration 50 | best_iter=37
qwen,sum,fb237_v3_ind_seed7009,175,100.0,48,7009,0.7299,0.7189,0.8665,0.8294,0.8261,0.7189,0.9228,0.9839,649.2,Reach max iteration 50 | best_iter=27
qwen,sum,fb237_v3_ind_seed7001,175,100.0,64,7001,0.7376,0.7128,0.8463,0.837,0.8216,0.7128,0.9165,0.9828,661.2,Reach max iteration 50 | best_iter=5
qwen,sum,fb237_v3_ind_seed7005,175,100.0,64,7005,0.7274,0.7248,0.836,0.8266,0.8234,0.7248,0.9083,0.9736,658.1,Reach max iteration 50 | best_iter=4
qwen,sum,fb237_v3_ind_seed7009,175,100.0,64,7009,0.7264,0.7281,0.8523,0.8261,0.8316,0.7281,0.9263,0.985,658.9,Reach max iteration 50 | best_iter=6
qwen,sum,fb237_v3_ind_seed7001,175,100.0,80,7001,0.7445,0.7025,0.8566,0.8411,0.8159,0.7025,0.9233,0.9805,662.4,Reach max iteration 50 | best_iter=8
qwen,sum,fb237_v3_ind_seed7005,175,100.0,80,7005,0.7239,0.7167,0.8638,0.8287,0.8204,0.7167,0.9094,0.9748,658.2,Reach max iteration 50 | best_iter=8
qwen,sum,fb237_v3_ind_seed7009,175,100.0,80,7009,0.7253,0.7293,0.8619,0.8274,0.8325,0.7293,0.9309,0.985,664.5,Reach max iteration 50 | best_iter=12
qwen,sum,fb237_v3_ind_seed7001,175,100.0,96,7001,0.7341,0.7059,0.8785,0.834,0.8151,0.7059,0.9165,0.9794,657.4,Reach max iteration 50 | best_iter=43
qwen,sum,fb237_v3_ind_seed7005,175,100.0,96,7005,0.7342,0.7179,0.8592,0.8319,0.82,0.7179,0.9094,0.9759,657.4,Reach max iteration 50 | best_iter=8
qwen,sum,fb237_v3_ind_seed7009,175,100.0,96,7009,0.7241,0.7212,0.8693,0.8272,0.8258,0.7212,0.9263,0.9827,666.1,Reach max iteration 50 | best_iter=14
qwen,sum,fb237_v3_ind_seed7001,175,500.0,16,7001,0.7052,0.6739,0.7118,0.8044,0.7819,0.6739,0.865,0.9485,408.3,Reach max iteration 50 | best_iter=21
qwen,sum,fb237_v3_ind_seed7005,175,500.0,16,7005,0.6861,0.6904,0.7189,0.7868,0.7877,0.6904,0.867,0.9484,419.4,Reach max iteration 50 | best_iter=13
qwen,sum,fb237_v3_ind_seed7009,175,500.0,16,7009,0.6885,0.6832,0.7177,0.7884,0.7862,0.6832,0.8698,0.9528,427.0,Reach max iteration 50 | best_iter=17
qwen,sum,fb237_v3_ind_seed7001,175,500.0,32,7001,0.7179,0.6785,0.7248,0.8159,0.7861,0.6785,0.8719,0.9474,461.5,Reach max iteration 50 | best_iter=7
qwen,sum,fb237_v3_ind_seed7005,175,500.0,32,7005,0.6827,0.6984,0.7302,0.7884,0.7987,0.6984,0.8819,0.953,476.0,Reach max iteration 50 | best_iter=23
qwen,sum,fb237_v3_ind_seed7009,175,500.0,32,7009,0.6954,0.6959,0.7252,0.7948,0.7951,0.6959,0.871,0.9528,476.3,Reach max iteration 50 | best_iter=7
qwen,sum,fb237_v3_ind_seed7001,175,500.0,48,7001,0.7249,0.6796,0.7378,0.8197,0.7907,0.6796,0.8833,0.9657,546.3,Reach max iteration 50 | best_iter=31
qwen,sum,fb237_v3_ind_seed7005,175,500.0,48,7005,0.6976,0.711,0.7403,0.7991,0.807,0.711,0.8876,0.9564,549.7,Reach max iteration 50 | best_iter=32
qwen,sum,fb237_v3_ind_seed7009,175,500.0,48,7009,0.6966,0.6924,0.7424,0.7999,0.798,0.6924,0.8859,0.9631,575.8,Reach max iteration 50 | best_iter=14
qwen,sum,fb237_v3_ind_seed7001,175,500.0,64,7001,0.7295,0.6934,0.7539,0.823,0.8001,0.6934,0.8867,0.9703,590.0,Reach max iteration 50 | best_iter=13
qwen,sum,fb237_v3_ind_seed7005,175,500.0,64,7005,0.7022,0.7099,0.745,0.8027,0.8079,0.7099,0.8945,0.961,609.5,Reach max iteration 50 | best_iter=13
qwen,sum,fb237_v3_ind_seed7009,175,500.0,64,7009,0.7034,0.7039,0.752,0.8054,0.8069,0.7039,0.8917,0.9654,617.9,Reach max iteration 50 | best_iter=18
qwen,sum,fb237_v3_ind_seed7001,175,500.0,80,7001,0.7249,0.6934,0.7559,0.8217,0.8009,0.6934,0.8902,0.9657,654.3,Reach max iteration 50 | best_iter=11
qwen,sum,fb237_v3_ind_seed7005,175,500.0,80,7005,0.7125,0.7225,0.7553,0.8104,0.8166,0.7225,0.8933,0.9633,637.1,Reach max iteration 50 | best_iter=19
qwen,sum,fb237_v3_ind_seed7009,175,500.0,80,7009,0.7161,0.712,0.7581,0.8113,0.8118,0.712,0.8917,0.9677,652.2,Reach max iteration 50 | best_iter=8
qwen,sum,fb237_v3_ind_seed7001,175,500.0,96,7001,0.7272,0.6957,0.7643,0.8239,0.8012,0.6957,0.8879,0.976,660.3,Reach max iteration 50 | best_iter=11
qwen,sum,fb237_v3_ind_seed7005,175,500.0,96,7005,0.7056,0.7236,0.7534,0.8074,0.8167,0.7236,0.8956,0.9644,645.8,Reach max iteration 50 | best_iter=30
qwen,sum,fb237_v3_ind_seed7009,175,500.0,96,7009,0.7149,0.7108,0.7616,0.8129,0.8112,0.7108,0.894,0.9689,648.9,Reach max iteration 50 | best_iter=17
qwen,sum,fb237_v3_ind_seed7001,175,1000.0,16,7001,0.6439,0.619,0.6392,0.7511,0.729,0.619,0.8021,0.9119,313.1,Reach max iteration 50 | best_iter=48
qwen,sum,fb237_v3_ind_seed7005,175,1000.0,16,7005,0.6208,0.6376,0.6425,0.7283,0.7352,0.6376,0.7947,0.9025,310.1,Reach max iteration 50 | best_iter=12
qwen,sum,fb237_v3_ind_seed7009,175,1000.0,16,7009,0.6241,0.6221,0.6341,0.7317,0.7308,0.6221,0.8053,0.9124,316.9,Reach max iteration 50 | best_iter=29
qwen,sum,fb237_v3_ind_seed7001,175,1000.0,32,7001,0.6578,0.6247,0.6669,0.766,0.7388,0.6247,0.8227,0.9222,359.8,Reach max iteration 50 | best_iter=49
qwen,sum,fb237_v3_ind_seed7005,175,1000.0,32,7005,0.6426,0.6571,0.6695,0.752,0.7578,0.6571,0.8257,0.922,371.9,Reach max iteration 50 | best_iter=12
qwen,sum,fb237_v3_ind_seed7009,175,1000.0,32,7009,0.654,0.659,0.6685,0.7579,0.7628,0.659,0.8456,0.924,370.5,Reach max iteration 50 | best_iter=50
qwen,sum,fb237_v3_ind_seed7001,175,1000.0,48,7001,0.6809,0.6613,0.686,0.7848,0.7656,0.6613,0.8467,0.9371,426.2,Reach max iteration 50 | best_iter=9
qwen,sum,fb237_v3_ind_seed7005,175,1000.0,48,7005,0.6552,0.6697,0.6811,0.7621,0.7668,0.6697,0.8394,0.9243,425.1,Reach max iteration 50 | best_iter=14
qwen,sum,fb237_v3_ind_seed7009,175,1000.0,48,7009,0.6632,0.6647,0.6873,0.7677,0.7691,0.6647,0.8491,0.932,424.0,Reach max iteration 50 | best_iter=32
qwen,sum,fb237_v3_ind_seed7001,175,1000.0,64,7001,0.6879,0.6556,0.6928,0.7893,0.7652,0.6556,0.8501,0.9394,448.3,Reach max iteration 50 | best_iter=12
qwen,sum,fb237_v3_ind_seed7005,175,1000.0,64,7005,0.669,0.6812,0.6948,0.7737,0.7762,0.6812,0.8463,0.9346,448.2,Reach max iteration 50 | best_iter=16
qwen,sum,fb237_v3_ind_seed7009,175,1000.0,64,7009,0.6724,0.674,0.6927,0.7756,0.7753,0.674,0.8525,0.9412,477.2,Reach max iteration 50 | best_iter=16
qwen,sum,fb237_v3_ind_seed7001,175,1000.0,80,7001,0.6936,0.6636,0.699,0.7948,0.7715,0.6636,0.8558,0.9382,490.6,Reach max iteration 50 | best_iter=16
qwen,sum,fb237_v3_ind_seed7005,175,1000.0,80,7005,0.6667,0.6766,0.6971,0.7712,0.7765,0.6766,0.8567,0.9392,534.4,Reach max iteration 50 | best_iter=32
qwen,sum,fb237_v3_ind_seed7009,175,1000.0,80,7009,0.6805,0.6694,0.6998,0.782,0.7755,0.6694,0.8606,0.9435,502.6,Reach max iteration 50 | best_iter=15
qwen,sum,fb237_v3_ind_seed7001,175,1000.0,96,7001,0.6983,0.6705,0.7029,0.7993,0.7761,0.6705,0.8558,0.9462,531.8,Reach max iteration 50 | best_iter=15
qwen,sum,fb237_v3_ind_seed7005,175,1000.0,96,7005,0.6735,0.6858,0.7074,0.7765,0.7821,0.6858,0.8635,0.9415,549.7,Reach max iteration 50 | best_iter=12
qwen,sum,fb237_v3_ind_seed7009,175,1000.0,96,7009,0.6828,0.682,0.7043,0.7819,0.784,0.682,0.8687,0.947,514.0,Reach max iteration 50 | best_iter=35
qwen,sum,fb237_v3_ind_seed7001,200,1.0,16,7001,0.6717,0.6705,0.9051,0.7893,0.7807,0.6705,0.8799,0.9531,730.0,Reach max iteration 50 | best_iter=3
qwen,sum,fb237_v3_ind_seed7005,200,1.0,16,7005,0.6735,0.664,0.9294,0.7894,0.779,0.664,0.8796,0.9553,731.9,Reach max iteration 50 | best_iter=31
qwen,sum,fb237_v3_ind_seed7009,200,1.0,16,7009,0.6966,0.6982,0.8778,0.8006,0.8011,0.6982,0.8917,0.9631,717.9,Reach max iteration 50 | best_iter=3
qwen,sum,fb237_v3_ind_seed7001,200,1.0,32,7001,0.6879,0.651,0.9309,0.7979,0.7748,0.651,0.889,0.9657,744.6,Reach max iteration 50 | best_iter=49
qwen,sum,fb237_v3_ind_seed7005,200,1.0,32,7005,0.669,0.6686,0.8826,0.7864,0.7806,0.6686,0.8819,0.9518,734.2,Reach max iteration 50 | best_iter=2
qwen,sum,fb237_v3_ind_seed7009,200,1.0,32,7009,0.669,0.6982,0.9272,0.7878,0.8034,0.6982,0.8929,0.9643,733.9,Reach max iteration 50 | best_iter=49
qwen,sum,fb237_v3_ind_seed7001,200,1.0,48,7001,0.6855,0.6728,0.8616,0.7928,0.7878,0.6728,0.8844,0.9577,738.6,Reach max iteration 50 | best_iter=2
qwen,sum,fb237_v3_ind_seed7005,200,1.0,48,7005,0.6632,0.6537,0.9294,0.7812,0.7754,0.6537,0.883,0.9656,746.9,Reach max iteration 50 | best_iter=50
qwen,sum,fb237_v3_ind_seed7009,200,1.0,48,7009,0.6874,0.6959,0.884,0.7965,0.8078,0.6959,0.9055,0.9747,727.9,Reach max iteration 50 | best_iter=2
qwen,sum,fb237_v3_ind_seed7001,200,1.0,64,7001,0.6832,0.6819,0.8906,0.7962,0.7957,0.6819,0.8982,0.9714,737.2,Reach max iteration 50 | best_iter=2
qwen,sum,fb237_v3_ind_seed7005,200,1.0,64,7005,0.6701,0.6491,0.9161,0.7918,0.7716,0.6491,0.8739,0.9576,743.1,Reach max iteration 50 | best_iter=3
qwen,sum,fb237_v3_ind_seed7009,200,1.0,64,7009,0.6874,0.6855,0.8786,0.7936,0.7978,0.6855,0.9032,0.9712,727.0,Reach max iteration 50 | best_iter=3
qwen,sum,fb237_v3_ind_seed7001,200,1.0,80,7001,0.689,0.6705,0.8624,0.8003,0.7873,0.6705,0.889,0.9748,722.5,Reach max iteration 50 | best_iter=2
qwen,sum,fb237_v3_ind_seed7005,200,1.0,80,7005,0.6655,0.6594,0.9183,0.7884,0.7753,0.6594,0.8716,0.9587,742.5,Reach max iteration 50 | best_iter=3
qwen,sum,fb237_v3_ind_seed7009,200,1.0,80,7009,0.6931,0.6866,0.9228,0.8041,0.8023,0.6866,0.9078,0.9724,740.8,Reach max iteration 50 | best_iter=3
qwen,sum,fb237_v3_ind_seed7001,200,1.0,96,7001,0.6983,0.667,0.9016,0.8037,0.7857,0.667,0.8902,0.9737,734.1,Reach max iteration 50 | best_iter=4
qwen,sum,fb237_v3_ind_seed7005,200,1.0,96,7005,0.6712,0.6606,0.9061,0.7871,0.7773,0.6606,0.8796,0.9622,738.3,Reach max iteration 50 | best_iter=2
qwen,sum,fb237_v3_ind_seed7009,200,1.0,96,7009,0.6747,0.7016,0.858,0.7918,0.8077,0.7016,0.9009,0.9724,736.7,Reach max iteration 50 | best_iter=2
qwen,sum,fb237_v3_ind_seed7001,200,5.0,16,7001,0.6867,0.667,0.9309,0.8019,0.7846,0.667,0.8924,0.968,730.9,Reach max iteration 50 | best_iter=31
qwen,sum,fb237_v3_ind_seed7005,200,5.0,16,7005,0.6758,0.6606,0.9294,0.7937,0.7806,0.6606,0.8853,0.9587,721.6,Reach max iteration 50 | best_iter=28
qwen,sum,fb237_v3_ind_seed7009,200,5.0,16,7009,0.677,0.7028,0.9272,0.7957,0.8101,0.7028,0.9067,0.9712,735.4,Reach max iteration 50 | best_iter=15
qwen,sum,fb237_v3_ind_seed7001,200,5.0,32,7001,0.6983,0.6568,0.9309,0.8076,0.7814,0.6568,0.8993,0.9645,737.7,Reach max iteration 50 | best_iter=25
qwen,sum,fb237_v3_ind_seed7005,200,5.0,32,7005,0.669,0.6663,0.9294,0.7907,0.7859,0.6663,0.8911,0.9576,734.1,Reach max iteration 50 | best_iter=41
qwen,sum,fb237_v3_ind_seed7009,200,5.0,32,7009,0.6828,0.7028,0.9272,0.7983,0.81,0.7028,0.909,0.9724,740.9,Reach max iteration 50 | best_iter=20
qwen,sum,fb237_v3_ind_seed7001,200,5.0,48,7001,0.6936,0.667,0.9309,0.8064,0.7855,0.667,0.889,0.9634,707.7,Reach max iteration 50 | best_iter=41
qwen,sum,fb237_v3_ind_seed7005,200,5.0,48,7005,0.6758,0.6697,0.9294,0.7936,0.7907,0.6697,0.9025,0.9644,709.7,Reach max iteration 50 | best_iter=35
qwen,sum,fb237_v3_ind_seed7009,200,5.0,48,7009,0.6966,0.7062,0.8705,0.8032,0.8124,0.7062,0.9032,0.9712,689.3,Reach max iteration 50 | best_iter=2
qwen,sum,fb237_v3_ind_seed7001,200,5.0,64,7001,0.6936,0.6648,0.9309,0.8055,0.7866,0.6648,0.8879,0.9668,689.7,Reach max iteration 50 | best_iter=31
qwen,sum,fb237_v3_ind_seed7005,200,5.0,64,7005,0.6712,0.6732,0.9294,0.7924,0.7919,0.6732,0.9002,0.9599,715.5,Reach max iteration 50 | best_iter=40
qwen,sum,fb237_v3_ind_seed7009,200,5.0,64,7009,0.6874,0.6866,0.8967,0.7949,0.7994,0.6866,0.9021,0.9712,685.2,Reach max iteration 50 | best_iter=3
qwen,sum,fb237_v3_ind_seed7001,200,5.0,80,7001,0.696,0.659,0.9309,0.8083,0.784,0.659,0.897,0.9737,700.4,Reach max iteration 50 | best_iter=47
qwen,sum,fb237_v3_ind_seed7005,200,5.0,80,7005,0.6781,0.664,0.9294,0.7975,0.7875,0.664,0.9037,0.961,686.3,Reach max iteration 50 | best_iter=49
qwen,sum,fb237_v3_ind_seed7009,200,5.0,80,7009,0.7,0.697,0.9185,0.8076,0.8094,0.697,0.9136,0.9712,685.9,Reach max iteration 50 | best_iter=3
qwen,sum,fb237_v3_ind_seed7001,200,5.0,96,7001,0.6971,0.659,0.9309,0.8082,0.7839,0.659,0.9005,0.9645,685.1,Reach max iteration 50 | best_iter=40
qwen,sum,fb237_v3_ind_seed7005,200,5.0,96,7005,0.6712,0.6537,0.9294,0.7911,0.7798,0.6537,0.8933,0.9656,697.5,Reach max iteration 50 | best_iter=44
qwen,sum,fb237_v3_ind_seed7009,200,5.0,96,7009,0.6862,0.697,0.8661,0.7986,0.8085,0.697,0.9113,0.977,697.3,Reach max iteration 50 | best_iter=2
qwen,sum,fb237_v3_ind_seed7001,200,10.0,16,7001,0.689,0.6648,0.9309,0.8061,0.7853,0.6648,0.8982,0.9737,677.9,Reach max iteration 50 | best_iter=20
qwen,sum,fb237_v3_ind_seed7005,200,10.0,16,7005,0.685,0.6697,0.929,0.801,0.7881,0.6697,0.8979,0.9518,685.8,Reach max iteration 50 | best_iter=27
qwen,sum,fb237_v3_ind_seed7009,200,10.0,16,7009,0.6943,0.6901,0.8984,0.8031,0.8029,0.6901,0.9078,0.9735,656.0,Reach max iteration 50 | best_iter=3
qwen,sum,fb237_v3_ind_seed7001,200,10.0,32,7001,0.6994,0.6659,0.9309,0.8087,0.7882,0.6659,0.9039,0.9714,701.9,Reach max iteration 50 | best_iter=33
qwen,sum,fb237_v3_ind_seed7005,200,10.0,32,7005,0.6747,0.6663,0.9291,0.7943,0.7891,0.6663,0.8991,0.9564,697.8,Reach max iteration 50 | best_iter=32
qwen,sum,fb237_v3_ind_seed7009,200,10.0,32,7009,0.6851,0.6982,0.9265,0.7997,0.8082,0.6982,0.9101,0.9758,703.1,Reach max iteration 50 | best_iter=5
qwen,sum,fb237_v3_ind_seed7001,200,10.0,48,7001,0.6936,0.6762,0.9309,0.8084,0.7925,0.6762,0.8982,0.9657,684.4,Reach max iteration 50 | best_iter=50
qwen,sum,fb237_v3_ind_seed7005,200,10.0,48,7005,0.6838,0.6628,0.9291,0.8009,0.7885,0.6628,0.9014,0.9633,701.6,Reach max iteration 50 | best_iter=41
qwen,sum,fb237_v3_ind_seed7009,200,10.0,48,7009,0.6862,0.6982,0.9272,0.8036,0.8113,0.6982,0.9147,0.9724,709.4,Reach max iteration 50 | best_iter=27
qwen,sum,fb237_v3_ind_seed7001,200,10.0,64,7001,0.6948,0.667,0.9305,0.8073,0.7909,0.667,0.9062,0.9703,688.4,Reach max iteration 50 | best_iter=25
qwen,sum,fb237_v3_ind_seed7005,200,10.0,64,7005,0.6747,0.6674,0.929,0.7955,0.7892,0.6674,0.9014,0.9599,719.5,Reach max iteration 50 | best_iter=21
qwen,sum,fb237_v3_ind_seed7009,200,10.0,64,7009,0.6793,0.7039,0.9272,0.8002,0.8133,0.7039,0.9182,0.9781,687.6,Reach max iteration 50 | best_iter=33
qwen,sum,fb237_v3_ind_seed7001,200,10.0,80,7001,0.704,0.6625,0.9307,0.8133,0.7885,0.6625,0.9085,0.9737,721.1,Reach max iteration 50 | best_iter=44
qwen,sum,fb237_v3_ind_seed7005,200,10.0,80,7005,0.6793,0.6651,0.929,0.7995,0.7903,0.6651,0.9094,0.969,694.8,Reach max iteration 50 | best_iter=48
qwen,sum,fb237_v3_ind_seed7009,200,10.0,80,7009,0.7011,0.6959,0.9142,0.8082,0.8091,0.6959,0.9159,0.9758,688.5,Reach max iteration 50 | best_iter=3
qwen,sum,fb237_v3_ind_seed7001,200,10.0,96,7001,0.7017,0.6682,0.9305,0.8118,0.7907,0.6682,0.9062,0.9668,689.7,Reach max iteration 50 | best_iter=21
qwen,sum,fb237_v3_ind_seed7005,200,10.0,96,7005,0.6758,0.6606,0.929,0.7953,0.7836,0.6606,0.8956,0.9633,741.5,Reach max iteration 50 | best_iter=17
qwen,sum,fb237_v3_ind_seed7009,200,10.0,96,7009,0.6839,0.6924,0.9272,0.8011,0.8072,0.6924,0.9171,0.9747,741.0,Reach max iteration 50 | best_iter=33
qwen,sum,fb237_v3_ind_seed7001,200,50.0,16,7001,0.7156,0.6762,0.8916,0.8236,0.7999,0.6762,0.9176,0.9794,686.9,Reach max iteration 50 | best_iter=5
qwen,sum,fb237_v3_ind_seed7005,200,50.0,16,7005,0.7033,0.6984,0.8887,0.812,0.8088,0.6984,0.9025,0.9713,681.2,Reach max iteration 50 | best_iter=6
qwen,sum,fb237_v3_ind_seed7009,200,50.0,16,7009,0.7103,0.7085,0.8901,0.818,0.8176,0.7085,0.9147,0.9827,681.1,Reach max iteration 50 | best_iter=7
qwen,sum,fb237_v3_ind_seed7001,200,50.0,32,7001,0.7202,0.6899,0.9032,0.8259,0.8077,0.6899,0.9188,0.9771,715.4,Reach max iteration 50 | best_iter=7
qwen,sum,fb237_v3_ind_seed7005,200,50.0,32,7005,0.7033,0.695,0.9014,0.8122,0.8087,0.695,0.9094,0.9702,744.0,Reach max iteration 50 | best_iter=5
qwen,sum,fb237_v3_ind_seed7009,200,50.0,32,7009,0.7115,0.7108,0.8835,0.8175,0.8208,0.7108,0.9228,0.9804,729.1,Reach max iteration 50 | best_iter=6
qwen,sum,fb237_v3_ind_seed7001,200,50.0,48,7001,0.7249,0.6968,0.8625,0.825,0.8081,0.6968,0.9062,0.9691,713.0,Reach max iteration 50 | best_iter=4
qwen,sum,fb237_v3_ind_seed7005,200,50.0,48,7005,0.701,0.6869,0.9094,0.8151,0.8033,0.6869,0.9117,0.9679,716.1,Reach max iteration 50 | best_iter=15
qwen,sum,fb237_v3_ind_seed7009,200,50.0,48,7009,0.7057,0.7074,0.8877,0.8161,0.8195,0.7074,0.9251,0.9804,727.8,Reach max iteration 50 | best_iter=6
qwen,sum,fb237_v3_ind_seed7001,200,50.0,64,7001,0.7237,0.6968,0.9021,0.8289,0.8116,0.6968,0.9199,0.9783,729.3,Reach max iteration 50 | best_iter=10
qwen,sum,fb237_v3_ind_seed7005,200,50.0,64,7005,0.7056,0.695,0.9045,0.8161,0.8063,0.695,0.906,0.9667,739.2,Reach max iteration 50 | best_iter=8
qwen,sum,fb237_v3_ind_seed7009,200,50.0,64,7009,0.7115,0.7143,0.8942,0.8169,0.8224,0.7143,0.9286,0.9816,722.6,Reach max iteration 50 | best_iter=8
qwen,sum,fb237_v3_ind_seed7001,200,50.0,80,7001,0.726,0.6991,0.8943,0.8296,0.8141,0.6991,0.9222,0.9805,747.1,Reach max iteration 50 | best_iter=6
qwen,sum,fb237_v3_ind_seed7005,200,50.0,80,7005,0.7056,0.6972,0.9029,0.8183,0.81,0.6972,0.9094,0.9713,737.9,Reach max iteration 50 | best_iter=7
qwen,sum,fb237_v3_ind_seed7009,200,50.0,80,7009,0.7115,0.7051,0.8865,0.8176,0.8168,0.7051,0.9205,0.9793,736.3,Reach max iteration 50 | best_iter=6
qwen,sum,fb237_v3_ind_seed7001,200,50.0,96,7001,0.7249,0.7037,0.9028,0.8281,0.8156,0.7037,0.9211,0.9828,668.6,Reach max iteration 50 | best_iter=13
qwen,sum,fb237_v3_ind_seed7005,200,50.0,96,7005,0.7079,0.7007,0.903,0.8188,0.8111,0.7007,0.9048,0.9736,732.9,Reach max iteration 50 | best_iter=11
qwen,sum,fb237_v3_ind_seed7009,200,50.0,96,7009,0.7092,0.7131,0.8965,0.8192,0.8229,0.7131,0.9309,0.9804,721.9,Reach max iteration 50 | best_iter=11
qwen,sum,fb237_v3_ind_seed7001,200,100.0,16,7001,0.7272,0.7094,0.8374,0.831,0.8174,0.7094,0.9165,0.9794,682.0,Reach max iteration 50 | best_iter=7
qwen,sum,fb237_v3_ind_seed7005,200,100.0,16,7005,0.7148,0.7099,0.8635,0.8194,0.8153,0.7099,0.9106,0.969,675.0,Reach max iteration 50 | best_iter=23
qwen,sum,fb237_v3_ind_seed7009,200,100.0,16,7009,0.723,0.727,0.8574,0.8257,0.828,0.727,0.9182,0.9793,679.0,Reach max iteration 50 | best_iter=17
qwen,sum,fb237_v3_ind_seed7001,200,100.0,32,7001,0.7318,0.7037,0.8423,0.834,0.815,0.7037,0.913,0.9828,693.7,Reach max iteration 50 | best_iter=6
qwen,sum,fb237_v3_ind_seed7005,200,100.0,32,7005,0.7228,0.719,0.8551,0.8253,0.8226,0.719,0.914,0.969,689.0,Reach max iteration 50 | best_iter=9
qwen,sum,fb237_v3_ind_seed7009,200,100.0,32,7009,0.7264,0.7293,0.8486,0.8256,0.8293,0.7293,0.9228,0.9827,678.1,Reach max iteration 50 | best_iter=7
qwen,sum,fb237_v3_ind_seed7001,200,100.0,48,7001,0.7272,0.7174,0.8598,0.8333,0.823,0.7174,0.9199,0.984,707.0,Reach max iteration 50 | best_iter=9
qwen,sum,fb237_v3_ind_seed7005,200,100.0,48,7005,0.7297,0.7156,0.8697,0.8311,0.8196,0.7156,0.9083,0.9748,699.6,Reach max iteration 50 | best_iter=47
qwen,sum,fb237_v3_ind_seed7009,200,100.0,48,7009,0.7333,0.712,0.8559,0.8307,0.824,0.712,0.9332,0.985,698.8,Reach max iteration 50 | best_iter=9
qwen,sum,fb237_v3_ind_seed7001,200,100.0,64,7001,0.7445,0.7071,0.8683,0.8407,0.8167,0.7071,0.9165,0.984,712.1,Reach max iteration 50 | best_iter=27
qwen,sum,fb237_v3_ind_seed7005,200,100.0,64,7005,0.7365,0.7167,0.8557,0.8339,0.8195,0.7167,0.906,0.9748,697.7,Reach max iteration 50 | best_iter=11
qwen,sum,fb237_v3_ind_seed7009,200,100.0,64,7009,0.7368,0.7339,0.8486,0.8338,0.835,0.7339,0.9297,0.9827,697.1,Reach max iteration 50 | best_iter=9
qwen,sum,fb237_v3_ind_seed7001,200,100.0,80,7001,0.7376,0.7094,0.8543,0.8379,0.8199,0.7094,0.9245,0.984,723.2,Reach max iteration 50 | best_iter=8
qwen,sum,fb237_v3_ind_seed7005,200,100.0,80,7005,0.7239,0.711,0.8768,0.8275,0.8169,0.711,0.9071,0.9736,725.3,Reach max iteration 50 | best_iter=36
qwen,sum,fb237_v3_ind_seed7009,200,100.0,80,7009,0.731,0.7247,0.8532,0.8302,0.8292,0.7247,0.9251,0.9839,720.9,Reach max iteration 50 | best_iter=8
qwen,sum,fb237_v3_ind_seed7001,200,100.0,96,7001,0.7376,0.714,0.8583,0.8377,0.8232,0.714,0.9233,0.984,727.3,Reach max iteration 50 | best_iter=10
qwen,sum,fb237_v3_ind_seed7005,200,100.0,96,7005,0.7239,0.7248,0.8709,0.8281,0.8258,0.7248,0.9117,0.9759,734.5,Reach max iteration 50 | best_iter=16
qwen,sum,fb237_v3_ind_seed7009,200,100.0,96,7009,0.7276,0.7235,0.8709,0.829,0.8287,0.7235,0.9343,0.9839,727.9,Reach max iteration 50 | best_iter=22
qwen,sum,fb237_v3_ind_seed7001,200,500.0,16,7001,0.7087,0.6728,0.7102,0.8058,0.7783,0.6728,0.865,0.9451,444.8,Reach max iteration 50 | best_iter=10
qwen,sum,fb237_v3_ind_seed7005,200,500.0,16,7005,0.6827,0.6881,0.7171,0.7864,0.7874,0.6881,0.8704,0.9484,446.0,Reach max iteration 50 | best_iter=10
qwen,sum,fb237_v3_ind_seed7009,200,500.0,16,7009,0.6874,0.6797,0.7137,0.7866,0.7837,0.6797,0.8675,0.9493,442.3,Reach max iteration 50 | best_iter=11
qwen,sum,fb237_v3_ind_seed7001,200,500.0,32,7001,0.7179,0.6762,0.7349,0.8136,0.7865,0.6762,0.8776,0.9542,499.4,Reach max iteration 50 | best_iter=19
qwen,sum,fb237_v3_ind_seed7005,200,500.0,32,7005,0.6942,0.7018,0.7297,0.7955,0.7993,0.7018,0.8796,0.9541,528.3,Reach max iteration 50 | best_iter=29
qwen,sum,fb237_v3_ind_seed7009,200,500.0,32,7009,0.7046,0.6935,0.7328,0.8002,0.7967,0.6935,0.8767,0.9608,536.7,Reach max iteration 50 | best_iter=12
qwen,sum,fb237_v3_ind_seed7001,200,500.0,48,7001,0.7179,0.6888,0.7463,0.8161,0.7954,0.6888,0.881,0.9611,595.0,Reach max iteration 50 | best_iter=11
qwen,sum,fb237_v3_ind_seed7005,200,500.0,48,7005,0.6987,0.7099,0.7367,0.7983,0.8059,0.7099,0.883,0.9576,567.9,Reach max iteration 50 | best_iter=13
qwen,sum,fb237_v3_ind_seed7009,200,500.0,48,7009,0.7184,0.6947,0.7466,0.8098,0.7999,0.6947,0.8894,0.9585,594.7,Reach max iteration 50 | best_iter=9
qwen,sum,fb237_v3_ind_seed7001,200,500.0,64,7001,0.726,0.6945,0.7529,0.8204,0.8005,0.6945,0.8856,0.9703,640.6,Reach max iteration 50 | best_iter=24
qwen,sum,fb237_v3_ind_seed7005,200,500.0,64,7005,0.7033,0.7064,0.7466,0.8043,0.807,0.7064,0.8933,0.9599,658.5,Reach max iteration 50 | best_iter=18
qwen,sum,fb237_v3_ind_seed7009,200,500.0,64,7009,0.7103,0.7005,0.7493,0.8091,0.8035,0.7005,0.894,0.9643,644.3,Reach max iteration 50 | best_iter=9
qwen,sum,fb237_v3_ind_seed7001,200,500.0,80,7001,0.7306,0.6831,0.7487,0.8238,0.7958,0.6831,0.8867,0.9737,706.4,Reach max iteration 50 | best_iter=37
qwen,sum,fb237_v3_ind_seed7005,200,500.0,80,7005,0.7056,0.7156,0.7549,0.806,0.8122,0.7156,0.8922,0.9622,713.5,Reach max iteration 50 | best_iter=22
qwen,sum,fb237_v3_ind_seed7009,200,500.0,80,7009,0.7092,0.7028,0.7554,0.8096,0.8075,0.7028,0.8963,0.9689,701.2,Reach max iteration 50 | best_iter=31
qwen,sum,fb237_v3_ind_seed7001,200,500.0,96,7001,0.7306,0.6968,0.7574,0.8251,0.8031,0.6968,0.8924,0.9703,724.0,Reach max iteration 50 | best_iter=22
qwen,sum,fb237_v3_ind_seed7005,200,500.0,96,7005,0.7102,0.7225,0.7597,0.8086,0.8159,0.7225,0.8933,0.961,707.3,Reach max iteration 50 | best_iter=11
qwen,sum,fb237_v3_ind_seed7009,200,500.0,96,7009,0.7161,0.7143,0.7586,0.8138,0.8138,0.7143,0.8963,0.9666,710.4,Reach max iteration 50 | best_iter=25
qwen,sum,fb237_v3_ind_seed7001,200,1000.0,16,7001,0.6439,0.6167,0.6473,0.7509,0.7255,0.6167,0.7941,0.9188,339.4,Reach max iteration 50 | best_iter=45
qwen,sum,fb237_v3_ind_seed7005,200,1000.0,16,7005,0.6266,0.6296,0.6465,0.7325,0.7328,0.6296,0.8005,0.9048,340.7,Reach max iteration 50 | best_iter=16
qwen,sum,fb237_v3_ind_seed7009,200,1000.0,16,7009,0.6264,0.6256,0.6416,0.7328,0.7357,0.6256,0.818,0.9147,340.5,Reach max iteration 50 | best_iter=18
qwen,sum,fb237_v3_ind_seed7001,200,1000.0,32,7001,0.6717,0.6407,0.6742,0.7755,0.7493,0.6407,0.8318,0.9279,403.7,Reach max iteration 50 | best_iter=11
qwen,sum,fb237_v3_ind_seed7005,200,1000.0,32,7005,0.6357,0.664,0.6741,0.7487,0.7608,0.664,0.8303,0.9209,400.4,Reach max iteration 50 | best_iter=13
qwen,sum,fb237_v3_ind_seed7009,200,1000.0,32,7009,0.6483,0.6578,0.6685,0.7532,0.7618,0.6578,0.8422,0.9251,404.7,Reach max iteration 50 | best_iter=31
qwen,sum,fb237_v3_ind_seed7001,200,1000.0,48,7001,0.6948,0.6533,0.6865,0.7917,0.7615,0.6533,0.841,0.9348,464.9,Reach max iteration 50 | best_iter=24
qwen,sum,fb237_v3_ind_seed7005,200,1000.0,48,7005,0.6541,0.6743,0.6887,0.7626,0.7695,0.6743,0.8406,0.9312,466.4,Reach max iteration 50 | best_iter=29
qwen,sum,fb237_v3_ind_seed7009,200,1000.0,48,7009,0.6621,0.6682,0.6908,0.7667,0.7718,0.6682,0.8514,0.9401,460.5,Reach max iteration 50 | best_iter=14
qwen,sum,fb237_v3_ind_seed7001,200,1000.0,64,7001,0.6879,0.6648,0.6936,0.7896,0.7696,0.6648,0.8501,0.9382,504.8,Reach max iteration 50 | best_iter=8
qwen,sum,fb237_v3_ind_seed7005,200,1000.0,64,7005,0.6609,0.672,0.6887,0.768,0.7711,0.672,0.8486,0.9358,481.4,Reach max iteration 50 | best_iter=15
qwen,sum,fb237_v3_ind_seed7009,200,1000.0,64,7009,0.6713,0.6694,0.695,0.7728,0.773,0.6694,0.8583,0.9389,496.6,Reach max iteration 50 | best_iter=9
qwen,sum,fb237_v3_ind_seed7001,200,1000.0,80,7001,0.6948,0.6579,0.6952,0.7948,0.7681,0.6579,0.8547,0.9394,554.1,Reach max iteration 50 | best_iter=11
qwen,sum,fb237_v3_ind_seed7005,200,1000.0,80,7005,0.6712,0.6743,0.6963,0.7764,0.7759,0.6743,0.8578,0.9415,536.3,Reach max iteration 50 | best_iter=16
qwen,sum,fb237_v3_ind_seed7009,200,1000.0,80,7009,0.677,0.6705,0.7014,0.7801,0.7761,0.6705,0.856,0.947,545.7,Reach max iteration 50 | best_iter=12
qwen,sum,fb237_v3_ind_seed7001,200,1000.0,96,7001,0.7006,0.6773,0.7071,0.8,0.7814,0.6773,0.865,0.9394,628.4,Reach max iteration 50 | best_iter=11
qwen,sum,fb237_v3_ind_seed7005,200,1000.0,96,7005,0.6678,0.6812,0.7025,0.7762,0.7809,0.6812,0.8601,0.9415,617.3,Reach max iteration 50 | best_iter=11
qwen,sum,fb237_v3_ind_seed7009,200,1000.0,96,7009,0.6793,0.6809,0.7044,0.7801,0.7823,0.6809,0.8594,0.947,582.8,Reach max iteration 50 | best_iter=25
