model,aggregation,version,k,lambda,bias,seed,valid_acc,test_acc,train_acc,valid_mrr,test_mrr,hits_1,hits_3,hits_10,train_time,convergence
roberta,sum,fb237_v1_ind_seed7001,50,1.0,16,7001,0.658,0.5935,0.9409,0.7649,0.7454,0.5935,0.8832,0.9579,68.7,Reach max iteration 50 | best_iter=33
roberta,sum,fb237_v1_ind_seed7005,50,1.0,16,7005,0.662,0.6095,0.9414,0.7798,0.7474,0.6095,0.8762,0.9429,67.9,Reach max iteration 50 | best_iter=50
roberta,sum,fb237_v1_ind_seed7009,50,1.0,16,7009,0.6142,0.6522,0.941,0.7649,0.7644,0.6522,0.8502,0.9372,68.2,Reach max iteration 50 | best_iter=45
roberta,sum,fb237_v1_ind_seed7001,50,1.0,32,7001,0.6528,0.6075,0.9409,0.7683,0.7529,0.6075,0.8832,0.9439,68.9,Reach max iteration 50 | best_iter=35
roberta,sum,fb237_v1_ind_seed7005,50,1.0,32,7005,0.662,0.6,0.9414,0.7714,0.7381,0.6,0.8762,0.9286,69.3,Reach max iteration 50 | best_iter=42
roberta,sum,fb237_v1_ind_seed7009,50,1.0,32,7009,0.6345,0.6377,0.941,0.7731,0.7615,0.6377,0.8744,0.9517,68.3,Reach max iteration 50 | best_iter=36
roberta,sum,fb237_v1_ind_seed7001,50,1.0,48,7001,0.6321,0.6121,0.9409,0.7586,0.7578,0.6121,0.8925,0.9579,67.7,Reach max iteration 50 | best_iter=48
roberta,sum,fb237_v1_ind_seed7005,50,1.0,48,7005,0.6338,0.6048,0.9414,0.7649,0.7477,0.6048,0.8857,0.9381,68.7,Reach max iteration 50 | best_iter=50
roberta,sum,fb237_v1_ind_seed7009,50,1.0,48,7009,0.6396,0.6184,0.941,0.7751,0.7567,0.6184,0.8792,0.9614,67.9,Reach max iteration 50 | best_iter=38
roberta,sum,fb237_v1_ind_seed7001,50,1.0,64,7001,0.6425,0.6168,0.9409,0.7628,0.7582,0.6168,0.8785,0.9579,67.7,Reach max iteration 50 | best_iter=49
roberta,sum,fb237_v1_ind_seed7005,50,1.0,64,7005,0.6432,0.6143,0.9414,0.7681,0.7523,0.6143,0.8762,0.9619,67.9,Reach max iteration 50 | best_iter=43
roberta,sum,fb237_v1_ind_seed7009,50,1.0,64,7009,0.6345,0.6473,0.941,0.7731,0.7643,0.6473,0.8647,0.942,67.3,Reach max iteration 50 | best_iter=32
roberta,sum,fb237_v1_ind_seed7001,50,1.0,80,7001,0.6839,0.6215,0.9409,0.7937,0.7634,0.6215,0.8925,0.9626,67.9,Reach max iteration 50 | best_iter=41
roberta,sum,fb237_v1_ind_seed7005,50,1.0,80,7005,0.6526,0.5952,0.9414,0.7743,0.7407,0.5952,0.8762,0.9381,68.6,Reach max iteration 50 | best_iter=33
roberta,sum,fb237_v1_ind_seed7009,50,1.0,80,7009,0.6345,0.6425,0.941,0.7711,0.7629,0.6425,0.8696,0.9469,67.4,Reach max iteration 50 | best_iter=50
roberta,sum,fb237_v1_ind_seed7001,50,1.0,96,7001,0.658,0.6075,0.9409,0.774,0.7436,0.6075,0.8551,0.9439,67.1,Reach max iteration 50 | best_iter=27
roberta,sum,fb237_v1_ind_seed7005,50,1.0,96,7005,0.6573,0.5905,0.9414,0.7749,0.7335,0.5905,0.8619,0.9381,68.4,Reach max iteration 50 | best_iter=47
roberta,sum,fb237_v1_ind_seed7009,50,1.0,96,7009,0.6193,0.6715,0.941,0.7652,0.7799,0.6715,0.8502,0.9662,68.3,Reach max iteration 50 | best_iter=43
roberta,sum,fb237_v1_ind_seed7001,50,5.0,16,7001,0.6477,0.6028,0.9409,0.7638,0.7492,0.6028,0.8738,0.9533,68.1,Reach max iteration 50 | best_iter=50
roberta,sum,fb237_v1_ind_seed7005,50,5.0,16,7005,0.6526,0.6,0.9414,0.7817,0.7517,0.6,0.8905,0.9571,65.5,Reach max iteration 50 | best_iter=49
roberta,sum,fb237_v1_ind_seed7009,50,5.0,16,7009,0.6396,0.6715,0.941,0.7783,0.7817,0.6715,0.8744,0.9517,67.8,Reach max iteration 50 | best_iter=29
roberta,sum,fb237_v1_ind_seed7001,50,5.0,32,7001,0.6528,0.6215,0.9409,0.7725,0.7569,0.6215,0.8738,0.9486,68.0,Reach max iteration 50 | best_iter=35
roberta,sum,fb237_v1_ind_seed7005,50,5.0,32,7005,0.6761,0.6095,0.9414,0.7917,0.7546,0.6095,0.8857,0.9667,68.1,Reach max iteration 50 | best_iter=29
roberta,sum,fb237_v1_ind_seed7009,50,5.0,32,7009,0.6142,0.6522,0.941,0.767,0.7735,0.6522,0.8841,0.9662,67.3,Reach max iteration 50 | best_iter=16
roberta,sum,fb237_v1_ind_seed7001,50,5.0,48,7001,0.658,0.6308,0.9409,0.7811,0.7759,0.6308,0.9159,0.9626,67.1,Reach max iteration 50 | best_iter=50
roberta,sum,fb237_v1_ind_seed7005,50,5.0,48,7005,0.6714,0.6048,0.9414,0.7918,0.7552,0.6048,0.8952,0.9476,68.8,Reach max iteration 50 | best_iter=31
roberta,sum,fb237_v1_ind_seed7009,50,5.0,48,7009,0.6244,0.6522,0.941,0.7731,0.7778,0.6522,0.8937,0.9807,66.6,Reach max iteration 50 | best_iter=14
roberta,sum,fb237_v1_ind_seed7001,50,5.0,64,7001,0.6788,0.6308,0.9409,0.7932,0.7661,0.6308,0.8785,0.9626,67.6,Reach max iteration 50 | best_iter=33
roberta,sum,fb237_v1_ind_seed7005,50,5.0,64,7005,0.6854,0.6143,0.9414,0.7977,0.7593,0.6143,0.8714,0.9714,68.1,Reach max iteration 50 | best_iter=28
roberta,sum,fb237_v1_ind_seed7009,50,5.0,64,7009,0.6548,0.6522,0.941,0.7904,0.7758,0.6522,0.8792,0.9758,67.7,Reach max iteration 50 | best_iter=13
roberta,sum,fb237_v1_ind_seed7001,50,5.0,80,7001,0.6736,0.6449,0.9409,0.7884,0.7804,0.6449,0.9112,0.9626,68.4,Reach max iteration 50 | best_iter=31
roberta,sum,fb237_v1_ind_seed7005,50,5.0,80,7005,0.6761,0.6333,0.9414,0.7953,0.7746,0.6333,0.8952,0.9714,68.0,Reach max iteration 50 | best_iter=46
roberta,sum,fb237_v1_ind_seed7009,50,5.0,80,7009,0.6193,0.6377,0.941,0.7661,0.774,0.6377,0.8986,0.9758,67.9,Reach max iteration 50 | best_iter=20
roberta,sum,fb237_v1_ind_seed7001,50,5.0,96,7001,0.6839,0.6355,0.9409,0.7945,0.7731,0.6355,0.8879,0.9626,67.0,Reach max iteration 50 | best_iter=50
roberta,sum,fb237_v1_ind_seed7005,50,5.0,96,7005,0.6948,0.619,0.9414,0.8021,0.7656,0.619,0.9095,0.9619,67.8,Reach max iteration 50 | best_iter=36
roberta,sum,fb237_v1_ind_seed7009,50,5.0,96,7009,0.6345,0.657,0.941,0.777,0.777,0.657,0.8889,0.9614,67.3,Reach max iteration 50 | best_iter=7
roberta,sum,fb237_v1_ind_seed7001,50,10.0,16,7001,0.6218,0.6075,0.9409,0.76,0.7554,0.6075,0.8972,0.9766,68.1,Reach max iteration 50 | best_iter=15
roberta,sum,fb237_v1_ind_seed7005,50,10.0,16,7005,0.6667,0.6095,0.9414,0.7918,0.7605,0.6095,0.9143,0.9667,68.3,Reach max iteration 50 | best_iter=20
roberta,sum,fb237_v1_ind_seed7009,50,10.0,16,7009,0.6396,0.6522,0.9395,0.7743,0.7714,0.6522,0.8599,0.9565,67.9,Reach max iteration 50 | best_iter=4
roberta,sum,fb237_v1_ind_seed7001,50,10.0,32,7001,0.6632,0.6262,0.9409,0.7856,0.7625,0.6262,0.8925,0.9533,68.6,Reach max iteration 50 | best_iter=18
roberta,sum,fb237_v1_ind_seed7005,50,10.0,32,7005,0.6761,0.6333,0.9414,0.7925,0.7752,0.6333,0.9048,0.9714,68.7,Reach max iteration 50 | best_iter=12
roberta,sum,fb237_v1_ind_seed7009,50,10.0,32,7009,0.6142,0.6522,0.9405,0.7679,0.7729,0.6522,0.8696,0.9662,68.1,Reach max iteration 50 | best_iter=9
roberta,sum,fb237_v1_ind_seed7001,50,10.0,48,7001,0.6839,0.6262,0.9409,0.7977,0.7708,0.6262,0.9159,0.9626,68.2,Reach max iteration 50 | best_iter=42
roberta,sum,fb237_v1_ind_seed7005,50,10.0,48,7005,0.6995,0.6143,0.9414,0.8088,0.7659,0.6143,0.9048,0.9714,68.3,Reach max iteration 50 | best_iter=23
roberta,sum,fb237_v1_ind_seed7009,50,10.0,48,7009,0.6396,0.6618,0.94,0.7745,0.7836,0.6618,0.8792,0.971,68.6,Reach max iteration 50 | best_iter=4
roberta,sum,fb237_v1_ind_seed7001,50,10.0,64,7001,0.6736,0.6168,0.9409,0.7908,0.7604,0.6168,0.9019,0.9579,67.3,Reach max iteration 50 | best_iter=30
roberta,sum,fb237_v1_ind_seed7005,50,10.0,64,7005,0.6761,0.6238,0.9414,0.7903,0.7676,0.6238,0.881,0.9762,68.5,Reach max iteration 50 | best_iter=36
roberta,sum,fb237_v1_ind_seed7009,50,10.0,64,7009,0.6599,0.628,0.9405,0.7937,0.7659,0.628,0.8792,0.9758,67.6,Reach max iteration 50 | best_iter=8
roberta,sum,fb237_v1_ind_seed7001,50,10.0,80,7001,0.6632,0.6495,0.9409,0.7851,0.7836,0.6495,0.9065,0.9673,68.1,Reach max iteration 50 | best_iter=39
roberta,sum,fb237_v1_ind_seed7005,50,10.0,80,7005,0.6808,0.6238,0.9414,0.7954,0.7711,0.6238,0.9,0.9619,68.3,Reach max iteration 50 | best_iter=37
roberta,sum,fb237_v1_ind_seed7009,50,10.0,80,7009,0.6142,0.6618,0.941,0.7641,0.7856,0.6618,0.8937,0.9758,68.8,Reach max iteration 50 | best_iter=50
roberta,sum,fb237_v1_ind_seed7001,50,10.0,96,7001,0.6736,0.6449,0.9409,0.7865,0.7855,0.6449,0.9112,0.972,67.6,Reach max iteration 50 | best_iter=26
roberta,sum,fb237_v1_ind_seed7005,50,10.0,96,7005,0.6995,0.619,0.9414,0.8069,0.7664,0.619,0.9,0.981,68.9,Reach max iteration 50 | best_iter=25
roberta,sum,fb237_v1_ind_seed7009,50,10.0,96,7009,0.6244,0.6763,0.9405,0.7736,0.792,0.6763,0.8841,0.9807,68.5,Reach max iteration 50 | best_iter=11
roberta,sum,fb237_v1_ind_seed7001,50,50.0,16,7001,0.6839,0.6402,0.8783,0.8005,0.7847,0.6402,0.9159,0.9813,68.4,Reach max iteration 50 | best_iter=2
roberta,sum,fb237_v1_ind_seed7005,50,50.0,16,7005,0.6901,0.6524,0.9182,0.804,0.7897,0.6524,0.919,0.981,68.2,Reach max iteration 50 | best_iter=27
roberta,sum,fb237_v1_ind_seed7009,50,50.0,16,7009,0.6548,0.7101,0.9005,0.792,0.8149,0.7101,0.9034,0.9855,67.3,Reach max iteration 50 | best_iter=4
roberta,sum,fb237_v1_ind_seed7001,50,50.0,32,7001,0.7098,0.6355,0.8663,0.8117,0.7779,0.6355,0.8972,0.972,67.8,Reach max iteration 50 | best_iter=2
roberta,sum,fb237_v1_ind_seed7005,50,50.0,32,7005,0.6901,0.6619,0.9223,0.8094,0.7967,0.6619,0.9286,0.981,68.6,Reach max iteration 50 | best_iter=30
roberta,sum,fb237_v1_ind_seed7009,50,50.0,32,7009,0.6751,0.6908,0.9005,0.7965,0.808,0.6908,0.9082,0.9903,68.4,Reach max iteration 50 | best_iter=3
roberta,sum,fb237_v1_ind_seed7001,50,50.0,48,7001,0.7047,0.6869,0.8658,0.8176,0.8079,0.6869,0.9112,0.9813,68.3,Reach max iteration 50 | best_iter=2
roberta,sum,fb237_v1_ind_seed7005,50,50.0,48,7005,0.6995,0.6762,0.9167,0.8119,0.8061,0.6762,0.9238,0.981,68.0,Reach max iteration 50 | best_iter=5
roberta,sum,fb237_v1_ind_seed7009,50,50.0,48,7009,0.6497,0.686,0.8815,0.7874,0.8122,0.686,0.9324,0.9903,68.3,Reach max iteration 50 | best_iter=2
roberta,sum,fb237_v1_ind_seed7001,50,50.0,64,7001,0.7047,0.6402,0.9224,0.8181,0.7895,0.6402,0.9206,0.9813,68.2,Reach max iteration 50 | best_iter=6
roberta,sum,fb237_v1_ind_seed7005,50,50.0,64,7005,0.6808,0.6714,0.9223,0.8014,0.8036,0.6714,0.9381,0.9857,68.4,Reach max iteration 50 | best_iter=7
roberta,sum,fb237_v1_ind_seed7009,50,50.0,64,7009,0.665,0.6763,0.8985,0.801,0.8002,0.6763,0.9275,0.9807,68.2,Reach max iteration 50 | best_iter=3
roberta,sum,fb237_v1_ind_seed7001,50,50.0,80,7001,0.6943,0.6542,0.9254,0.8062,0.796,0.6542,0.9299,0.9766,69.1,Reach max iteration 50 | best_iter=17
roberta,sum,fb237_v1_ind_seed7005,50,50.0,80,7005,0.6901,0.6476,0.9243,0.8107,0.7894,0.6476,0.9286,0.981,68.4,Reach max iteration 50 | best_iter=11
roberta,sum,fb237_v1_ind_seed7009,50,50.0,80,7009,0.6751,0.7005,0.8585,0.7909,0.8077,0.7005,0.8986,0.9807,68.6,Reach max iteration 50 | best_iter=2
roberta,sum,fb237_v1_ind_seed7001,50,50.0,96,7001,0.6839,0.6449,0.9054,0.8059,0.7892,0.6449,0.9159,0.9813,69.1,Reach max iteration 50 | best_iter=3
roberta,sum,fb237_v1_ind_seed7005,50,50.0,96,7005,0.6948,0.6619,0.9293,0.8096,0.7963,0.6619,0.9143,0.9857,71.0,Reach max iteration 50 | best_iter=25
roberta,sum,fb237_v1_ind_seed7009,50,50.0,96,7009,0.6548,0.7101,0.915,0.793,0.8194,0.7101,0.9179,0.9758,67.2,Reach max iteration 50 | best_iter=4
roberta,sum,fb237_v1_ind_seed7001,50,100.0,16,7001,0.715,0.6776,0.8267,0.8144,0.8072,0.6776,0.9346,0.9813,45.4,Reach max iteration 50 | best_iter=6
roberta,sum,fb237_v1_ind_seed7005,50,100.0,16,7005,0.7277,0.6905,0.8157,0.8253,0.8072,0.6905,0.9143,0.981,45.8,Reach max iteration 50 | best_iter=4
roberta,sum,fb237_v1_ind_seed7009,50,100.0,16,7009,0.7005,0.7053,0.8345,0.8123,0.8177,0.7053,0.913,0.9903,45.1,Reach max iteration 50 | best_iter=48
roberta,sum,fb237_v1_ind_seed7001,50,100.0,32,7001,0.7306,0.6729,0.8332,0.8266,0.8036,0.6729,0.9112,0.9813,55.8,Reach max iteration 50 | best_iter=4
roberta,sum,fb237_v1_ind_seed7005,50,100.0,32,7005,0.6995,0.6952,0.845,0.8138,0.8161,0.6952,0.9286,0.981,55.2,Reach max iteration 50 | best_iter=6
roberta,sum,fb237_v1_ind_seed7009,50,100.0,32,7009,0.7005,0.6908,0.853,0.8146,0.8121,0.6908,0.9275,0.9952,56.3,Reach max iteration 50 | best_iter=50
roberta,sum,fb237_v1_ind_seed7001,50,100.0,48,7001,0.7254,0.6916,0.8307,0.8287,0.8159,0.6916,0.9252,0.9813,68.0,Reach max iteration 50 | best_iter=3
roberta,sum,fb237_v1_ind_seed7005,50,100.0,48,7005,0.7042,0.6714,0.8637,0.8181,0.8059,0.6714,0.9238,0.9857,67.8,Reach max iteration 50 | best_iter=45
roberta,sum,fb237_v1_ind_seed7009,50,100.0,48,7009,0.6701,0.6763,0.869,0.8036,0.8027,0.6763,0.9179,0.9952,63.9,Reach max iteration 50 | best_iter=48
roberta,sum,fb237_v1_ind_seed7001,50,100.0,64,7001,0.7202,0.6729,0.7942,0.8168,0.7933,0.6729,0.8972,0.9579,68.6,Reach max iteration 50 | best_iter=2
roberta,sum,fb237_v1_ind_seed7005,50,100.0,64,7005,0.7136,0.7048,0.8546,0.82,0.82,0.7048,0.9238,0.9905,68.3,Reach max iteration 50 | best_iter=4
roberta,sum,fb237_v1_ind_seed7009,50,100.0,64,7009,0.6802,0.7101,0.875,0.81,0.8223,0.7101,0.9275,0.9855,67.8,Reach max iteration 50 | best_iter=19
roberta,sum,fb237_v1_ind_seed7001,50,100.0,80,7001,0.7358,0.6589,0.8548,0.8314,0.7971,0.6589,0.9159,0.986,68.4,Reach max iteration 50 | best_iter=4
roberta,sum,fb237_v1_ind_seed7005,50,100.0,80,7005,0.7136,0.6857,0.8829,0.82,0.8115,0.6857,0.9238,0.9857,68.7,Reach max iteration 50 | best_iter=24
roberta,sum,fb237_v1_ind_seed7009,50,100.0,80,7009,0.6853,0.686,0.878,0.8117,0.8106,0.686,0.9275,0.9903,68.1,Reach max iteration 50 | best_iter=42
roberta,sum,fb237_v1_ind_seed7001,50,100.0,96,7001,0.7254,0.6822,0.8383,0.8239,0.8086,0.6822,0.9159,0.986,68.4,Reach max iteration 50 | best_iter=3
roberta,sum,fb237_v1_ind_seed7005,50,100.0,96,7005,0.7089,0.681,0.8814,0.8209,0.8102,0.681,0.9238,0.981,70.8,Reach max iteration 50 | best_iter=26
roberta,sum,fb237_v1_ind_seed7009,50,100.0,96,7009,0.6751,0.6812,0.8845,0.8061,0.8071,0.6812,0.9324,0.9903,68.2,Reach max iteration 50 | best_iter=44
roberta,sum,fb237_v1_ind_seed7001,50,500.0,16,7001,0.5699,0.5607,0.5433,0.6796,0.6733,0.5607,0.729,0.8972,32.5,Reach max iteration 50 | best_iter=49
roberta,sum,fb237_v1_ind_seed7005,50,500.0,16,7005,0.4883,0.5095,0.5356,0.6217,0.6441,0.5095,0.7286,0.8667,32.8,Reach max iteration 50 | best_iter=38
roberta,sum,fb237_v1_ind_seed7009,50,500.0,16,7009,0.5228,0.5604,0.538,0.6525,0.6821,0.5604,0.7633,0.8841,32.9,Reach max iteration 50 | best_iter=16
roberta,sum,fb237_v1_ind_seed7001,50,500.0,32,7001,0.6218,0.5935,0.6059,0.7334,0.7093,0.5935,0.7804,0.9065,33.6,Reach max iteration 50 | best_iter=45
roberta,sum,fb237_v1_ind_seed7005,50,500.0,32,7005,0.554,0.5667,0.5906,0.6873,0.6968,0.5667,0.781,0.9048,33.3,Reach max iteration 50 | best_iter=30
roberta,sum,fb237_v1_ind_seed7009,50,500.0,32,7009,0.5888,0.6377,0.6045,0.7137,0.7455,0.6377,0.8261,0.8986,33.2,Reach max iteration 50 | best_iter=13
roberta,sum,fb237_v1_ind_seed7001,50,500.0,48,7001,0.6373,0.5935,0.6234,0.7444,0.7151,0.5935,0.7991,0.9206,34.7,Reach max iteration 50 | best_iter=37
roberta,sum,fb237_v1_ind_seed7005,50,500.0,48,7005,0.5681,0.5762,0.6199,0.7041,0.7102,0.5762,0.8238,0.8952,34.6,Reach max iteration 50 | best_iter=31
roberta,sum,fb237_v1_ind_seed7009,50,500.0,48,7009,0.6142,0.6763,0.6365,0.7292,0.772,0.6763,0.8406,0.913,35.0,Reach max iteration 50 | best_iter=9
roberta,sum,fb237_v1_ind_seed7001,50,500.0,64,7001,0.658,0.5888,0.645,0.7616,0.7192,0.5888,0.8084,0.9299,34.6,Reach max iteration 50 | best_iter=7
roberta,sum,fb237_v1_ind_seed7005,50,500.0,64,7005,0.6056,0.5952,0.6466,0.7351,0.7251,0.5952,0.8095,0.919,35.5,Reach max iteration 50 | best_iter=27
roberta,sum,fb237_v1_ind_seed7009,50,500.0,64,7009,0.6142,0.6812,0.661,0.7364,0.7806,0.6812,0.8454,0.9324,35.6,Reach max iteration 50 | best_iter=17
roberta,sum,fb237_v1_ind_seed7001,50,500.0,80,7001,0.6839,0.6262,0.6745,0.7777,0.7478,0.6262,0.8458,0.9346,39.5,Reach max iteration 50 | best_iter=8
roberta,sum,fb237_v1_ind_seed7005,50,500.0,80,7005,0.6103,0.6048,0.6471,0.7362,0.7315,0.6048,0.8143,0.9333,36.1,Reach max iteration 50 | best_iter=24
roberta,sum,fb237_v1_ind_seed7009,50,500.0,80,7009,0.6294,0.686,0.669,0.7435,0.7889,0.686,0.8744,0.942,39.2,Reach max iteration 50 | best_iter=18
roberta,sum,fb237_v1_ind_seed7001,50,500.0,96,7001,0.6839,0.6402,0.6805,0.7858,0.7569,0.6402,0.8364,0.9439,40.8,Reach max iteration 50 | best_iter=19
roberta,sum,fb237_v1_ind_seed7005,50,500.0,96,7005,0.6526,0.6286,0.689,0.7678,0.7478,0.6286,0.8286,0.9429,42.1,Reach max iteration 50 | best_iter=27
roberta,sum,fb237_v1_ind_seed7009,50,500.0,96,7009,0.6244,0.6763,0.675,0.7465,0.7811,0.6763,0.8647,0.9469,40.8,Reach max iteration 50 | best_iter=44
roberta,sum,fb237_v1_ind_seed7001,50,1000.0,16,7001,0.3264,0.3224,0.306,0.4513,0.463,0.3224,0.5187,0.7523,30.6,Reach max iteration 50 | best_iter=1
roberta,sum,fb237_v1_ind_seed7005,50,1000.0,16,7005,0.3052,0.2714,0.3034,0.4462,0.4352,0.2714,0.5333,0.7667,11.9,Reach max iteration 50 | best_iter=1
roberta,sum,fb237_v1_ind_seed7009,50,1000.0,16,7009,0.3604,0.372,0.3585,0.4946,0.5044,0.372,0.5652,0.7778,31.5,Reach max iteration 50 | best_iter=31
roberta,sum,fb237_v1_ind_seed7001,50,1000.0,32,7001,0.4093,0.3692,0.3861,0.5124,0.5087,0.3692,0.5935,0.7196,29.3,Reach max iteration 50 | best_iter=17
roberta,sum,fb237_v1_ind_seed7005,50,1000.0,32,7005,0.3897,0.4048,0.4331,0.5275,0.5439,0.4048,0.6238,0.8,31.8,Reach max iteration 50 | best_iter=33
roberta,sum,fb237_v1_ind_seed7009,50,1000.0,32,7009,0.4162,0.4589,0.4305,0.5542,0.5783,0.4589,0.6425,0.8309,31.5,Reach max iteration 50 | best_iter=50
roberta,sum,fb237_v1_ind_seed7001,50,1000.0,48,7001,0.4819,0.4579,0.4742,0.6168,0.5998,0.4579,0.6963,0.8271,31.5,Reach max iteration 50 | best_iter=50
roberta,sum,fb237_v1_ind_seed7005,50,1000.0,48,7005,0.4038,0.4571,0.4624,0.5457,0.5833,0.4571,0.6429,0.8143,31.6,Reach max iteration 50 | best_iter=41
roberta,sum,fb237_v1_ind_seed7009,50,1000.0,48,7009,0.4416,0.4734,0.456,0.5763,0.6005,0.4734,0.6618,0.8502,31.5,Reach max iteration 50 | best_iter=37
roberta,sum,fb237_v1_ind_seed7001,50,1000.0,64,7001,0.5285,0.4907,0.5023,0.6475,0.6266,0.4907,0.715,0.8318,32.1,Reach max iteration 50 | best_iter=45
roberta,sum,fb237_v1_ind_seed7005,50,1000.0,64,7005,0.4507,0.481,0.5008,0.5906,0.6151,0.481,0.7,0.8524,32.3,Reach max iteration 50 | best_iter=29
roberta,sum,fb237_v1_ind_seed7009,50,1000.0,64,7009,0.4924,0.5217,0.488,0.62,0.6372,0.5217,0.7005,0.8502,31.6,Reach max iteration 50 | best_iter=21
roberta,sum,fb237_v1_ind_seed7001,50,1000.0,80,7001,0.5233,0.4953,0.4992,0.6464,0.6301,0.4953,0.715,0.8598,32.0,Reach max iteration 50 | best_iter=50
roberta,sum,fb237_v1_ind_seed7005,50,1000.0,80,7005,0.4366,0.4524,0.4775,0.5703,0.5948,0.4524,0.7,0.8429,33.5,Reach max iteration 50 | best_iter=12
roberta,sum,fb237_v1_ind_seed7009,50,1000.0,80,7009,0.5178,0.5556,0.5105,0.6406,0.6713,0.5556,0.7391,0.8696,32.6,Reach max iteration 50 | best_iter=16
roberta,sum,fb237_v1_ind_seed7001,50,1000.0,96,7001,0.5389,0.5,0.5033,0.6577,0.6333,0.5,0.715,0.8598,32.8,Reach max iteration 50 | best_iter=15
roberta,sum,fb237_v1_ind_seed7005,50,1000.0,96,7005,0.4695,0.5,0.5194,0.6088,0.6317,0.5,0.719,0.8571,33.1,Reach max iteration 50 | best_iter=17
roberta,sum,fb237_v1_ind_seed7009,50,1000.0,96,7009,0.5228,0.5652,0.5195,0.6501,0.6835,0.5652,0.7536,0.8889,32.3,Reach max iteration 50 | best_iter=15
roberta,sum,fb237_v1_ind_seed7001,75,1.0,16,7001,0.6477,0.6028,0.9409,0.7671,0.7468,0.6028,0.8692,0.9533,91.1,Reach max iteration 50 | best_iter=20
roberta,sum,fb237_v1_ind_seed7005,75,1.0,16,7005,0.6667,0.619,0.9414,0.784,0.7505,0.619,0.8524,0.9429,92.6,Reach max iteration 50 | best_iter=42
roberta,sum,fb237_v1_ind_seed7009,75,1.0,16,7009,0.6294,0.6473,0.941,0.7735,0.7683,0.6473,0.8502,0.942,92.8,Reach max iteration 50 | best_iter=43
roberta,sum,fb237_v1_ind_seed7001,75,1.0,32,7001,0.6684,0.6495,0.9409,0.7828,0.7795,0.6495,0.9019,0.9626,97.7,Reach max iteration 50 | best_iter=46
roberta,sum,fb237_v1_ind_seed7005,75,1.0,32,7005,0.6479,0.6143,0.9414,0.7695,0.7562,0.6143,0.8905,0.9619,93.0,Reach max iteration 50 | best_iter=45
roberta,sum,fb237_v1_ind_seed7009,75,1.0,32,7009,0.6041,0.6522,0.941,0.7614,0.7749,0.6522,0.8792,0.9565,92.5,Reach max iteration 50 | best_iter=25
roberta,sum,fb237_v1_ind_seed7001,75,1.0,48,7001,0.6477,0.6121,0.9409,0.7718,0.7603,0.6121,0.8972,0.9579,93.2,Reach max iteration 50 | best_iter=45
roberta,sum,fb237_v1_ind_seed7005,75,1.0,48,7005,0.6854,0.619,0.9414,0.7935,0.767,0.619,0.9,0.9524,93.7,Reach max iteration 50 | best_iter=47
roberta,sum,fb237_v1_ind_seed7009,75,1.0,48,7009,0.6193,0.6425,0.941,0.767,0.7673,0.6425,0.8647,0.9565,93.3,Reach max iteration 50 | best_iter=38
roberta,sum,fb237_v1_ind_seed7001,75,1.0,64,7001,0.6528,0.6308,0.9409,0.773,0.7694,0.6308,0.8832,0.9673,93.0,Reach max iteration 50 | best_iter=38
roberta,sum,fb237_v1_ind_seed7005,75,1.0,64,7005,0.6761,0.5952,0.9414,0.7899,0.749,0.5952,0.9,0.9476,93.1,Reach max iteration 50 | best_iter=50
roberta,sum,fb237_v1_ind_seed7009,75,1.0,64,7009,0.6345,0.6425,0.941,0.7758,0.7619,0.6425,0.8551,0.9565,92.0,Reach max iteration 50 | best_iter=50
roberta,sum,fb237_v1_ind_seed7001,75,1.0,80,7001,0.6684,0.6262,0.9409,0.7835,0.7675,0.6262,0.8832,0.9626,91.5,Reach max iteration 50 | best_iter=30
roberta,sum,fb237_v1_ind_seed7005,75,1.0,80,7005,0.6573,0.6,0.9414,0.7758,0.7491,0.6,0.8905,0.9286,90.4,Reach max iteration 50 | best_iter=47
roberta,sum,fb237_v1_ind_seed7009,75,1.0,80,7009,0.6244,0.6425,0.941,0.762,0.7692,0.6425,0.8696,0.9614,92.8,Reach max iteration 50 | best_iter=46
roberta,sum,fb237_v1_ind_seed7001,75,1.0,96,7001,0.6528,0.6215,0.9409,0.7801,0.7667,0.6215,0.8972,0.972,92.3,Reach max iteration 50 | best_iter=32
roberta,sum,fb237_v1_ind_seed7005,75,1.0,96,7005,0.6901,0.6333,0.9414,0.8005,0.763,0.6333,0.8714,0.9571,91.9,Reach max iteration 50 | best_iter=50
roberta,sum,fb237_v1_ind_seed7009,75,1.0,96,7009,0.6142,0.6667,0.941,0.7599,0.7712,0.6667,0.8502,0.9275,91.5,Reach max iteration 50 | best_iter=29
roberta,sum,fb237_v1_ind_seed7001,75,5.0,16,7001,0.6632,0.6168,0.9409,0.7816,0.7631,0.6168,0.8972,0.972,90.7,Reach max iteration 50 | best_iter=8
roberta,sum,fb237_v1_ind_seed7005,75,5.0,16,7005,0.6526,0.6143,0.9414,0.7754,0.7577,0.6143,0.8905,0.9524,90.6,Reach max iteration 50 | best_iter=8
roberta,sum,fb237_v1_ind_seed7009,75,5.0,16,7009,0.6548,0.6618,0.941,0.7903,0.7809,0.6618,0.8744,0.9807,91.1,Reach max iteration 50 | best_iter=15
roberta,sum,fb237_v1_ind_seed7001,75,5.0,32,7001,0.6788,0.6262,0.9409,0.7948,0.7697,0.6262,0.9112,0.9626,92.0,Reach max iteration 50 | best_iter=9
roberta,sum,fb237_v1_ind_seed7005,75,5.0,32,7005,0.662,0.6048,0.9414,0.7805,0.7581,0.6048,0.9048,0.9571,91.2,Reach max iteration 50 | best_iter=8
roberta,sum,fb237_v1_ind_seed7009,75,5.0,32,7009,0.6345,0.6522,0.941,0.7767,0.774,0.6522,0.8792,0.9565,93.2,Reach max iteration 50 | best_iter=44
roberta,sum,fb237_v1_ind_seed7001,75,5.0,48,7001,0.6839,0.6215,0.9409,0.8008,0.7692,0.6215,0.8972,0.9673,90.8,Reach max iteration 50 | best_iter=11
roberta,sum,fb237_v1_ind_seed7005,75,5.0,48,7005,0.6761,0.6286,0.9414,0.7941,0.7713,0.6286,0.8952,0.9667,94.8,Reach max iteration 50 | best_iter=28
roberta,sum,fb237_v1_ind_seed7009,75,5.0,48,7009,0.6294,0.657,0.941,0.7724,0.7835,0.657,0.8841,0.9807,91.4,Reach max iteration 50 | best_iter=10
roberta,sum,fb237_v1_ind_seed7001,75,5.0,64,7001,0.6684,0.6308,0.9409,0.781,0.7713,0.6308,0.8972,0.986,92.8,Reach max iteration 50 | best_iter=8
roberta,sum,fb237_v1_ind_seed7005,75,5.0,64,7005,0.6808,0.6095,0.9414,0.7948,0.7615,0.6095,0.9048,0.9571,93.7,Reach max iteration 50 | best_iter=33
roberta,sum,fb237_v1_ind_seed7009,75,5.0,64,7009,0.6244,0.6763,0.941,0.7708,0.7862,0.6763,0.8889,0.9469,90.7,Reach max iteration 50 | best_iter=9
roberta,sum,fb237_v1_ind_seed7001,75,5.0,80,7001,0.6839,0.6355,0.9409,0.7948,0.7781,0.6355,0.9112,0.9766,91.7,Reach max iteration 50 | best_iter=28
roberta,sum,fb237_v1_ind_seed7005,75,5.0,80,7005,0.6901,0.5952,0.9414,0.8009,0.7506,0.5952,0.881,0.9571,93.2,Reach max iteration 50 | best_iter=11
roberta,sum,fb237_v1_ind_seed7009,75,5.0,80,7009,0.6193,0.657,0.941,0.7634,0.7804,0.657,0.8889,0.9614,91.6,Reach max iteration 50 | best_iter=30
roberta,sum,fb237_v1_ind_seed7001,75,5.0,96,7001,0.6632,0.6262,0.9409,0.7855,0.7698,0.6262,0.9112,0.972,93.0,Reach max iteration 50 | best_iter=19
roberta,sum,fb237_v1_ind_seed7005,75,5.0,96,7005,0.6808,0.6286,0.9414,0.7956,0.7698,0.6286,0.9048,0.9571,93.3,Reach max iteration 50 | best_iter=21
roberta,sum,fb237_v1_ind_seed7009,75,5.0,96,7009,0.6396,0.6522,0.941,0.7798,0.7727,0.6522,0.8792,0.9614,91.5,Reach max iteration 50 | best_iter=17
roberta,sum,fb237_v1_ind_seed7001,75,10.0,16,7001,0.6373,0.5981,0.9409,0.7716,0.7483,0.5981,0.8879,0.9579,92.1,Reach max iteration 50 | best_iter=5
roberta,sum,fb237_v1_ind_seed7005,75,10.0,16,7005,0.662,0.5952,0.9414,0.7853,0.7475,0.5952,0.8762,0.9571,91.6,Reach max iteration 50 | best_iter=14
roberta,sum,fb237_v1_ind_seed7009,75,10.0,16,7009,0.6447,0.657,0.9405,0.7819,0.7747,0.657,0.8647,0.9758,92.4,Reach max iteration 50 | best_iter=12
roberta,sum,fb237_v1_ind_seed7001,75,10.0,32,7001,0.6839,0.6121,0.9409,0.7966,0.7615,0.6121,0.8972,0.9626,93.7,Reach max iteration 50 | best_iter=5
roberta,sum,fb237_v1_ind_seed7005,75,10.0,32,7005,0.6573,0.619,0.9414,0.783,0.7703,0.619,0.9286,0.9667,93.2,Reach max iteration 50 | best_iter=6
roberta,sum,fb237_v1_ind_seed7009,75,10.0,32,7009,0.6294,0.6715,0.9405,0.7745,0.789,0.6715,0.8841,0.9614,92.8,Reach max iteration 50 | best_iter=8
roberta,sum,fb237_v1_ind_seed7001,75,10.0,48,7001,0.6632,0.6121,0.9404,0.7885,0.7608,0.6121,0.9019,0.972,93.3,Reach max iteration 50 | best_iter=5
roberta,sum,fb237_v1_ind_seed7005,75,10.0,48,7005,0.6761,0.619,0.9414,0.7935,0.7671,0.619,0.9,0.9714,93.5,Reach max iteration 50 | best_iter=46
roberta,sum,fb237_v1_ind_seed7009,75,10.0,48,7009,0.6447,0.6618,0.9405,0.7864,0.781,0.6618,0.8792,0.971,93.1,Reach max iteration 50 | best_iter=6
roberta,sum,fb237_v1_ind_seed7001,75,10.0,64,7001,0.6736,0.6542,0.9409,0.7941,0.7869,0.6542,0.9065,0.972,92.8,Reach max iteration 50 | best_iter=20
roberta,sum,fb237_v1_ind_seed7005,75,10.0,64,7005,0.6714,0.6238,0.9414,0.7896,0.7754,0.6238,0.9143,0.9619,93.4,Reach max iteration 50 | best_iter=50
roberta,sum,fb237_v1_ind_seed7009,75,10.0,64,7009,0.6294,0.6618,0.9405,0.7782,0.7847,0.6618,0.8937,0.9758,93.3,Reach max iteration 50 | best_iter=10
roberta,sum,fb237_v1_ind_seed7001,75,10.0,80,7001,0.6736,0.6168,0.9404,0.7941,0.767,0.6168,0.9112,0.986,93.1,Reach max iteration 50 | best_iter=6
roberta,sum,fb237_v1_ind_seed7005,75,10.0,80,7005,0.6808,0.6095,0.9414,0.7975,0.7582,0.6095,0.8905,0.9714,93.3,Reach max iteration 50 | best_iter=45
roberta,sum,fb237_v1_ind_seed7009,75,10.0,80,7009,0.6294,0.6473,0.9395,0.7644,0.7712,0.6473,0.8744,0.9469,91.0,Reach max iteration 50 | best_iter=5
roberta,sum,fb237_v1_ind_seed7001,75,10.0,96,7001,0.6632,0.6402,0.9409,0.7925,0.7794,0.6402,0.8972,0.9766,92.5,Reach max iteration 50 | best_iter=8
roberta,sum,fb237_v1_ind_seed7005,75,10.0,96,7005,0.6901,0.6333,0.9414,0.8038,0.777,0.6333,0.9,0.9667,93.8,Reach max iteration 50 | best_iter=13
roberta,sum,fb237_v1_ind_seed7009,75,10.0,96,7009,0.6396,0.6667,0.9405,0.7813,0.784,0.6667,0.8792,0.9662,93.4,Reach max iteration 50 | best_iter=6
roberta,sum,fb237_v1_ind_seed7001,75,50.0,16,7001,0.6995,0.6402,0.8728,0.8157,0.7832,0.6402,0.9112,0.9766,90.7,Reach max iteration 50 | best_iter=2
roberta,sum,fb237_v1_ind_seed7005,75,50.0,16,7005,0.6948,0.6857,0.899,0.8115,0.8067,0.6857,0.9143,0.9857,91.5,Reach max iteration 50 | best_iter=3
roberta,sum,fb237_v1_ind_seed7009,75,50.0,16,7009,0.665,0.686,0.911,0.7984,0.8056,0.686,0.9034,1.0,92.1,Reach max iteration 50 | best_iter=8
roberta,sum,fb237_v1_ind_seed7001,75,50.0,32,7001,0.715,0.6636,0.9039,0.8212,0.7961,0.6636,0.9159,0.9673,92.2,Reach max iteration 50 | best_iter=4
roberta,sum,fb237_v1_ind_seed7005,75,50.0,32,7005,0.7183,0.6714,0.8894,0.8194,0.8028,0.6714,0.9286,0.9762,93.2,Reach max iteration 50 | best_iter=2
roberta,sum,fb237_v1_ind_seed7009,75,50.0,32,7009,0.665,0.7005,0.924,0.7972,0.8149,0.7005,0.9082,0.9903,93.6,Reach max iteration 50 | best_iter=50
roberta,sum,fb237_v1_ind_seed7001,75,50.0,48,7001,0.6891,0.6495,0.9039,0.8053,0.7949,0.6495,0.9252,0.9766,94.1,Reach max iteration 50 | best_iter=3
roberta,sum,fb237_v1_ind_seed7005,75,50.0,48,7005,0.6854,0.6667,0.9228,0.8081,0.8059,0.6667,0.9286,0.981,93.5,Reach max iteration 50 | best_iter=23
roberta,sum,fb237_v1_ind_seed7009,75,50.0,48,7009,0.665,0.6957,0.903,0.7957,0.8109,0.6957,0.913,0.9855,93.2,Reach max iteration 50 | best_iter=3
roberta,sum,fb237_v1_ind_seed7001,75,50.0,64,7001,0.7098,0.6589,0.9134,0.8199,0.8032,0.6589,0.9393,0.986,93.4,Reach max iteration 50 | best_iter=4
roberta,sum,fb237_v1_ind_seed7005,75,50.0,64,7005,0.6854,0.6667,0.9273,0.8075,0.8014,0.6667,0.9238,0.9762,93.8,Reach max iteration 50 | best_iter=45
roberta,sum,fb237_v1_ind_seed7009,75,50.0,64,7009,0.665,0.686,0.9125,0.7968,0.8088,0.686,0.9227,0.9855,93.1,Reach max iteration 50 | best_iter=4
roberta,sum,fb237_v1_ind_seed7001,75,50.0,80,7001,0.7254,0.6589,0.8803,0.8262,0.7986,0.6589,0.9206,0.9766,92.9,Reach max iteration 50 | best_iter=2
roberta,sum,fb237_v1_ind_seed7005,75,50.0,80,7005,0.6995,0.6476,0.9278,0.8103,0.7893,0.6476,0.919,0.9857,93.7,Reach max iteration 50 | best_iter=25
roberta,sum,fb237_v1_ind_seed7009,75,50.0,80,7009,0.6751,0.6908,0.917,0.8015,0.8088,0.6908,0.8986,0.9952,93.0,Reach max iteration 50 | best_iter=4
roberta,sum,fb237_v1_ind_seed7001,75,50.0,96,7001,0.7098,0.6822,0.9234,0.82,0.8097,0.6822,0.9346,0.9813,93.7,Reach max iteration 50 | best_iter=8
roberta,sum,fb237_v1_ind_seed7005,75,50.0,96,7005,0.6948,0.6857,0.9288,0.8124,0.8106,0.6857,0.9286,0.981,94.3,Reach max iteration 50 | best_iter=22
roberta,sum,fb237_v1_ind_seed7009,75,50.0,96,7009,0.6497,0.6957,0.9115,0.7889,0.8147,0.6957,0.9275,0.9807,94.5,Reach max iteration 50 | best_iter=3
roberta,sum,fb237_v1_ind_seed7001,75,100.0,16,7001,0.7098,0.6776,0.7987,0.8144,0.8043,0.6776,0.9252,0.9673,60.8,Reach max iteration 50 | best_iter=3
roberta,sum,fb237_v1_ind_seed7005,75,100.0,16,7005,0.7136,0.6619,0.839,0.8202,0.7975,0.6619,0.9143,0.9905,61.2,Reach max iteration 50 | best_iter=13
roberta,sum,fb237_v1_ind_seed7009,75,100.0,16,7009,0.6853,0.7053,0.83,0.8054,0.8155,0.7053,0.9179,0.9952,60.6,Reach max iteration 50 | best_iter=36
roberta,sum,fb237_v1_ind_seed7001,75,100.0,32,7001,0.6995,0.6682,0.8613,0.809,0.7992,0.6682,0.9065,0.9766,78.9,Reach max iteration 50 | best_iter=15
roberta,sum,fb237_v1_ind_seed7005,75,100.0,32,7005,0.7136,0.6857,0.8597,0.8194,0.8094,0.6857,0.9238,0.9857,75.6,Reach max iteration 50 | best_iter=14
roberta,sum,fb237_v1_ind_seed7009,75,100.0,32,7009,0.6904,0.6957,0.8615,0.8118,0.8141,0.6957,0.9179,0.9952,76.1,Reach max iteration 50 | best_iter=32
roberta,sum,fb237_v1_ind_seed7001,75,100.0,48,7001,0.7047,0.6916,0.8348,0.8166,0.8129,0.6916,0.9159,0.972,92.3,Reach max iteration 50 | best_iter=4
roberta,sum,fb237_v1_ind_seed7005,75,100.0,48,7005,0.7183,0.7,0.8364,0.8223,0.8163,0.7,0.9238,0.981,93.2,Reach max iteration 50 | best_iter=4
roberta,sum,fb237_v1_ind_seed7009,75,100.0,48,7009,0.6802,0.6957,0.871,0.8097,0.8137,0.6957,0.9227,0.9855,91.4,Reach max iteration 50 | best_iter=17
roberta,sum,fb237_v1_ind_seed7001,75,100.0,64,7001,0.7409,0.6682,0.8317,0.8318,0.8043,0.6682,0.9346,0.9813,93.3,Reach max iteration 50 | best_iter=3
roberta,sum,fb237_v1_ind_seed7005,75,100.0,64,7005,0.7089,0.7,0.8708,0.8192,0.8223,0.7,0.9381,0.9857,93.8,Reach max iteration 50 | best_iter=10
roberta,sum,fb237_v1_ind_seed7009,75,100.0,64,7009,0.6954,0.686,0.873,0.8161,0.8094,0.686,0.9179,0.9952,92.9,Reach max iteration 50 | best_iter=24
roberta,sum,fb237_v1_ind_seed7001,75,100.0,80,7001,0.7202,0.6682,0.8673,0.8232,0.8053,0.6682,0.9252,0.986,93.0,Reach max iteration 50 | best_iter=7
roberta,sum,fb237_v1_ind_seed7005,75,100.0,80,7005,0.7183,0.6952,0.8824,0.8226,0.8171,0.6952,0.9286,0.981,93.5,Reach max iteration 50 | best_iter=32
roberta,sum,fb237_v1_ind_seed7009,75,100.0,80,7009,0.6853,0.7053,0.8825,0.8094,0.8184,0.7053,0.913,0.9855,92.9,Reach max iteration 50 | best_iter=8
roberta,sum,fb237_v1_ind_seed7001,75,100.0,96,7001,0.6995,0.6729,0.8818,0.8108,0.8048,0.6729,0.9299,0.986,93.5,Reach max iteration 50 | best_iter=12
roberta,sum,fb237_v1_ind_seed7005,75,100.0,96,7005,0.723,0.7095,0.8819,0.8264,0.8282,0.7095,0.9286,0.981,93.6,Reach max iteration 50 | best_iter=7
roberta,sum,fb237_v1_ind_seed7009,75,100.0,96,7009,0.6802,0.7053,0.8665,0.8056,0.8219,0.7053,0.9324,0.9903,93.2,Reach max iteration 50 | best_iter=5
roberta,sum,fb237_v1_ind_seed7001,75,500.0,16,7001,0.5699,0.5327,0.5448,0.6823,0.6651,0.5327,0.7617,0.8645,43.9,Reach max iteration 50 | best_iter=50
roberta,sum,fb237_v1_ind_seed7005,75,500.0,16,7005,0.5023,0.5238,0.5482,0.6371,0.6554,0.5238,0.7381,0.8762,44.0,Reach max iteration 50 | best_iter=23
roberta,sum,fb237_v1_ind_seed7009,75,500.0,16,7009,0.5178,0.5507,0.523,0.6425,0.6698,0.5507,0.7391,0.8696,44.2,Reach max iteration 50 | best_iter=16
roberta,sum,fb237_v1_ind_seed7001,75,500.0,32,7001,0.6218,0.5841,0.6024,0.7305,0.7047,0.5841,0.785,0.9112,44.5,Reach max iteration 50 | best_iter=41
roberta,sum,fb237_v1_ind_seed7005,75,500.0,32,7005,0.5728,0.5476,0.5962,0.6958,0.6845,0.5476,0.781,0.8952,45.1,Reach max iteration 50 | best_iter=21
roberta,sum,fb237_v1_ind_seed7009,75,500.0,32,7009,0.5838,0.628,0.5905,0.708,0.7381,0.628,0.8164,0.9082,45.5,Reach max iteration 50 | best_iter=24
roberta,sum,fb237_v1_ind_seed7001,75,500.0,48,7001,0.6269,0.5748,0.6124,0.7364,0.7009,0.5748,0.7897,0.9252,46.2,Reach max iteration 50 | best_iter=40
roberta,sum,fb237_v1_ind_seed7005,75,500.0,48,7005,0.5775,0.581,0.628,0.7091,0.7096,0.581,0.7952,0.9,46.5,Reach max iteration 50 | best_iter=20
roberta,sum,fb237_v1_ind_seed7009,75,500.0,48,7009,0.6244,0.6812,0.632,0.7374,0.7737,0.6812,0.8406,0.9179,45.5,Reach max iteration 50 | best_iter=8
roberta,sum,fb237_v1_ind_seed7001,75,500.0,64,7001,0.6839,0.6215,0.6495,0.7792,0.7388,0.6215,0.8084,0.9299,47.0,Reach max iteration 50 | best_iter=22
roberta,sum,fb237_v1_ind_seed7005,75,500.0,64,7005,0.6291,0.5905,0.6431,0.7505,0.7216,0.5905,0.7952,0.9048,48.6,Reach max iteration 50 | best_iter=9
roberta,sum,fb237_v1_ind_seed7009,75,500.0,64,7009,0.6091,0.6715,0.6495,0.7315,0.7702,0.6715,0.8406,0.9275,48.3,Reach max iteration 50 | best_iter=9
roberta,sum,fb237_v1_ind_seed7001,75,500.0,80,7001,0.6891,0.6308,0.6795,0.7872,0.7478,0.6308,0.8271,0.9439,55.3,Reach max iteration 50 | best_iter=25
roberta,sum,fb237_v1_ind_seed7005,75,500.0,80,7005,0.6479,0.6048,0.6694,0.765,0.7352,0.6048,0.8333,0.9238,50.9,Reach max iteration 50 | best_iter=11
roberta,sum,fb237_v1_ind_seed7009,75,500.0,80,7009,0.6396,0.686,0.661,0.7529,0.7852,0.686,0.8599,0.9469,54.9,Reach max iteration 50 | best_iter=17
roberta,sum,fb237_v1_ind_seed7001,75,500.0,96,7001,0.6839,0.6308,0.685,0.7837,0.7529,0.6308,0.8598,0.9486,62.2,Reach max iteration 50 | best_iter=13
roberta,sum,fb237_v1_ind_seed7005,75,500.0,96,7005,0.6573,0.6381,0.6673,0.7705,0.7501,0.6381,0.8238,0.9524,61.2,Reach max iteration 50 | best_iter=19
roberta,sum,fb237_v1_ind_seed7009,75,500.0,96,7009,0.6345,0.6908,0.68,0.7502,0.7911,0.6908,0.8792,0.942,59.7,Reach max iteration 50 | best_iter=43
roberta,sum,fb237_v1_ind_seed7001,75,1000.0,16,7001,0.3938,0.3224,0.357,0.4985,0.4787,0.3224,0.5841,0.7103,43.0,Reach max iteration 50 | best_iter=42
roberta,sum,fb237_v1_ind_seed7005,75,1000.0,16,7005,0.2864,0.2762,0.3044,0.4364,0.4394,0.2762,0.5333,0.7619,36.0,Reach max iteration 50 | best_iter=1
roberta,sum,fb237_v1_ind_seed7009,75,1000.0,16,7009,0.3604,0.3768,0.3595,0.4945,0.5074,0.3768,0.5652,0.7778,43.9,Reach max iteration 50 | best_iter=41
roberta,sum,fb237_v1_ind_seed7001,75,1000.0,32,7001,0.4145,0.4065,0.4206,0.5432,0.5509,0.4065,0.6449,0.785,43.8,Reach max iteration 50 | best_iter=49
roberta,sum,fb237_v1_ind_seed7005,75,1000.0,32,7005,0.385,0.4095,0.4266,0.5279,0.5462,0.4095,0.6143,0.8048,43.9,Reach max iteration 50 | best_iter=23
roberta,sum,fb237_v1_ind_seed7009,75,1000.0,32,7009,0.401,0.4348,0.4135,0.5329,0.5536,0.4348,0.5942,0.8068,43.7,Reach max iteration 50 | best_iter=49
roberta,sum,fb237_v1_ind_seed7001,75,1000.0,48,7001,0.4922,0.4813,0.4772,0.6197,0.6161,0.4813,0.715,0.8224,43.2,Reach max iteration 50 | best_iter=43
roberta,sum,fb237_v1_ind_seed7005,75,1000.0,48,7005,0.4085,0.4286,0.4483,0.5386,0.5651,0.4286,0.6476,0.8095,44.0,Reach max iteration 50 | best_iter=25
roberta,sum,fb237_v1_ind_seed7009,75,1000.0,48,7009,0.4315,0.5024,0.452,0.5761,0.619,0.5024,0.6812,0.8551,44.0,Reach max iteration 50 | best_iter=29
roberta,sum,fb237_v1_ind_seed7001,75,1000.0,64,7001,0.513,0.5047,0.5023,0.6356,0.6312,0.5047,0.7103,0.8505,43.9,Reach max iteration 50 | best_iter=39
roberta,sum,fb237_v1_ind_seed7005,75,1000.0,64,7005,0.4507,0.4714,0.4947,0.5871,0.6053,0.4714,0.6905,0.8381,43.9,Reach max iteration 50 | best_iter=22
roberta,sum,fb237_v1_ind_seed7009,75,1000.0,64,7009,0.4822,0.5411,0.5015,0.6186,0.6603,0.5411,0.7391,0.8744,43.8,Reach max iteration 50 | best_iter=29
roberta,sum,fb237_v1_ind_seed7001,75,1000.0,80,7001,0.5285,0.4953,0.5128,0.6521,0.6318,0.4953,0.7196,0.8551,44.2,Reach max iteration 50 | best_iter=46
roberta,sum,fb237_v1_ind_seed7005,75,1000.0,80,7005,0.4507,0.4905,0.5063,0.5934,0.6225,0.4905,0.7095,0.8619,45.5,Reach max iteration 50 | best_iter=49
roberta,sum,fb237_v1_ind_seed7009,75,1000.0,80,7009,0.5076,0.5507,0.5125,0.6336,0.6686,0.5507,0.744,0.8696,44.6,Reach max iteration 50 | best_iter=40
roberta,sum,fb237_v1_ind_seed7001,75,1000.0,96,7001,0.5544,0.528,0.5173,0.6658,0.6497,0.528,0.7103,0.8738,44.5,Reach max iteration 50 | best_iter=14
roberta,sum,fb237_v1_ind_seed7005,75,1000.0,96,7005,0.4836,0.5048,0.528,0.6165,0.6345,0.5048,0.7095,0.8619,44.9,Reach max iteration 50 | best_iter=25
roberta,sum,fb237_v1_ind_seed7009,75,1000.0,96,7009,0.5228,0.5749,0.5245,0.6493,0.6886,0.5749,0.7536,0.8841,45.0,Reach max iteration 50 | best_iter=19
roberta,sum,fb237_v1_ind_seed7001,100,1.0,16,7001,0.6373,0.6262,0.9409,0.767,0.7637,0.6262,0.8925,0.9626,117.3,Reach max iteration 50 | best_iter=29
roberta,sum,fb237_v1_ind_seed7005,100,1.0,16,7005,0.6432,0.6238,0.9414,0.7644,0.7611,0.6238,0.881,0.9619,119.4,Reach max iteration 50 | best_iter=27
roberta,sum,fb237_v1_ind_seed7009,100,1.0,16,7009,0.6396,0.6667,0.941,0.7792,0.7796,0.6667,0.8696,0.9565,119.3,Reach max iteration 50 | best_iter=24
roberta,sum,fb237_v1_ind_seed7001,100,1.0,32,7001,0.6632,0.6215,0.9409,0.7724,0.7651,0.6215,0.9019,0.9673,118.8,Reach max iteration 50 | best_iter=17
roberta,sum,fb237_v1_ind_seed7005,100,1.0,32,7005,0.6432,0.6286,0.9414,0.773,0.7709,0.6286,0.8952,0.9667,120.1,Reach max iteration 50 | best_iter=46
roberta,sum,fb237_v1_ind_seed7009,100,1.0,32,7009,0.6244,0.6522,0.941,0.7711,0.77,0.6522,0.8744,0.9565,116.8,Reach max iteration 50 | best_iter=41
roberta,sum,fb237_v1_ind_seed7001,100,1.0,48,7001,0.658,0.6262,0.9409,0.7779,0.7632,0.6262,0.9019,0.9486,119.0,Reach max iteration 50 | best_iter=15
roberta,sum,fb237_v1_ind_seed7005,100,1.0,48,7005,0.6761,0.6381,0.9414,0.7843,0.7697,0.6381,0.8857,0.9619,122.0,Reach max iteration 50 | best_iter=24
roberta,sum,fb237_v1_ind_seed7009,100,1.0,48,7009,0.6041,0.6377,0.941,0.7578,0.767,0.6377,0.8744,0.9565,120.0,Reach max iteration 50 | best_iter=38
roberta,sum,fb237_v1_ind_seed7001,100,1.0,64,7001,0.6839,0.6215,0.9409,0.7916,0.7667,0.6215,0.8925,0.972,119.8,Reach max iteration 50 | best_iter=30
roberta,sum,fb237_v1_ind_seed7005,100,1.0,64,7005,0.6667,0.6333,0.9414,0.7899,0.7709,0.6333,0.8952,0.9667,119.5,Reach max iteration 50 | best_iter=50
roberta,sum,fb237_v1_ind_seed7009,100,1.0,64,7009,0.6244,0.6667,0.941,0.7709,0.7822,0.6667,0.8792,0.9614,119.9,Reach max iteration 50 | best_iter=43
roberta,sum,fb237_v1_ind_seed7001,100,1.0,80,7001,0.6736,0.6262,0.9409,0.7864,0.7717,0.6262,0.9019,0.9673,118.1,Reach max iteration 50 | best_iter=26
roberta,sum,fb237_v1_ind_seed7005,100,1.0,80,7005,0.6808,0.5952,0.9414,0.7899,0.7484,0.5952,0.8905,0.9524,121.8,Reach max iteration 50 | best_iter=26
roberta,sum,fb237_v1_ind_seed7009,100,1.0,80,7009,0.6193,0.6425,0.941,0.7646,0.7628,0.6425,0.8647,0.9517,121.1,Reach max iteration 50 | best_iter=27
roberta,sum,fb237_v1_ind_seed7001,100,1.0,96,7001,0.6788,0.6308,0.9409,0.7893,0.7791,0.6308,0.9206,0.9626,122.5,Reach max iteration 50 | best_iter=42
roberta,sum,fb237_v1_ind_seed7005,100,1.0,96,7005,0.6761,0.6143,0.9414,0.7902,0.756,0.6143,0.881,0.9381,121.8,Reach max iteration 50 | best_iter=50
roberta,sum,fb237_v1_ind_seed7009,100,1.0,96,7009,0.6142,0.6618,0.941,0.7643,0.7737,0.6618,0.8696,0.9469,122.2,Reach max iteration 50 | best_iter=37
roberta,sum,fb237_v1_ind_seed7001,100,5.0,16,7001,0.6373,0.6402,0.9409,0.7744,0.7713,0.6402,0.8879,0.9626,117.3,Reach max iteration 50 | best_iter=10
roberta,sum,fb237_v1_ind_seed7005,100,5.0,16,7005,0.6526,0.6381,0.9414,0.7756,0.7708,0.6381,0.8952,0.9667,117.4,Reach max iteration 50 | best_iter=46
roberta,sum,fb237_v1_ind_seed7009,100,5.0,16,7009,0.6294,0.6812,0.941,0.775,0.7962,0.6812,0.8889,0.9662,118.6,Reach max iteration 50 | best_iter=10
roberta,sum,fb237_v1_ind_seed7001,100,5.0,32,7001,0.658,0.6262,0.9409,0.7783,0.7648,0.6262,0.8879,0.972,118.8,Reach max iteration 50 | best_iter=7
roberta,sum,fb237_v1_ind_seed7005,100,5.0,32,7005,0.6761,0.6048,0.9414,0.7888,0.755,0.6048,0.8857,0.9619,116.9,Reach max iteration 50 | best_iter=39
roberta,sum,fb237_v1_ind_seed7009,100,5.0,32,7009,0.6396,0.6618,0.9405,0.7794,0.7771,0.6618,0.8599,0.942,115.6,Reach max iteration 50 | best_iter=8
roberta,sum,fb237_v1_ind_seed7001,100,5.0,48,7001,0.6684,0.6402,0.9409,0.7899,0.7742,0.6402,0.9065,0.9533,115.2,Reach max iteration 50 | best_iter=11
roberta,sum,fb237_v1_ind_seed7005,100,5.0,48,7005,0.6808,0.6238,0.9414,0.7918,0.7674,0.6238,0.9,0.9524,117.9,Reach max iteration 50 | best_iter=26
roberta,sum,fb237_v1_ind_seed7009,100,5.0,48,7009,0.6142,0.6425,0.941,0.7657,0.7748,0.6425,0.8889,0.9758,118.3,Reach max iteration 50 | best_iter=14
roberta,sum,fb237_v1_ind_seed7001,100,5.0,64,7001,0.6788,0.6308,0.9409,0.7941,0.7733,0.6308,0.9112,0.972,118.8,Reach max iteration 50 | best_iter=11
roberta,sum,fb237_v1_ind_seed7005,100,5.0,64,7005,0.6808,0.6429,0.9414,0.7948,0.7814,0.6429,0.8952,0.9667,118.5,Reach max iteration 50 | best_iter=14
roberta,sum,fb237_v1_ind_seed7009,100,5.0,64,7009,0.6396,0.6667,0.941,0.7809,0.7878,0.6667,0.8841,0.9807,120.2,Reach max iteration 50 | best_iter=44
roberta,sum,fb237_v1_ind_seed7001,100,5.0,80,7001,0.6839,0.6402,0.9409,0.7988,0.7809,0.6402,0.9159,0.972,116.3,Reach max iteration 50 | best_iter=24
roberta,sum,fb237_v1_ind_seed7005,100,5.0,80,7005,0.6808,0.619,0.9414,0.7977,0.7668,0.619,0.9048,0.9667,119.6,Reach max iteration 50 | best_iter=16
roberta,sum,fb237_v1_ind_seed7009,100,5.0,80,7009,0.6345,0.6425,0.941,0.7806,0.7695,0.6425,0.8744,0.9614,117.8,Reach max iteration 50 | best_iter=18
roberta,sum,fb237_v1_ind_seed7001,100,5.0,96,7001,0.6788,0.6168,0.9409,0.7925,0.7682,0.6168,0.9019,0.9673,121.3,Reach max iteration 50 | best_iter=9
roberta,sum,fb237_v1_ind_seed7005,100,5.0,96,7005,0.7042,0.6238,0.9414,0.8079,0.7644,0.6238,0.8905,0.9524,120.4,Reach max iteration 50 | best_iter=24
roberta,sum,fb237_v1_ind_seed7009,100,5.0,96,7009,0.6142,0.6473,0.941,0.771,0.7763,0.6473,0.8889,0.9662,118.9,Reach max iteration 50 | best_iter=14
roberta,sum,fb237_v1_ind_seed7001,100,10.0,16,7001,0.6684,0.6215,0.9409,0.7883,0.762,0.6215,0.8832,0.972,120.9,Reach max iteration 50 | best_iter=22
roberta,sum,fb237_v1_ind_seed7005,100,10.0,16,7005,0.662,0.619,0.9414,0.7852,0.7627,0.619,0.8952,0.9762,118.2,Reach max iteration 50 | best_iter=7
roberta,sum,fb237_v1_ind_seed7009,100,10.0,16,7009,0.6396,0.6763,0.9395,0.7807,0.7938,0.6763,0.8889,0.9662,117.8,Reach max iteration 50 | best_iter=5
roberta,sum,fb237_v1_ind_seed7001,100,10.0,32,7001,0.6736,0.6215,0.9344,0.7845,0.7623,0.6215,0.8832,0.972,119.2,Reach max iteration 50 | best_iter=3
roberta,sum,fb237_v1_ind_seed7005,100,10.0,32,7005,0.6573,0.619,0.9414,0.7808,0.7677,0.619,0.8952,0.9667,118.9,Reach max iteration 50 | best_iter=48
roberta,sum,fb237_v1_ind_seed7009,100,10.0,32,7009,0.6244,0.6522,0.941,0.7751,0.7722,0.6522,0.8744,0.971,119.6,Reach max iteration 50 | best_iter=18
roberta,sum,fb237_v1_ind_seed7001,100,10.0,48,7001,0.6632,0.6542,0.9399,0.7847,0.7868,0.6542,0.9112,0.9626,120.1,Reach max iteration 50 | best_iter=4
roberta,sum,fb237_v1_ind_seed7005,100,10.0,48,7005,0.6901,0.619,0.9414,0.802,0.7647,0.619,0.8905,0.9762,120.5,Reach max iteration 50 | best_iter=13
roberta,sum,fb237_v1_ind_seed7009,100,10.0,48,7009,0.6294,0.6473,0.9405,0.7777,0.7772,0.6473,0.8841,0.9807,120.0,Reach max iteration 50 | best_iter=9
roberta,sum,fb237_v1_ind_seed7001,100,10.0,64,7001,0.6891,0.6449,0.9409,0.8018,0.7808,0.6449,0.9112,0.972,119.7,Reach max iteration 50 | best_iter=34
roberta,sum,fb237_v1_ind_seed7005,100,10.0,64,7005,0.6901,0.6381,0.9414,0.8029,0.7789,0.6381,0.9095,0.9619,118.8,Reach max iteration 50 | best_iter=7
roberta,sum,fb237_v1_ind_seed7009,100,10.0,64,7009,0.6396,0.6618,0.9405,0.7842,0.7871,0.6618,0.8986,0.9758,119.5,Reach max iteration 50 | best_iter=6
roberta,sum,fb237_v1_ind_seed7001,100,10.0,80,7001,0.6788,0.6355,0.9409,0.7931,0.7789,0.6355,0.9159,0.972,120.9,Reach max iteration 50 | best_iter=7
roberta,sum,fb237_v1_ind_seed7005,100,10.0,80,7005,0.6948,0.6238,0.9414,0.8034,0.7684,0.6238,0.8952,0.9667,120.7,Reach max iteration 50 | best_iter=13
roberta,sum,fb237_v1_ind_seed7009,100,10.0,80,7009,0.6396,0.657,0.9405,0.7821,0.7745,0.657,0.8647,0.9807,119.7,Reach max iteration 50 | best_iter=6
roberta,sum,fb237_v1_ind_seed7001,100,10.0,96,7001,0.6891,0.6215,0.9409,0.7986,0.7744,0.6215,0.9112,0.9766,120.9,Reach max iteration 50 | best_iter=7
roberta,sum,fb237_v1_ind_seed7005,100,10.0,96,7005,0.6995,0.6333,0.9414,0.8061,0.7731,0.6333,0.8952,0.9667,120.9,Reach max iteration 50 | best_iter=13
roberta,sum,fb237_v1_ind_seed7009,100,10.0,96,7009,0.6244,0.6473,0.931,0.7714,0.7632,0.6473,0.8502,0.9614,120.9,Reach max iteration 50 | best_iter=2
roberta,sum,fb237_v1_ind_seed7001,100,50.0,16,7001,0.6943,0.6262,0.8868,0.8092,0.7752,0.6262,0.9112,0.9813,118.9,Reach max iteration 50 | best_iter=3
roberta,sum,fb237_v1_ind_seed7005,100,50.0,16,7005,0.6995,0.6667,0.9066,0.8074,0.7967,0.6667,0.919,0.9762,118.4,Reach max iteration 50 | best_iter=5
roberta,sum,fb237_v1_ind_seed7009,100,50.0,16,7009,0.6497,0.7101,0.91,0.7904,0.8123,0.7101,0.8986,0.9807,117.8,Reach max iteration 50 | best_iter=7
roberta,sum,fb237_v1_ind_seed7001,100,50.0,32,7001,0.715,0.6402,0.9129,0.8171,0.7855,0.6402,0.9206,0.972,119.4,Reach max iteration 50 | best_iter=5
roberta,sum,fb237_v1_ind_seed7005,100,50.0,32,7005,0.6995,0.6524,0.9218,0.8132,0.7923,0.6524,0.9238,0.9857,120.2,Reach max iteration 50 | best_iter=15
roberta,sum,fb237_v1_ind_seed7009,100,50.0,32,7009,0.665,0.6763,0.921,0.801,0.8013,0.6763,0.9034,0.9903,120.5,Reach max iteration 50 | best_iter=12
roberta,sum,fb237_v1_ind_seed7001,100,50.0,48,7001,0.6995,0.6729,0.9224,0.8114,0.8053,0.6729,0.9346,0.972,119.6,Reach max iteration 50 | best_iter=41
roberta,sum,fb237_v1_ind_seed7005,100,50.0,48,7005,0.6948,0.6905,0.9177,0.8128,0.8151,0.6905,0.9286,0.9857,119.6,Reach max iteration 50 | best_iter=8
roberta,sum,fb237_v1_ind_seed7009,100,50.0,48,7009,0.6599,0.6908,0.9025,0.7905,0.8068,0.6908,0.9082,0.9903,119.7,Reach max iteration 50 | best_iter=3
roberta,sum,fb237_v1_ind_seed7001,100,50.0,64,7001,0.6943,0.6636,0.9094,0.8077,0.7982,0.6636,0.9299,0.9813,119.7,Reach max iteration 50 | best_iter=4
roberta,sum,fb237_v1_ind_seed7005,100,50.0,64,7005,0.6854,0.6524,0.9248,0.8097,0.7921,0.6524,0.9238,0.9762,121.0,Reach max iteration 50 | best_iter=43
roberta,sum,fb237_v1_ind_seed7009,100,50.0,64,7009,0.6701,0.6957,0.901,0.7978,0.8051,0.6957,0.8841,0.9903,119.9,Reach max iteration 50 | best_iter=3
roberta,sum,fb237_v1_ind_seed7001,100,50.0,80,7001,0.6995,0.6682,0.9224,0.8136,0.8041,0.6682,0.9299,0.972,118.8,Reach max iteration 50 | best_iter=12
roberta,sum,fb237_v1_ind_seed7005,100,50.0,80,7005,0.7042,0.6905,0.9152,0.8132,0.8143,0.6905,0.9286,0.9857,120.1,Reach max iteration 50 | best_iter=5
roberta,sum,fb237_v1_ind_seed7009,100,50.0,80,7009,0.6751,0.6908,0.913,0.8045,0.8084,0.6908,0.9082,0.9758,121.2,Reach max iteration 50 | best_iter=4
roberta,sum,fb237_v1_ind_seed7001,100,50.0,96,7001,0.6943,0.6589,0.9214,0.8112,0.797,0.6589,0.9252,0.9766,122.6,Reach max iteration 50 | best_iter=5
roberta,sum,fb237_v1_ind_seed7005,100,50.0,96,7005,0.6995,0.6762,0.9096,0.8118,0.8068,0.6762,0.9238,0.981,120.9,Reach max iteration 50 | best_iter=4
roberta,sum,fb237_v1_ind_seed7009,100,50.0,96,7009,0.6447,0.6908,0.907,0.7894,0.8083,0.6908,0.9082,0.9807,121.3,Reach max iteration 50 | best_iter=3
roberta,sum,fb237_v1_ind_seed7001,100,100.0,16,7001,0.7047,0.6682,0.8338,0.8078,0.7984,0.6682,0.9112,0.9673,78.6,Reach max iteration 50 | best_iter=22
roberta,sum,fb237_v1_ind_seed7005,100,100.0,16,7005,0.7136,0.6762,0.8385,0.8186,0.7974,0.6762,0.8952,0.981,78.9,Reach max iteration 50 | best_iter=20
roberta,sum,fb237_v1_ind_seed7009,100,100.0,16,7009,0.6904,0.7198,0.8145,0.8058,0.8236,0.7198,0.9082,0.9855,78.4,Reach max iteration 50 | best_iter=4
roberta,sum,fb237_v1_ind_seed7001,100,100.0,32,7001,0.7202,0.7056,0.8292,0.8234,0.821,0.7056,0.9206,0.9813,97.9,Reach max iteration 50 | best_iter=6
roberta,sum,fb237_v1_ind_seed7005,100,100.0,32,7005,0.7183,0.681,0.8511,0.8192,0.8082,0.681,0.9286,0.981,95.8,Reach max iteration 50 | best_iter=7
roberta,sum,fb237_v1_ind_seed7009,100,100.0,32,7009,0.6954,0.6812,0.864,0.818,0.8077,0.6812,0.9227,0.9952,97.8,Reach max iteration 50 | best_iter=26
roberta,sum,fb237_v1_ind_seed7001,100,100.0,48,7001,0.7254,0.6636,0.8363,0.8249,0.7985,0.6636,0.9252,0.986,113.4,Reach max iteration 50 | best_iter=4
roberta,sum,fb237_v1_ind_seed7005,100,100.0,48,7005,0.7136,0.719,0.8304,0.8194,0.8261,0.719,0.9143,0.9952,117.1,Reach max iteration 50 | best_iter=4
roberta,sum,fb237_v1_ind_seed7009,100,100.0,48,7009,0.6904,0.7005,0.8575,0.8082,0.8138,0.7005,0.913,0.9952,118.1,Reach max iteration 50 | best_iter=6
roberta,sum,fb237_v1_ind_seed7001,100,100.0,64,7001,0.7098,0.7009,0.8433,0.8171,0.82,0.7009,0.9346,0.9766,118.8,Reach max iteration 50 | best_iter=4
roberta,sum,fb237_v1_ind_seed7005,100,100.0,64,7005,0.7183,0.6762,0.8688,0.8245,0.8094,0.6762,0.9286,0.981,120.6,Reach max iteration 50 | best_iter=9
roberta,sum,fb237_v1_ind_seed7009,100,100.0,64,7009,0.6954,0.7343,0.8395,0.8127,0.8292,0.7343,0.9034,0.9952,119.4,Reach max iteration 50 | best_iter=4
roberta,sum,fb237_v1_ind_seed7001,100,100.0,80,7001,0.7202,0.6822,0.8473,0.8243,0.8089,0.6822,0.9206,0.9766,121.2,Reach max iteration 50 | best_iter=4
roberta,sum,fb237_v1_ind_seed7005,100,100.0,80,7005,0.723,0.6952,0.8728,0.8268,0.8175,0.6952,0.9381,0.9857,120.5,Reach max iteration 50 | best_iter=7
roberta,sum,fb237_v1_ind_seed7009,100,100.0,80,7009,0.6802,0.6812,0.883,0.8091,0.8083,0.6812,0.9227,0.9855,119.3,Reach max iteration 50 | best_iter=22
roberta,sum,fb237_v1_ind_seed7001,100,100.0,96,7001,0.7202,0.6729,0.8693,0.8259,0.8078,0.6729,0.9346,0.9766,120.2,Reach max iteration 50 | best_iter=6
roberta,sum,fb237_v1_ind_seed7005,100,100.0,96,7005,0.7136,0.6667,0.8788,0.8214,0.8014,0.6667,0.9286,0.9857,120.9,Reach max iteration 50 | best_iter=47
roberta,sum,fb237_v1_ind_seed7009,100,100.0,96,7009,0.6751,0.686,0.882,0.8056,0.8087,0.686,0.9227,0.9855,120.0,Reach max iteration 50 | best_iter=38
roberta,sum,fb237_v1_ind_seed7001,100,500.0,16,7001,0.5699,0.5327,0.5373,0.6801,0.6566,0.5327,0.7477,0.8551,55.9,Reach max iteration 50 | best_iter=10
roberta,sum,fb237_v1_ind_seed7005,100,500.0,16,7005,0.5023,0.519,0.5543,0.636,0.6538,0.519,0.7333,0.8905,56.3,Reach max iteration 50 | best_iter=14
roberta,sum,fb237_v1_ind_seed7009,100,500.0,16,7009,0.5228,0.5411,0.5385,0.6608,0.674,0.5411,0.7681,0.8792,56.9,Reach max iteration 50 | best_iter=44
roberta,sum,fb237_v1_ind_seed7001,100,500.0,32,7001,0.6218,0.5888,0.5984,0.7288,0.7092,0.5888,0.7804,0.9112,57.2,Reach max iteration 50 | best_iter=13
roberta,sum,fb237_v1_ind_seed7005,100,500.0,32,7005,0.5728,0.5714,0.5926,0.7022,0.6992,0.5714,0.7857,0.8905,57.2,Reach max iteration 50 | best_iter=20
roberta,sum,fb237_v1_ind_seed7009,100,500.0,32,7009,0.5838,0.628,0.6025,0.7114,0.7391,0.628,0.8213,0.9034,58.0,Reach max iteration 50 | best_iter=17
roberta,sum,fb237_v1_ind_seed7001,100,500.0,48,7001,0.6477,0.6028,0.6324,0.7532,0.7243,0.6028,0.7991,0.9346,59.6,Reach max iteration 50 | best_iter=31
roberta,sum,fb237_v1_ind_seed7005,100,500.0,48,7005,0.5634,0.5667,0.6098,0.7002,0.6991,0.5667,0.7905,0.9,58.8,Reach max iteration 50 | best_iter=10
roberta,sum,fb237_v1_ind_seed7009,100,500.0,48,7009,0.6091,0.6812,0.6295,0.7262,0.7753,0.6812,0.8406,0.9179,59.0,Reach max iteration 50 | best_iter=11
roberta,sum,fb237_v1_ind_seed7001,100,500.0,64,7001,0.6736,0.6121,0.643,0.7706,0.7324,0.6121,0.8178,0.9346,59.5,Reach max iteration 50 | best_iter=21
roberta,sum,fb237_v1_ind_seed7005,100,500.0,64,7005,0.6197,0.6,0.6441,0.7446,0.7257,0.6,0.8095,0.9238,59.1,Reach max iteration 50 | best_iter=16
roberta,sum,fb237_v1_ind_seed7009,100,500.0,64,7009,0.6193,0.6812,0.664,0.7378,0.7795,0.6812,0.8502,0.9372,59.5,Reach max iteration 50 | best_iter=25
roberta,sum,fb237_v1_ind_seed7001,100,500.0,80,7001,0.6891,0.6262,0.675,0.7813,0.7467,0.6262,0.8318,0.9486,64.7,Reach max iteration 50 | best_iter=23
roberta,sum,fb237_v1_ind_seed7005,100,500.0,80,7005,0.6103,0.5905,0.6431,0.7395,0.7233,0.5905,0.8286,0.9238,60.2,Reach max iteration 50 | best_iter=23
roberta,sum,fb237_v1_ind_seed7009,100,500.0,80,7009,0.6244,0.6618,0.675,0.7439,0.7731,0.6618,0.8599,0.942,69.0,Reach max iteration 50 | best_iter=10
roberta,sum,fb237_v1_ind_seed7001,100,500.0,96,7001,0.6995,0.6215,0.6715,0.7882,0.7495,0.6215,0.8458,0.9486,73.0,Reach max iteration 50 | best_iter=10
roberta,sum,fb237_v1_ind_seed7005,100,500.0,96,7005,0.6573,0.6238,0.6709,0.7676,0.7418,0.6238,0.8095,0.9429,69.3,Reach max iteration 50 | best_iter=28
roberta,sum,fb237_v1_ind_seed7009,100,500.0,96,7009,0.6345,0.6957,0.682,0.7498,0.7962,0.6957,0.8841,0.9469,76.5,Reach max iteration 50 | best_iter=43
roberta,sum,fb237_v1_ind_seed7001,100,1000.0,16,7001,0.3627,0.3178,0.3505,0.4903,0.4628,0.3178,0.5187,0.7523,53.3,Reach max iteration 50 | best_iter=40
roberta,sum,fb237_v1_ind_seed7005,100,1000.0,16,7005,0.2911,0.2571,0.3009,0.4443,0.426,0.2571,0.5333,0.7571,42.5,Reach max iteration 50 | best_iter=1
roberta,sum,fb237_v1_ind_seed7009,100,1000.0,16,7009,0.3553,0.372,0.36,0.4914,0.5039,0.372,0.57,0.7729,50.1,Reach max iteration 50 | best_iter=27
roberta,sum,fb237_v1_ind_seed7001,100,1000.0,32,7001,0.4508,0.4112,0.4261,0.5581,0.5454,0.4112,0.6308,0.7757,54.6,Reach max iteration 50 | best_iter=19
roberta,sum,fb237_v1_ind_seed7005,100,1000.0,32,7005,0.385,0.4095,0.4271,0.5273,0.5458,0.4095,0.619,0.8,54.9,Reach max iteration 50 | best_iter=19
roberta,sum,fb237_v1_ind_seed7009,100,1000.0,32,7009,0.4213,0.4589,0.43,0.5576,0.5793,0.4589,0.6473,0.8261,54.8,Reach max iteration 50 | best_iter=29
roberta,sum,fb237_v1_ind_seed7001,100,1000.0,48,7001,0.4819,0.4486,0.4662,0.6165,0.5954,0.4486,0.7009,0.8178,54.6,Reach max iteration 50 | best_iter=39
roberta,sum,fb237_v1_ind_seed7005,100,1000.0,48,7005,0.4178,0.4476,0.474,0.5637,0.5859,0.4476,0.6619,0.8238,54.9,Reach max iteration 50 | best_iter=28
roberta,sum,fb237_v1_ind_seed7009,100,1000.0,48,7009,0.4365,0.5024,0.4545,0.58,0.618,0.5024,0.6715,0.8502,54.6,Reach max iteration 50 | best_iter=29
roberta,sum,fb237_v1_ind_seed7001,100,1000.0,64,7001,0.5233,0.4953,0.5008,0.645,0.6288,0.4953,0.715,0.8318,55.0,Reach max iteration 50 | best_iter=39
roberta,sum,fb237_v1_ind_seed7005,100,1000.0,64,7005,0.446,0.4762,0.4927,0.5839,0.6062,0.4762,0.6857,0.8524,55.3,Reach max iteration 50 | best_iter=25
roberta,sum,fb237_v1_ind_seed7009,100,1000.0,64,7009,0.4721,0.5121,0.492,0.6098,0.6417,0.5121,0.7343,0.8696,55.0,Reach max iteration 50 | best_iter=27
roberta,sum,fb237_v1_ind_seed7001,100,1000.0,80,7001,0.544,0.5093,0.5073,0.6629,0.6421,0.5093,0.7196,0.8551,55.0,Reach max iteration 50 | best_iter=18
roberta,sum,fb237_v1_ind_seed7005,100,1000.0,80,7005,0.4695,0.4905,0.5109,0.6016,0.6236,0.4905,0.7095,0.8476,56.9,Reach max iteration 50 | best_iter=29
roberta,sum,fb237_v1_ind_seed7009,100,1000.0,80,7009,0.5076,0.5556,0.5115,0.6364,0.6672,0.5556,0.7391,0.8744,56.1,Reach max iteration 50 | best_iter=22
roberta,sum,fb237_v1_ind_seed7001,100,1000.0,96,7001,0.5492,0.4907,0.5123,0.6674,0.6319,0.4907,0.7243,0.8738,56.4,Reach max iteration 50 | best_iter=14
roberta,sum,fb237_v1_ind_seed7005,100,1000.0,96,7005,0.4742,0.5048,0.5265,0.6113,0.6359,0.5048,0.719,0.8619,56.2,Reach max iteration 50 | best_iter=40
roberta,sum,fb237_v1_ind_seed7009,100,1000.0,96,7009,0.5381,0.57,0.5245,0.6577,0.6854,0.57,0.7536,0.8792,55.7,Reach max iteration 50 | best_iter=26
roberta,sum,fb237_v1_ind_seed7001,125,1.0,16,7001,0.6425,0.6215,0.9409,0.7672,0.7608,0.6215,0.8972,0.9579,140.4,Reach max iteration 50 | best_iter=36
roberta,sum,fb237_v1_ind_seed7005,125,1.0,16,7005,0.662,0.5952,0.9414,0.7811,0.7438,0.5952,0.8762,0.9524,141.5,Reach max iteration 50 | best_iter=41
roberta,sum,fb237_v1_ind_seed7009,125,1.0,16,7009,0.6244,0.657,0.941,0.7691,0.7713,0.657,0.8599,0.9614,140.8,Reach max iteration 50 | best_iter=23
roberta,sum,fb237_v1_ind_seed7001,125,1.0,32,7001,0.6632,0.6215,0.9409,0.7792,0.7608,0.6215,0.8832,0.9486,144.1,Reach max iteration 50 | best_iter=10
roberta,sum,fb237_v1_ind_seed7005,125,1.0,32,7005,0.662,0.6333,0.9414,0.7803,0.7703,0.6333,0.8857,0.9571,144.6,Reach max iteration 50 | best_iter=46
roberta,sum,fb237_v1_ind_seed7009,125,1.0,32,7009,0.6142,0.6715,0.941,0.7675,0.7819,0.6715,0.8647,0.9614,144.2,Reach max iteration 50 | best_iter=49
roberta,sum,fb237_v1_ind_seed7001,125,1.0,48,7001,0.658,0.6355,0.9409,0.7795,0.7736,0.6355,0.8925,0.9533,143.0,Reach max iteration 50 | best_iter=35
roberta,sum,fb237_v1_ind_seed7005,125,1.0,48,7005,0.6526,0.6,0.9414,0.778,0.7508,0.6,0.8857,0.9714,143.3,Reach max iteration 50 | best_iter=37
roberta,sum,fb237_v1_ind_seed7009,125,1.0,48,7009,0.6142,0.6473,0.941,0.7683,0.7732,0.6473,0.8841,0.9758,144.6,Reach max iteration 50 | best_iter=19
roberta,sum,fb237_v1_ind_seed7001,125,1.0,64,7001,0.6788,0.6495,0.9409,0.7895,0.7831,0.6495,0.8972,0.9766,145.9,Reach max iteration 50 | best_iter=22
roberta,sum,fb237_v1_ind_seed7005,125,1.0,64,7005,0.662,0.6143,0.9414,0.7824,0.7548,0.6143,0.8905,0.9619,146.5,Reach max iteration 50 | best_iter=50
roberta,sum,fb237_v1_ind_seed7009,125,1.0,64,7009,0.6244,0.6329,0.941,0.766,0.7599,0.6329,0.8551,0.9469,143.4,Reach max iteration 50 | best_iter=20
roberta,sum,fb237_v1_ind_seed7001,125,1.0,80,7001,0.6995,0.6402,0.9409,0.8042,0.7798,0.6402,0.9159,0.9579,143.8,Reach max iteration 50 | best_iter=30
roberta,sum,fb237_v1_ind_seed7005,125,1.0,80,7005,0.6761,0.6048,0.9414,0.788,0.7569,0.6048,0.8952,0.9667,144.3,Reach max iteration 50 | best_iter=50
roberta,sum,fb237_v1_ind_seed7009,125,1.0,80,7009,0.6294,0.6473,0.941,0.7691,0.7722,0.6473,0.8744,0.9758,144.4,Reach max iteration 50 | best_iter=38
roberta,sum,fb237_v1_ind_seed7001,125,1.0,96,7001,0.6632,0.6495,0.9409,0.7834,0.7856,0.6495,0.9159,0.972,146.2,Reach max iteration 50 | best_iter=42
roberta,sum,fb237_v1_ind_seed7005,125,1.0,96,7005,0.6667,0.6238,0.9414,0.7871,0.7616,0.6238,0.8714,0.9619,144.0,Reach max iteration 50 | best_iter=44
roberta,sum,fb237_v1_ind_seed7009,125,1.0,96,7009,0.6193,0.6425,0.941,0.7684,0.7686,0.6425,0.8744,0.9517,146.4,Reach max iteration 50 | best_iter=48
roberta,sum,fb237_v1_ind_seed7001,125,5.0,16,7001,0.6632,0.6075,0.9409,0.7803,0.7574,0.6075,0.8972,0.972,140.6,Reach max iteration 50 | best_iter=39
roberta,sum,fb237_v1_ind_seed7005,125,5.0,16,7005,0.6573,0.6143,0.9414,0.78,0.7624,0.6143,0.9048,0.9667,139.8,Reach max iteration 50 | best_iter=10
roberta,sum,fb237_v1_ind_seed7009,125,5.0,16,7009,0.6193,0.6618,0.941,0.7684,0.7807,0.6618,0.8744,0.9662,141.9,Reach max iteration 50 | best_iter=23
roberta,sum,fb237_v1_ind_seed7001,125,5.0,32,7001,0.6736,0.6028,0.9409,0.7903,0.7532,0.6028,0.8879,0.9486,142.6,Reach max iteration 50 | best_iter=12
roberta,sum,fb237_v1_ind_seed7005,125,5.0,32,7005,0.662,0.6333,0.9414,0.7822,0.7696,0.6333,0.8905,0.9667,139.2,Reach max iteration 50 | best_iter=24
roberta,sum,fb237_v1_ind_seed7009,125,5.0,32,7009,0.6294,0.6522,0.941,0.7794,0.7765,0.6522,0.8696,0.9807,142.1,Reach max iteration 50 | best_iter=47
roberta,sum,fb237_v1_ind_seed7001,125,5.0,48,7001,0.6839,0.6355,0.9409,0.7963,0.7754,0.6355,0.9065,0.9579,142.1,Reach max iteration 50 | best_iter=23
roberta,sum,fb237_v1_ind_seed7005,125,5.0,48,7005,0.6761,0.6286,0.9414,0.7922,0.7712,0.6286,0.9143,0.9619,144.0,Reach max iteration 50 | best_iter=48
roberta,sum,fb237_v1_ind_seed7009,125,5.0,48,7009,0.6294,0.6473,0.941,0.7772,0.7749,0.6473,0.8792,0.9807,142.9,Reach max iteration 50 | best_iter=7
roberta,sum,fb237_v1_ind_seed7001,125,5.0,64,7001,0.6788,0.6355,0.9409,0.7965,0.7735,0.6355,0.8972,0.9673,142.1,Reach max iteration 50 | best_iter=16
roberta,sum,fb237_v1_ind_seed7005,125,5.0,64,7005,0.6714,0.6238,0.9414,0.7927,0.7687,0.6238,0.9048,0.9667,144.1,Reach max iteration 50 | best_iter=15
roberta,sum,fb237_v1_ind_seed7009,125,5.0,64,7009,0.6193,0.6473,0.941,0.7653,0.7697,0.6473,0.8696,0.9614,141.5,Reach max iteration 50 | best_iter=9
roberta,sum,fb237_v1_ind_seed7001,125,5.0,80,7001,0.7047,0.6262,0.9409,0.8084,0.7703,0.6262,0.8972,0.9766,141.4,Reach max iteration 50 | best_iter=10
roberta,sum,fb237_v1_ind_seed7005,125,5.0,80,7005,0.6948,0.6095,0.9414,0.8015,0.7651,0.6095,0.9,0.9667,141.2,Reach max iteration 50 | best_iter=32
roberta,sum,fb237_v1_ind_seed7009,125,5.0,80,7009,0.6396,0.6425,0.941,0.7791,0.7742,0.6425,0.8937,0.9807,143.9,Reach max iteration 50 | best_iter=9
roberta,sum,fb237_v1_ind_seed7001,125,5.0,96,7001,0.6891,0.6449,0.9409,0.7971,0.7829,0.6449,0.9206,0.9579,147.9,Reach max iteration 50 | best_iter=28
roberta,sum,fb237_v1_ind_seed7005,125,5.0,96,7005,0.6854,0.619,0.9414,0.7993,0.7609,0.619,0.881,0.9619,143.6,Reach max iteration 50 | best_iter=33
roberta,sum,fb237_v1_ind_seed7009,125,5.0,96,7009,0.6193,0.6473,0.941,0.7719,0.7764,0.6473,0.8889,0.9517,143.7,Reach max iteration 50 | best_iter=15
roberta,sum,fb237_v1_ind_seed7001,125,10.0,16,7001,0.6477,0.6075,0.9409,0.7739,0.7594,0.6075,0.8972,0.9579,141.2,Reach max iteration 50 | best_iter=6
roberta,sum,fb237_v1_ind_seed7005,125,10.0,16,7005,0.6901,0.6238,0.9414,0.8028,0.7681,0.6238,0.9048,0.9667,142.5,Reach max iteration 50 | best_iter=15
roberta,sum,fb237_v1_ind_seed7009,125,10.0,16,7009,0.6447,0.6473,0.9345,0.7807,0.7804,0.6473,0.8889,0.9807,141.4,Reach max iteration 50 | best_iter=5
roberta,sum,fb237_v1_ind_seed7001,125,10.0,32,7001,0.6788,0.6215,0.9409,0.7929,0.7694,0.6215,0.9019,0.972,143.8,Reach max iteration 50 | best_iter=14
roberta,sum,fb237_v1_ind_seed7005,125,10.0,32,7005,0.6808,0.6143,0.9414,0.7958,0.7669,0.6143,0.919,0.9667,142.9,Reach max iteration 50 | best_iter=8
roberta,sum,fb237_v1_ind_seed7009,125,10.0,32,7009,0.6294,0.657,0.941,0.7784,0.7747,0.657,0.8696,0.9517,139.7,Reach max iteration 50 | best_iter=24
roberta,sum,fb237_v1_ind_seed7001,125,10.0,48,7001,0.6995,0.6262,0.9404,0.8116,0.7706,0.6262,0.9159,0.972,143.2,Reach max iteration 50 | best_iter=6
roberta,sum,fb237_v1_ind_seed7005,125,10.0,48,7005,0.6808,0.6238,0.9414,0.7991,0.7689,0.6238,0.8952,0.9667,143.1,Reach max iteration 50 | best_iter=8
roberta,sum,fb237_v1_ind_seed7009,125,10.0,48,7009,0.6193,0.6667,0.941,0.7753,0.7924,0.6667,0.9034,0.9903,143.6,Reach max iteration 50 | best_iter=7
roberta,sum,fb237_v1_ind_seed7001,125,10.0,64,7001,0.6736,0.6168,0.9409,0.7918,0.7733,0.6168,0.9299,0.9813,143.9,Reach max iteration 50 | best_iter=5
roberta,sum,fb237_v1_ind_seed7005,125,10.0,64,7005,0.6808,0.6095,0.9414,0.7981,0.7621,0.6095,0.8952,0.9571,144.6,Reach max iteration 50 | best_iter=26
roberta,sum,fb237_v1_ind_seed7009,125,10.0,64,7009,0.6244,0.657,0.9405,0.7707,0.7782,0.657,0.8792,0.9565,143.6,Reach max iteration 50 | best_iter=9
roberta,sum,fb237_v1_ind_seed7001,125,10.0,80,7001,0.6839,0.6075,0.9384,0.7986,0.7611,0.6075,0.9159,0.9673,145.4,Reach max iteration 50 | best_iter=4
roberta,sum,fb237_v1_ind_seed7005,125,10.0,80,7005,0.6948,0.6095,0.9414,0.8037,0.7649,0.6095,0.9048,0.9762,146.6,Reach max iteration 50 | best_iter=24
roberta,sum,fb237_v1_ind_seed7009,125,10.0,80,7009,0.6396,0.6329,0.941,0.7835,0.7643,0.6329,0.8744,0.9807,143.2,Reach max iteration 50 | best_iter=16
roberta,sum,fb237_v1_ind_seed7001,125,10.0,96,7001,0.6788,0.6402,0.9409,0.7947,0.7801,0.6402,0.9065,0.972,145.6,Reach max iteration 50 | best_iter=43
roberta,sum,fb237_v1_ind_seed7005,125,10.0,96,7005,0.6761,0.6143,0.9414,0.7985,0.7649,0.6143,0.9095,0.9714,144.1,Reach max iteration 50 | best_iter=23
roberta,sum,fb237_v1_ind_seed7009,125,10.0,96,7009,0.6244,0.6522,0.94,0.7753,0.7741,0.6522,0.8647,0.9758,144.5,Reach max iteration 50 | best_iter=6
roberta,sum,fb237_v1_ind_seed7001,125,50.0,16,7001,0.6839,0.6355,0.9144,0.7996,0.7815,0.6355,0.9065,0.9766,144.0,Reach max iteration 50 | best_iter=10
roberta,sum,fb237_v1_ind_seed7005,125,50.0,16,7005,0.6948,0.6429,0.9182,0.8089,0.781,0.6429,0.9143,0.9714,142.8,Reach max iteration 50 | best_iter=36
roberta,sum,fb237_v1_ind_seed7009,125,50.0,16,7009,0.6447,0.6763,0.917,0.7902,0.7996,0.6763,0.9082,0.9758,143.2,Reach max iteration 50 | best_iter=39
roberta,sum,fb237_v1_ind_seed7001,125,50.0,32,7001,0.6995,0.6449,0.8933,0.8125,0.7915,0.6449,0.9346,0.9813,143.1,Reach max iteration 50 | best_iter=5
roberta,sum,fb237_v1_ind_seed7005,125,50.0,32,7005,0.6995,0.681,0.9202,0.8115,0.8099,0.681,0.9429,0.9857,142.7,Reach max iteration 50 | best_iter=9
roberta,sum,fb237_v1_ind_seed7009,125,50.0,32,7009,0.6802,0.6715,0.864,0.7975,0.7876,0.6715,0.8841,0.9662,142.2,Reach max iteration 50 | best_iter=3
roberta,sum,fb237_v1_ind_seed7001,125,50.0,48,7001,0.7254,0.6589,0.8993,0.8263,0.8023,0.6589,0.9439,0.9813,143.6,Reach max iteration 50 | best_iter=6
roberta,sum,fb237_v1_ind_seed7005,125,50.0,48,7005,0.6948,0.6476,0.9288,0.8097,0.7902,0.6476,0.9238,0.981,142.7,Reach max iteration 50 | best_iter=48
roberta,sum,fb237_v1_ind_seed7009,125,50.0,48,7009,0.6548,0.686,0.9105,0.7983,0.8076,0.686,0.913,0.9952,143.2,Reach max iteration 50 | best_iter=5
roberta,sum,fb237_v1_ind_seed7001,125,50.0,64,7001,0.7047,0.6682,0.9024,0.8142,0.8053,0.6682,0.9346,0.9813,143.7,Reach max iteration 50 | best_iter=3
roberta,sum,fb237_v1_ind_seed7005,125,50.0,64,7005,0.6995,0.6952,0.9213,0.8143,0.8173,0.6952,0.9286,0.9857,143.5,Reach max iteration 50 | best_iter=7
roberta,sum,fb237_v1_ind_seed7009,125,50.0,64,7009,0.6599,0.686,0.9145,0.7974,0.8054,0.686,0.9082,0.9855,143.3,Reach max iteration 50 | best_iter=6
roberta,sum,fb237_v1_ind_seed7001,125,50.0,80,7001,0.7047,0.6402,0.9049,0.8198,0.7955,0.6402,0.9486,0.986,144.6,Reach max iteration 50 | best_iter=5
roberta,sum,fb237_v1_ind_seed7005,125,50.0,80,7005,0.6995,0.6524,0.9263,0.8142,0.7918,0.6524,0.9143,0.9762,143.7,Reach max iteration 50 | best_iter=18
roberta,sum,fb237_v1_ind_seed7009,125,50.0,80,7009,0.6497,0.686,0.928,0.7881,0.8053,0.686,0.9034,0.9807,144.6,Reach max iteration 50 | best_iter=39
roberta,sum,fb237_v1_ind_seed7001,125,50.0,96,7001,0.7098,0.6589,0.9139,0.8214,0.8016,0.6589,0.9439,0.9766,143.9,Reach max iteration 50 | best_iter=5
roberta,sum,fb237_v1_ind_seed7005,125,50.0,96,7005,0.7089,0.681,0.8975,0.8197,0.8091,0.681,0.9333,0.9857,146.1,Reach max iteration 50 | best_iter=3
roberta,sum,fb237_v1_ind_seed7009,125,50.0,96,7009,0.6548,0.6763,0.9055,0.7898,0.7995,0.6763,0.913,0.9952,143.9,Reach max iteration 50 | best_iter=5
roberta,sum,fb237_v1_ind_seed7001,125,100.0,16,7001,0.7098,0.6682,0.8282,0.8168,0.8023,0.6682,0.9299,0.9673,94.5,Reach max iteration 50 | best_iter=7
roberta,sum,fb237_v1_ind_seed7005,125,100.0,16,7005,0.7324,0.6714,0.8465,0.827,0.7945,0.6714,0.881,0.9857,93.7,Reach max iteration 50 | best_iter=31
roberta,sum,fb237_v1_ind_seed7009,125,100.0,16,7009,0.7107,0.715,0.8255,0.818,0.8197,0.715,0.9227,0.9807,92.9,Reach max iteration 50 | best_iter=6
roberta,sum,fb237_v1_ind_seed7001,125,100.0,32,7001,0.715,0.6776,0.8252,0.819,0.8092,0.6776,0.9299,0.986,117.3,Reach max iteration 50 | best_iter=5
roberta,sum,fb237_v1_ind_seed7005,125,100.0,32,7005,0.7136,0.6762,0.8521,0.8185,0.8049,0.6762,0.9238,0.9905,118.1,Reach max iteration 50 | best_iter=10
roberta,sum,fb237_v1_ind_seed7009,125,100.0,32,7009,0.6904,0.7005,0.8545,0.809,0.815,0.7005,0.9179,0.9952,117.7,Reach max iteration 50 | best_iter=8
roberta,sum,fb237_v1_ind_seed7001,125,100.0,48,7001,0.7047,0.6869,0.8343,0.8148,0.8124,0.6869,0.9252,0.9766,137.4,Reach max iteration 50 | best_iter=4
roberta,sum,fb237_v1_ind_seed7005,125,100.0,48,7005,0.723,0.681,0.8491,0.8237,0.8119,0.681,0.9238,0.9857,140.2,Reach max iteration 50 | best_iter=5
roberta,sum,fb237_v1_ind_seed7009,125,100.0,48,7009,0.6853,0.686,0.8675,0.8113,0.8113,0.686,0.9372,0.9903,141.1,Reach max iteration 50 | best_iter=49
roberta,sum,fb237_v1_ind_seed7001,125,100.0,64,7001,0.6995,0.6916,0.8473,0.817,0.8196,0.6916,0.9393,0.9766,144.3,Reach max iteration 50 | best_iter=4
roberta,sum,fb237_v1_ind_seed7005,125,100.0,64,7005,0.723,0.6857,0.8677,0.8268,0.8147,0.6857,0.9381,0.9857,142.6,Reach max iteration 50 | best_iter=32
roberta,sum,fb237_v1_ind_seed7009,125,100.0,64,7009,0.6904,0.7101,0.8265,0.8083,0.8152,0.7101,0.8937,0.9807,142.6,Reach max iteration 50 | best_iter=4
roberta,sum,fb237_v1_ind_seed7001,125,100.0,80,7001,0.7047,0.6776,0.8533,0.819,0.806,0.6776,0.9112,0.9813,143.1,Reach max iteration 50 | best_iter=5
roberta,sum,fb237_v1_ind_seed7005,125,100.0,80,7005,0.7183,0.6762,0.8819,0.8245,0.8111,0.6762,0.9333,0.9857,144.2,Reach max iteration 50 | best_iter=28
roberta,sum,fb237_v1_ind_seed7009,125,100.0,80,7009,0.6802,0.7053,0.877,0.8067,0.8182,0.7053,0.913,0.9807,144.8,Reach max iteration 50 | best_iter=8
roberta,sum,fb237_v1_ind_seed7001,125,100.0,96,7001,0.7202,0.6916,0.8538,0.8244,0.817,0.6916,0.9346,0.9813,144.1,Reach max iteration 50 | best_iter=5
roberta,sum,fb237_v1_ind_seed7005,125,100.0,96,7005,0.7183,0.6714,0.8844,0.8249,0.8064,0.6714,0.9333,0.9857,144.7,Reach max iteration 50 | best_iter=37
roberta,sum,fb237_v1_ind_seed7009,125,100.0,96,7009,0.6802,0.6763,0.88,0.8104,0.8035,0.6763,0.9179,0.9903,142.0,Reach max iteration 50 | best_iter=35
roberta,sum,fb237_v1_ind_seed7001,125,500.0,16,7001,0.601,0.5374,0.5408,0.6946,0.6636,0.5374,0.743,0.8645,67.6,Reach max iteration 50 | best_iter=11
roberta,sum,fb237_v1_ind_seed7005,125,500.0,16,7005,0.493,0.5,0.5336,0.6269,0.6369,0.5,0.7238,0.8714,67.7,Reach max iteration 50 | best_iter=36
roberta,sum,fb237_v1_ind_seed7009,125,500.0,16,7009,0.5381,0.5749,0.552,0.6708,0.6907,0.5749,0.7778,0.8792,68.3,Reach max iteration 50 | best_iter=47
roberta,sum,fb237_v1_ind_seed7001,125,500.0,32,7001,0.6218,0.5888,0.5959,0.7295,0.7086,0.5888,0.7804,0.9112,68.7,Reach max iteration 50 | best_iter=12
roberta,sum,fb237_v1_ind_seed7005,125,500.0,32,7005,0.5352,0.5571,0.5982,0.6847,0.6951,0.5571,0.8,0.8905,69.0,Reach max iteration 50 | best_iter=46
roberta,sum,fb237_v1_ind_seed7009,125,500.0,32,7009,0.5787,0.657,0.599,0.7052,0.7535,0.657,0.8261,0.8889,67.9,Reach max iteration 50 | best_iter=13
roberta,sum,fb237_v1_ind_seed7001,125,500.0,48,7001,0.658,0.5888,0.6129,0.7527,0.7126,0.5888,0.785,0.9252,69.5,Reach max iteration 50 | best_iter=7
roberta,sum,fb237_v1_ind_seed7005,125,500.0,48,7005,0.5587,0.5905,0.6078,0.6997,0.715,0.5905,0.8048,0.9,69.9,Reach max iteration 50 | best_iter=41
roberta,sum,fb237_v1_ind_seed7009,125,500.0,48,7009,0.6294,0.6812,0.637,0.7391,0.7761,0.6812,0.8309,0.9324,69.2,Reach max iteration 50 | best_iter=13
roberta,sum,fb237_v1_ind_seed7001,125,500.0,64,7001,0.6736,0.6075,0.645,0.7705,0.7296,0.6075,0.8178,0.9346,71.0,Reach max iteration 50 | best_iter=49
roberta,sum,fb237_v1_ind_seed7005,125,500.0,64,7005,0.6291,0.6095,0.6522,0.749,0.7348,0.6095,0.8143,0.9381,70.7,Reach max iteration 50 | best_iter=11
roberta,sum,fb237_v1_ind_seed7009,125,500.0,64,7009,0.6193,0.6812,0.6575,0.7383,0.7744,0.6812,0.8357,0.942,73.6,Reach max iteration 50 | best_iter=50
roberta,sum,fb237_v1_ind_seed7001,125,500.0,80,7001,0.6839,0.6215,0.665,0.779,0.7443,0.6215,0.8364,0.9346,82.3,Reach max iteration 50 | best_iter=14
roberta,sum,fb237_v1_ind_seed7005,125,500.0,80,7005,0.6338,0.6,0.6532,0.7465,0.7225,0.6,0.8,0.9238,76.0,Reach max iteration 50 | best_iter=18
roberta,sum,fb237_v1_ind_seed7009,125,500.0,80,7009,0.6244,0.6812,0.6675,0.7395,0.7826,0.6812,0.8599,0.9372,81.9,Reach max iteration 50 | best_iter=7
roberta,sum,fb237_v1_ind_seed7001,125,500.0,96,7001,0.6839,0.6028,0.664,0.7792,0.7413,0.6028,0.8505,0.9393,84.0,Reach max iteration 50 | best_iter=7
roberta,sum,fb237_v1_ind_seed7005,125,500.0,96,7005,0.6479,0.619,0.6709,0.7672,0.7412,0.619,0.8286,0.9429,83.7,Reach max iteration 50 | best_iter=15
roberta,sum,fb237_v1_ind_seed7009,125,500.0,96,7009,0.6345,0.686,0.687,0.7485,0.7927,0.686,0.8889,0.9469,90.8,Reach max iteration 50 | best_iter=22
roberta,sum,fb237_v1_ind_seed7001,125,1000.0,16,7001,0.3938,0.3271,0.3711,0.4992,0.4836,0.3271,0.5748,0.7009,65.5,Reach max iteration 50 | best_iter=29
roberta,sum,fb237_v1_ind_seed7005,125,1000.0,16,7005,0.2911,0.2667,0.3049,0.4405,0.4242,0.2667,0.5048,0.781,54.8,Reach max iteration 50 | best_iter=1
roberta,sum,fb237_v1_ind_seed7009,125,1000.0,16,7009,0.3553,0.372,0.3605,0.4914,0.504,0.372,0.57,0.7729,60.0,Reach max iteration 50 | best_iter=29
roberta,sum,fb237_v1_ind_seed7001,125,1000.0,32,7001,0.4301,0.3785,0.4091,0.5421,0.5285,0.3785,0.6168,0.7757,65.8,Reach max iteration 50 | best_iter=42
roberta,sum,fb237_v1_ind_seed7005,125,1000.0,32,7005,0.385,0.4095,0.4296,0.5266,0.5465,0.4095,0.619,0.8048,65.6,Reach max iteration 50 | best_iter=23
roberta,sum,fb237_v1_ind_seed7009,125,1000.0,32,7009,0.4315,0.4589,0.4275,0.5672,0.5836,0.4589,0.6618,0.8068,65.5,Reach max iteration 50 | best_iter=18
roberta,sum,fb237_v1_ind_seed7001,125,1000.0,48,7001,0.4508,0.4252,0.4387,0.5786,0.5684,0.4252,0.6589,0.7991,65.6,Reach max iteration 50 | best_iter=48
roberta,sum,fb237_v1_ind_seed7005,125,1000.0,48,7005,0.3897,0.419,0.4377,0.5321,0.5569,0.419,0.6381,0.819,65.7,Reach max iteration 50 | best_iter=48
roberta,sum,fb237_v1_ind_seed7009,125,1000.0,48,7009,0.4315,0.4734,0.4415,0.5725,0.5944,0.4734,0.6522,0.8454,65.5,Reach max iteration 50 | best_iter=50
roberta,sum,fb237_v1_ind_seed7001,125,1000.0,64,7001,0.513,0.4953,0.4927,0.6332,0.626,0.4953,0.7103,0.8318,65.7,Reach max iteration 50 | best_iter=33
roberta,sum,fb237_v1_ind_seed7005,125,1000.0,64,7005,0.4554,0.4667,0.4907,0.593,0.6073,0.4667,0.7,0.8524,65.4,Reach max iteration 50 | best_iter=11
roberta,sum,fb237_v1_ind_seed7009,125,1000.0,64,7009,0.467,0.5362,0.4935,0.6085,0.65,0.5362,0.7343,0.8696,65.4,Reach max iteration 50 | best_iter=43
roberta,sum,fb237_v1_ind_seed7001,125,1000.0,80,7001,0.544,0.5187,0.5123,0.6645,0.6453,0.5187,0.7196,0.8598,66.7,Reach max iteration 50 | best_iter=26
roberta,sum,fb237_v1_ind_seed7005,125,1000.0,80,7005,0.4272,0.4667,0.4831,0.5635,0.6015,0.4667,0.6905,0.8476,67.7,Reach max iteration 50 | best_iter=16
roberta,sum,fb237_v1_ind_seed7009,125,1000.0,80,7009,0.5127,0.5459,0.5065,0.6365,0.6644,0.5459,0.7246,0.8744,66.1,Reach max iteration 50 | best_iter=31
roberta,sum,fb237_v1_ind_seed7001,125,1000.0,96,7001,0.5389,0.5187,0.5098,0.6617,0.6427,0.5187,0.715,0.8738,67.8,Reach max iteration 50 | best_iter=45
roberta,sum,fb237_v1_ind_seed7005,125,1000.0,96,7005,0.4742,0.5,0.525,0.6112,0.6337,0.5,0.719,0.8619,68.0,Reach max iteration 50 | best_iter=46
roberta,sum,fb237_v1_ind_seed7009,125,1000.0,96,7009,0.5279,0.5556,0.5275,0.6482,0.6774,0.5556,0.7633,0.8744,67.6,Reach max iteration 50 | best_iter=30
roberta,sum,fb237_v1_ind_seed7001,150,1.0,16,7001,0.6632,0.5841,0.9409,0.7821,0.7425,0.5841,0.8879,0.9533,168.7,Reach max iteration 50 | best_iter=11
roberta,sum,fb237_v1_ind_seed7005,150,1.0,16,7005,0.6479,0.6048,0.9414,0.7713,0.7472,0.6048,0.8762,0.9476,163.7,Reach max iteration 50 | best_iter=21
roberta,sum,fb237_v1_ind_seed7009,150,1.0,16,7009,0.6294,0.6618,0.941,0.769,0.7779,0.6618,0.8647,0.9758,167.3,Reach max iteration 50 | best_iter=14
roberta,sum,fb237_v1_ind_seed7001,150,1.0,32,7001,0.6788,0.6168,0.9409,0.7883,0.7637,0.6168,0.9159,0.9626,169.3,Reach max iteration 50 | best_iter=25
roberta,sum,fb237_v1_ind_seed7005,150,1.0,32,7005,0.662,0.6143,0.9414,0.7834,0.7628,0.6143,0.9,0.9476,170.1,Reach max iteration 50 | best_iter=44
roberta,sum,fb237_v1_ind_seed7009,150,1.0,32,7009,0.6294,0.6473,0.941,0.7726,0.7698,0.6473,0.8647,0.9614,169.7,Reach max iteration 50 | best_iter=10
roberta,sum,fb237_v1_ind_seed7001,150,1.0,48,7001,0.6684,0.6308,0.9409,0.7833,0.7693,0.6308,0.9019,0.9579,169.1,Reach max iteration 50 | best_iter=33
roberta,sum,fb237_v1_ind_seed7005,150,1.0,48,7005,0.6667,0.6143,0.9414,0.7862,0.7586,0.6143,0.9,0.9524,168.6,Reach max iteration 50 | best_iter=47
roberta,sum,fb237_v1_ind_seed7009,150,1.0,48,7009,0.6193,0.6473,0.941,0.769,0.7691,0.6473,0.8647,0.9614,167.1,Reach max iteration 50 | best_iter=17
roberta,sum,fb237_v1_ind_seed7001,150,1.0,64,7001,0.6891,0.6402,0.9409,0.7963,0.7735,0.6402,0.9065,0.972,172.4,Reach max iteration 50 | best_iter=49
roberta,sum,fb237_v1_ind_seed7005,150,1.0,64,7005,0.6667,0.6238,0.9414,0.7872,0.761,0.6238,0.881,0.9571,170.5,Reach max iteration 50 | best_iter=48
roberta,sum,fb237_v1_ind_seed7009,150,1.0,64,7009,0.6244,0.6377,0.941,0.7709,0.7663,0.6377,0.8841,0.9614,169.0,Reach max iteration 50 | best_iter=38
roberta,sum,fb237_v1_ind_seed7001,150,1.0,80,7001,0.6684,0.6355,0.9409,0.7835,0.776,0.6355,0.9065,0.9766,171.6,Reach max iteration 50 | best_iter=35
roberta,sum,fb237_v1_ind_seed7005,150,1.0,80,7005,0.6761,0.6238,0.9414,0.7899,0.7647,0.6238,0.8952,0.9524,172.3,Reach max iteration 50 | best_iter=50
roberta,sum,fb237_v1_ind_seed7009,150,1.0,80,7009,0.6142,0.6425,0.941,0.7663,0.7731,0.6425,0.8744,0.9662,171.7,Reach max iteration 50 | best_iter=32
roberta,sum,fb237_v1_ind_seed7001,150,1.0,96,7001,0.6788,0.6262,0.9409,0.7934,0.7661,0.6262,0.8925,0.9486,172.6,Reach max iteration 50 | best_iter=45
roberta,sum,fb237_v1_ind_seed7005,150,1.0,96,7005,0.6667,0.6143,0.9414,0.7871,0.756,0.6143,0.8905,0.9476,173.7,Reach max iteration 50 | best_iter=20
roberta,sum,fb237_v1_ind_seed7009,150,1.0,96,7009,0.6142,0.6232,0.941,0.7619,0.7548,0.6232,0.8454,0.9662,169.8,Reach max iteration 50 | best_iter=22
roberta,sum,fb237_v1_ind_seed7001,150,5.0,16,7001,0.6736,0.6075,0.9409,0.7901,0.7539,0.6075,0.8785,0.9673,163.6,Reach max iteration 50 | best_iter=36
roberta,sum,fb237_v1_ind_seed7005,150,5.0,16,7005,0.6479,0.6143,0.9414,0.7741,0.757,0.6143,0.8905,0.9619,166.8,Reach max iteration 50 | best_iter=8
roberta,sum,fb237_v1_ind_seed7009,150,5.0,16,7009,0.6294,0.6667,0.941,0.7738,0.784,0.6667,0.8889,0.9758,167.4,Reach max iteration 50 | best_iter=14
roberta,sum,fb237_v1_ind_seed7001,150,5.0,32,7001,0.6632,0.6308,0.9409,0.7864,0.7735,0.6308,0.9019,0.9813,162.2,Reach max iteration 50 | best_iter=10
roberta,sum,fb237_v1_ind_seed7005,150,5.0,32,7005,0.6761,0.6286,0.9414,0.7912,0.7694,0.6286,0.8952,0.9667,169.7,Reach max iteration 50 | best_iter=9
roberta,sum,fb237_v1_ind_seed7009,150,5.0,32,7009,0.6244,0.6618,0.941,0.7755,0.7824,0.6618,0.8792,0.9758,164.5,Reach max iteration 50 | best_iter=49
roberta,sum,fb237_v1_ind_seed7001,150,5.0,48,7001,0.6477,0.6262,0.9409,0.778,0.7734,0.6262,0.9252,0.9673,167.1,Reach max iteration 50 | best_iter=9
roberta,sum,fb237_v1_ind_seed7005,150,5.0,48,7005,0.6901,0.6333,0.9414,0.8015,0.7704,0.6333,0.8905,0.9714,166.6,Reach max iteration 50 | best_iter=20
roberta,sum,fb237_v1_ind_seed7009,150,5.0,48,7009,0.6294,0.6473,0.9405,0.7768,0.7758,0.6473,0.8841,0.9758,165.3,Reach max iteration 50 | best_iter=9
roberta,sum,fb237_v1_ind_seed7001,150,5.0,64,7001,0.6995,0.6449,0.9409,0.807,0.7804,0.6449,0.9065,0.972,170.6,Reach max iteration 50 | best_iter=11
roberta,sum,fb237_v1_ind_seed7005,150,5.0,64,7005,0.6714,0.619,0.9414,0.7945,0.7693,0.619,0.9,0.9619,164.7,Reach max iteration 50 | best_iter=19
roberta,sum,fb237_v1_ind_seed7009,150,5.0,64,7009,0.6244,0.628,0.941,0.7709,0.7663,0.628,0.8986,0.971,166.8,Reach max iteration 50 | best_iter=33
roberta,sum,fb237_v1_ind_seed7001,150,5.0,80,7001,0.6788,0.6449,0.9409,0.7961,0.7848,0.6449,0.9206,0.986,169.9,Reach max iteration 50 | best_iter=15
roberta,sum,fb237_v1_ind_seed7005,150,5.0,80,7005,0.6854,0.619,0.9414,0.8005,0.7644,0.619,0.9,0.9571,170.1,Reach max iteration 50 | best_iter=19
roberta,sum,fb237_v1_ind_seed7009,150,5.0,80,7009,0.6244,0.6329,0.941,0.7725,0.7654,0.6329,0.8744,0.9807,167.7,Reach max iteration 50 | best_iter=23
roberta,sum,fb237_v1_ind_seed7001,150,5.0,96,7001,0.6736,0.6355,0.9409,0.7939,0.7741,0.6355,0.9019,0.9673,171.2,Reach max iteration 50 | best_iter=16
roberta,sum,fb237_v1_ind_seed7005,150,5.0,96,7005,0.6901,0.6095,0.9414,0.8002,0.7597,0.6095,0.9048,0.9524,173.0,Reach max iteration 50 | best_iter=24
roberta,sum,fb237_v1_ind_seed7009,150,5.0,96,7009,0.6142,0.6329,0.941,0.7625,0.7668,0.6329,0.8841,0.971,165.6,Reach max iteration 50 | best_iter=41
roberta,sum,fb237_v1_ind_seed7001,150,10.0,16,7001,0.6373,0.6028,0.9389,0.7759,0.7576,0.6028,0.8879,0.972,168.6,Reach max iteration 50 | best_iter=4
roberta,sum,fb237_v1_ind_seed7005,150,10.0,16,7005,0.6761,0.5952,0.9414,0.7878,0.7511,0.5952,0.9095,0.9667,168.3,Reach max iteration 50 | best_iter=22
roberta,sum,fb237_v1_ind_seed7009,150,10.0,16,7009,0.6447,0.6618,0.9345,0.7828,0.7806,0.6618,0.8744,0.9614,165.3,Reach max iteration 50 | best_iter=4
roberta,sum,fb237_v1_ind_seed7001,150,10.0,32,7001,0.6736,0.6215,0.9409,0.7925,0.7646,0.6215,0.9019,0.972,169.6,Reach max iteration 50 | best_iter=5
roberta,sum,fb237_v1_ind_seed7005,150,10.0,32,7005,0.6761,0.6143,0.9414,0.794,0.7648,0.6143,0.9,0.9762,171.5,Reach max iteration 50 | best_iter=8
roberta,sum,fb237_v1_ind_seed7009,150,10.0,32,7009,0.6294,0.657,0.939,0.7787,0.7859,0.657,0.8889,0.971,166.3,Reach max iteration 50 | best_iter=7
roberta,sum,fb237_v1_ind_seed7001,150,10.0,48,7001,0.7047,0.6355,0.9409,0.8087,0.774,0.6355,0.9159,0.9626,171.2,Reach max iteration 50 | best_iter=13
roberta,sum,fb237_v1_ind_seed7005,150,10.0,48,7005,0.6854,0.6429,0.9414,0.7983,0.7803,0.6429,0.9,0.9571,169.2,Reach max iteration 50 | best_iter=38
roberta,sum,fb237_v1_ind_seed7009,150,10.0,48,7009,0.6345,0.657,0.94,0.7801,0.783,0.657,0.8841,0.9855,168.3,Reach max iteration 50 | best_iter=5
roberta,sum,fb237_v1_ind_seed7001,150,10.0,64,7001,0.6891,0.6449,0.9409,0.8021,0.7833,0.6449,0.9206,0.9766,173.4,Reach max iteration 50 | best_iter=6
roberta,sum,fb237_v1_ind_seed7005,150,10.0,64,7005,0.6901,0.6143,0.9414,0.8016,0.7661,0.6143,0.9095,0.9619,168.7,Reach max iteration 50 | best_iter=47
roberta,sum,fb237_v1_ind_seed7009,150,10.0,64,7009,0.6497,0.6522,0.9405,0.7816,0.7819,0.6522,0.8937,0.9855,170.3,Reach max iteration 50 | best_iter=7
roberta,sum,fb237_v1_ind_seed7001,150,10.0,80,7001,0.6839,0.6262,0.9409,0.8025,0.7774,0.6262,0.9065,0.986,171.3,Reach max iteration 50 | best_iter=7
roberta,sum,fb237_v1_ind_seed7005,150,10.0,80,7005,0.6714,0.6286,0.9414,0.794,0.7741,0.6286,0.9048,0.9619,172.4,Reach max iteration 50 | best_iter=19
roberta,sum,fb237_v1_ind_seed7009,150,10.0,80,7009,0.6244,0.6425,0.941,0.775,0.7755,0.6425,0.8889,0.9807,171.5,Reach max iteration 50 | best_iter=10
roberta,sum,fb237_v1_ind_seed7001,150,10.0,96,7001,0.6788,0.6075,0.9409,0.8059,0.763,0.6075,0.9299,0.9766,169.0,Reach max iteration 50 | best_iter=5
roberta,sum,fb237_v1_ind_seed7005,150,10.0,96,7005,0.6854,0.6333,0.9414,0.7986,0.7773,0.6333,0.9048,0.9667,173.4,Reach max iteration 50 | best_iter=6
roberta,sum,fb237_v1_ind_seed7009,150,10.0,96,7009,0.6294,0.6377,0.9405,0.7803,0.7709,0.6377,0.8937,0.9807,171.6,Reach max iteration 50 | best_iter=10
roberta,sum,fb237_v1_ind_seed7001,150,50.0,16,7001,0.6943,0.6495,0.9159,0.806,0.7871,0.6495,0.9019,0.9766,169.0,Reach max iteration 50 | best_iter=47
roberta,sum,fb237_v1_ind_seed7005,150,50.0,16,7005,0.7136,0.6381,0.9132,0.8185,0.7816,0.6381,0.919,0.9762,166.7,Reach max iteration 50 | best_iter=11
roberta,sum,fb237_v1_ind_seed7009,150,50.0,16,7009,0.6751,0.7101,0.8605,0.7965,0.8103,0.7101,0.8792,0.9807,169.6,Reach max iteration 50 | best_iter=3
roberta,sum,fb237_v1_ind_seed7001,150,50.0,32,7001,0.6995,0.6776,0.8983,0.8104,0.8057,0.6776,0.9252,0.986,170.3,Reach max iteration 50 | best_iter=5
roberta,sum,fb237_v1_ind_seed7005,150,50.0,32,7005,0.7089,0.681,0.8935,0.8185,0.8062,0.681,0.9286,0.981,177.8,Reach max iteration 50 | best_iter=4
roberta,sum,fb237_v1_ind_seed7009,150,50.0,32,7009,0.6548,0.657,0.9195,0.7902,0.7939,0.657,0.9227,0.9855,170.6,Reach max iteration 50 | best_iter=14
roberta,sum,fb237_v1_ind_seed7001,150,50.0,48,7001,0.7098,0.6822,0.8988,0.8165,0.8109,0.6822,0.9299,0.9766,170.5,Reach max iteration 50 | best_iter=5
roberta,sum,fb237_v1_ind_seed7005,150,50.0,48,7005,0.7089,0.6905,0.9091,0.8171,0.8142,0.6905,0.9333,0.9857,171.1,Reach max iteration 50 | best_iter=6
roberta,sum,fb237_v1_ind_seed7009,150,50.0,48,7009,0.6548,0.6812,0.918,0.7909,0.8029,0.6812,0.9179,0.9903,187.0,Reach max iteration 50 | best_iter=8
roberta,sum,fb237_v1_ind_seed7001,150,50.0,64,7001,0.7047,0.6636,0.9009,0.8201,0.8011,0.6636,0.9299,0.9766,189.1,Reach max iteration 50 | best_iter=4
roberta,sum,fb237_v1_ind_seed7005,150,50.0,64,7005,0.6854,0.681,0.9101,0.81,0.8117,0.681,0.9381,0.981,169.3,Reach max iteration 50 | best_iter=9
roberta,sum,fb237_v1_ind_seed7009,150,50.0,64,7009,0.665,0.6957,0.9005,0.7988,0.8094,0.6957,0.8986,0.9952,171.3,Reach max iteration 50 | best_iter=4
roberta,sum,fb237_v1_ind_seed7001,150,50.0,80,7001,0.7098,0.6682,0.8933,0.8149,0.8076,0.6682,0.9439,0.986,172.6,Reach max iteration 50 | best_iter=3
roberta,sum,fb237_v1_ind_seed7005,150,50.0,80,7005,0.6901,0.6857,0.9197,0.808,0.8133,0.6857,0.9286,0.9857,171.9,Reach max iteration 50 | best_iter=7
roberta,sum,fb237_v1_ind_seed7009,150,50.0,80,7009,0.6497,0.6957,0.8925,0.7901,0.808,0.6957,0.8986,0.9952,170.4,Reach max iteration 50 | best_iter=5
roberta,sum,fb237_v1_ind_seed7001,150,50.0,96,7001,0.7098,0.6682,0.9274,0.8174,0.8017,0.6682,0.9346,0.9813,171.8,Reach max iteration 50 | best_iter=17
roberta,sum,fb237_v1_ind_seed7005,150,50.0,96,7005,0.6854,0.6714,0.9258,0.8088,0.804,0.6714,0.9238,0.9857,170.1,Reach max iteration 50 | best_iter=14
roberta,sum,fb237_v1_ind_seed7009,150,50.0,96,7009,0.6548,0.6763,0.9055,0.793,0.8023,0.6763,0.913,0.9903,170.0,Reach max iteration 50 | best_iter=6
roberta,sum,fb237_v1_ind_seed7001,150,100.0,16,7001,0.7358,0.6729,0.8162,0.8249,0.7976,0.6729,0.9065,0.9673,111.9,Reach max iteration 50 | best_iter=6
roberta,sum,fb237_v1_ind_seed7005,150,100.0,16,7005,0.7136,0.6714,0.8102,0.8182,0.7949,0.6714,0.9,0.9667,111.5,Reach max iteration 50 | best_iter=4
roberta,sum,fb237_v1_ind_seed7009,150,100.0,16,7009,0.7056,0.7053,0.84,0.8168,0.8146,0.7053,0.9082,0.9952,110.4,Reach max iteration 50 | best_iter=23
roberta,sum,fb237_v1_ind_seed7001,150,100.0,32,7001,0.7358,0.6729,0.8107,0.8263,0.8048,0.6729,0.9299,0.9813,126.9,Reach max iteration 50 | best_iter=5
roberta,sum,fb237_v1_ind_seed7005,150,100.0,32,7005,0.7277,0.7143,0.8354,0.8245,0.8225,0.7143,0.919,0.9762,135.8,Reach max iteration 50 | best_iter=6
roberta,sum,fb237_v1_ind_seed7009,150,100.0,32,7009,0.6904,0.7343,0.8375,0.8105,0.8338,0.7343,0.913,0.9903,138.5,Reach max iteration 50 | best_iter=7
roberta,sum,fb237_v1_ind_seed7001,150,100.0,48,7001,0.715,0.6822,0.8242,0.8176,0.8085,0.6822,0.9159,0.9766,168.3,Reach max iteration 50 | best_iter=4
roberta,sum,fb237_v1_ind_seed7005,150,100.0,48,7005,0.723,0.7,0.8672,0.8263,0.8218,0.7,0.9286,0.9857,160.1,Reach max iteration 50 | best_iter=42
roberta,sum,fb237_v1_ind_seed7009,150,100.0,48,7009,0.6954,0.6957,0.871,0.8151,0.8165,0.6957,0.9324,0.9903,165.3,Reach max iteration 50 | best_iter=28
roberta,sum,fb237_v1_ind_seed7001,150,100.0,64,7001,0.7047,0.6869,0.8623,0.8146,0.8138,0.6869,0.9299,0.972,168.8,Reach max iteration 50 | best_iter=7
roberta,sum,fb237_v1_ind_seed7005,150,100.0,64,7005,0.7183,0.6857,0.8748,0.8224,0.8136,0.6857,0.9333,0.9857,167.9,Reach max iteration 50 | best_iter=19
roberta,sum,fb237_v1_ind_seed7009,150,100.0,64,7009,0.6954,0.6908,0.873,0.8139,0.8114,0.6908,0.9324,0.9903,169.5,Reach max iteration 50 | best_iter=10
roberta,sum,fb237_v1_ind_seed7001,150,100.0,80,7001,0.7047,0.6495,0.8022,0.8179,0.7832,0.6495,0.9019,0.9766,170.4,Reach max iteration 50 | best_iter=4
roberta,sum,fb237_v1_ind_seed7005,150,100.0,80,7005,0.723,0.6857,0.8788,0.8241,0.812,0.6857,0.9333,0.981,168.0,Reach max iteration 50 | best_iter=15
roberta,sum,fb237_v1_ind_seed7009,150,100.0,80,7009,0.6802,0.7053,0.872,0.8069,0.8182,0.7053,0.913,0.9903,171.1,Reach max iteration 50 | best_iter=6
roberta,sum,fb237_v1_ind_seed7001,150,100.0,96,7001,0.7047,0.6869,0.8398,0.8184,0.8132,0.6869,0.9252,0.9813,169.8,Reach max iteration 50 | best_iter=5
roberta,sum,fb237_v1_ind_seed7005,150,100.0,96,7005,0.7183,0.6762,0.8809,0.8245,0.8086,0.6762,0.9429,0.981,167.9,Reach max iteration 50 | best_iter=11
roberta,sum,fb237_v1_ind_seed7009,150,100.0,96,7009,0.6802,0.7005,0.884,0.8059,0.8147,0.7005,0.9179,0.9855,168.0,Reach max iteration 50 | best_iter=27
roberta,sum,fb237_v1_ind_seed7001,150,500.0,16,7001,0.5803,0.5467,0.5443,0.6895,0.67,0.5467,0.7477,0.8785,78.8,Reach max iteration 50 | best_iter=33
roberta,sum,fb237_v1_ind_seed7005,150,500.0,16,7005,0.4977,0.519,0.5321,0.6306,0.647,0.519,0.7381,0.8667,80.7,Reach max iteration 50 | best_iter=9
roberta,sum,fb237_v1_ind_seed7009,150,500.0,16,7009,0.5482,0.5845,0.5555,0.6665,0.7019,0.5845,0.7971,0.8792,81.5,Reach max iteration 50 | best_iter=15
roberta,sum,fb237_v1_ind_seed7001,150,500.0,32,7001,0.6062,0.5748,0.5979,0.7186,0.6999,0.5748,0.7897,0.9112,81.6,Reach max iteration 50 | best_iter=18
roberta,sum,fb237_v1_ind_seed7005,150,500.0,32,7005,0.5728,0.5762,0.6007,0.6942,0.7,0.5762,0.7905,0.8952,80.5,Reach max iteration 50 | best_iter=30
roberta,sum,fb237_v1_ind_seed7009,150,500.0,32,7009,0.599,0.6425,0.583,0.7198,0.7462,0.6425,0.8213,0.9082,81.7,Reach max iteration 50 | best_iter=12
roberta,sum,fb237_v1_ind_seed7001,150,500.0,48,7001,0.6477,0.6028,0.6219,0.7496,0.7229,0.6028,0.7944,0.9206,84.3,Reach max iteration 50 | best_iter=14
roberta,sum,fb237_v1_ind_seed7005,150,500.0,48,7005,0.6103,0.581,0.6249,0.7314,0.7143,0.581,0.8095,0.9095,83.9,Reach max iteration 50 | best_iter=49
roberta,sum,fb237_v1_ind_seed7009,150,500.0,48,7009,0.6193,0.6715,0.6425,0.7337,0.7682,0.6715,0.8357,0.9324,83.9,Reach max iteration 50 | best_iter=10
roberta,sum,fb237_v1_ind_seed7001,150,500.0,64,7001,0.6684,0.6028,0.6304,0.7682,0.7263,0.6028,0.8084,0.9346,84.3,Reach max iteration 50 | best_iter=50
roberta,sum,fb237_v1_ind_seed7005,150,500.0,64,7005,0.6291,0.619,0.6547,0.7484,0.739,0.619,0.819,0.9238,85.0,Reach max iteration 50 | best_iter=13
roberta,sum,fb237_v1_ind_seed7009,150,500.0,64,7009,0.6142,0.657,0.665,0.7355,0.7667,0.657,0.8454,0.9372,84.9,Reach max iteration 50 | best_iter=13
roberta,sum,fb237_v1_ind_seed7001,150,500.0,80,7001,0.6788,0.6215,0.665,0.7762,0.7438,0.6215,0.8271,0.9486,98.3,Reach max iteration 50 | best_iter=14
roberta,sum,fb237_v1_ind_seed7005,150,500.0,80,7005,0.6385,0.619,0.6623,0.7554,0.7377,0.619,0.8048,0.9333,97.0,Reach max iteration 50 | best_iter=23
roberta,sum,fb237_v1_ind_seed7009,150,500.0,80,7009,0.6294,0.686,0.664,0.7444,0.785,0.686,0.8599,0.942,98.1,Reach max iteration 50 | best_iter=11
roberta,sum,fb237_v1_ind_seed7001,150,500.0,96,7001,0.6839,0.6355,0.679,0.7827,0.7572,0.6355,0.8458,0.9486,97.3,Reach max iteration 50 | best_iter=16
roberta,sum,fb237_v1_ind_seed7005,150,500.0,96,7005,0.6244,0.6095,0.6673,0.7507,0.7385,0.6095,0.8095,0.9476,97.9,Reach max iteration 50 | best_iter=49
roberta,sum,fb237_v1_ind_seed7009,150,500.0,96,7009,0.6294,0.6618,0.679,0.744,0.7729,0.6618,0.8551,0.9469,100.1,Reach max iteration 50 | best_iter=17
roberta,sum,fb237_v1_ind_seed7001,150,1000.0,16,7001,0.3679,0.3224,0.355,0.4863,0.4796,0.3224,0.5701,0.743,66.8,Reach max iteration 50 | best_iter=38
roberta,sum,fb237_v1_ind_seed7005,150,1000.0,16,7005,0.3146,0.2857,0.3115,0.4581,0.4367,0.2857,0.519,0.7571,61.9,Reach max iteration 50 | best_iter=1
roberta,sum,fb237_v1_ind_seed7009,150,1000.0,16,7009,0.3452,0.3768,0.3515,0.4835,0.5041,0.3768,0.5652,0.7778,78.1,Reach max iteration 50 | best_iter=50
roberta,sum,fb237_v1_ind_seed7001,150,1000.0,32,7001,0.4508,0.4159,0.4311,0.5628,0.5519,0.4159,0.6449,0.7804,77.6,Reach max iteration 50 | best_iter=44
roberta,sum,fb237_v1_ind_seed7005,150,1000.0,32,7005,0.385,0.4,0.4271,0.5116,0.5325,0.4,0.5857,0.8095,78.4,Reach max iteration 50 | best_iter=45
roberta,sum,fb237_v1_ind_seed7009,150,1000.0,32,7009,0.4264,0.4589,0.4315,0.5593,0.5801,0.4589,0.6522,0.8261,77.7,Reach max iteration 50 | best_iter=28
roberta,sum,fb237_v1_ind_seed7001,150,1000.0,48,7001,0.456,0.4299,0.4347,0.5818,0.5775,0.4299,0.6916,0.8084,77.3,Reach max iteration 50 | best_iter=31
roberta,sum,fb237_v1_ind_seed7005,150,1000.0,48,7005,0.4085,0.4286,0.4457,0.5375,0.5636,0.4286,0.6429,0.7952,78.2,Reach max iteration 50 | best_iter=16
roberta,sum,fb237_v1_ind_seed7009,150,1000.0,48,7009,0.4467,0.4976,0.469,0.5916,0.6241,0.4976,0.7005,0.8647,77.4,Reach max iteration 50 | best_iter=50
roberta,sum,fb237_v1_ind_seed7001,150,1000.0,64,7001,0.5285,0.5047,0.5003,0.6449,0.6288,0.5047,0.7196,0.8224,78.1,Reach max iteration 50 | best_iter=29
roberta,sum,fb237_v1_ind_seed7005,150,1000.0,64,7005,0.4319,0.4619,0.4791,0.5713,0.5923,0.4619,0.6571,0.8286,78.3,Reach max iteration 50 | best_iter=48
roberta,sum,fb237_v1_ind_seed7009,150,1000.0,64,7009,0.4924,0.5411,0.505,0.621,0.6625,0.5411,0.7391,0.8696,78.2,Reach max iteration 50 | best_iter=49
roberta,sum,fb237_v1_ind_seed7001,150,1000.0,80,7001,0.5596,0.5234,0.5193,0.6684,0.6471,0.5234,0.7196,0.8318,78.2,Reach max iteration 50 | best_iter=12
roberta,sum,fb237_v1_ind_seed7005,150,1000.0,80,7005,0.4695,0.4952,0.5159,0.605,0.6304,0.4952,0.719,0.8619,78.9,Reach max iteration 50 | best_iter=41
roberta,sum,fb237_v1_ind_seed7009,150,1000.0,80,7009,0.4822,0.5362,0.4895,0.6155,0.6459,0.5362,0.7053,0.8599,80.1,Reach max iteration 50 | best_iter=15
roberta,sum,fb237_v1_ind_seed7001,150,1000.0,96,7001,0.5337,0.5187,0.5138,0.6563,0.6434,0.5187,0.715,0.8738,79.0,Reach max iteration 50 | best_iter=20
roberta,sum,fb237_v1_ind_seed7005,150,1000.0,96,7005,0.4742,0.5,0.525,0.6141,0.6313,0.5,0.719,0.8571,80.9,Reach max iteration 50 | best_iter=23
roberta,sum,fb237_v1_ind_seed7009,150,1000.0,96,7009,0.5228,0.5604,0.522,0.6449,0.68,0.5604,0.7536,0.8744,79.5,Reach max iteration 50 | best_iter=26
roberta,sum,fb237_v1_ind_seed7001,175,1.0,16,7001,0.658,0.6121,0.9409,0.7742,0.7548,0.6121,0.8785,0.9626,193.8,Reach max iteration 50 | best_iter=10
roberta,sum,fb237_v1_ind_seed7005,175,1.0,16,7005,0.6714,0.6048,0.9414,0.7866,0.753,0.6048,0.9,0.9619,189.6,Reach max iteration 50 | best_iter=29
roberta,sum,fb237_v1_ind_seed7009,175,1.0,16,7009,0.6345,0.6715,0.941,0.7704,0.781,0.6715,0.8599,0.9517,194.0,Reach max iteration 50 | best_iter=12
roberta,sum,fb237_v1_ind_seed7001,175,1.0,32,7001,0.6839,0.6402,0.9409,0.7916,0.7743,0.6402,0.8925,0.9579,192.7,Reach max iteration 50 | best_iter=31
roberta,sum,fb237_v1_ind_seed7005,175,1.0,32,7005,0.662,0.6,0.9414,0.7818,0.7524,0.6,0.881,0.9762,193.0,Reach max iteration 50 | best_iter=30
roberta,sum,fb237_v1_ind_seed7009,175,1.0,32,7009,0.5939,0.657,0.941,0.758,0.7718,0.657,0.8696,0.9517,192.6,Reach max iteration 50 | best_iter=18
roberta,sum,fb237_v1_ind_seed7001,175,1.0,48,7001,0.658,0.6262,0.9409,0.7822,0.7705,0.6262,0.9206,0.9626,194.8,Reach max iteration 50 | best_iter=26
roberta,sum,fb237_v1_ind_seed7005,175,1.0,48,7005,0.6761,0.6238,0.9414,0.7911,0.7604,0.6238,0.8714,0.9619,196.3,Reach max iteration 50 | best_iter=49
roberta,sum,fb237_v1_ind_seed7009,175,1.0,48,7009,0.6091,0.6377,0.941,0.7635,0.7629,0.6377,0.8647,0.9565,198.0,Reach max iteration 50 | best_iter=35
roberta,sum,fb237_v1_ind_seed7001,175,1.0,64,7001,0.6736,0.6168,0.9409,0.791,0.7663,0.6168,0.9019,0.9673,195.6,Reach max iteration 50 | best_iter=22
roberta,sum,fb237_v1_ind_seed7005,175,1.0,64,7005,0.6573,0.6143,0.9414,0.7822,0.7614,0.6143,0.8857,0.9619,194.4,Reach max iteration 50 | best_iter=30
roberta,sum,fb237_v1_ind_seed7009,175,1.0,64,7009,0.6193,0.6473,0.941,0.7716,0.7681,0.6473,0.8647,0.9662,193.7,Reach max iteration 50 | best_iter=14
roberta,sum,fb237_v1_ind_seed7001,175,1.0,80,7001,0.6788,0.6215,0.9409,0.7928,0.7672,0.6215,0.9065,0.9579,193.2,Reach max iteration 50 | best_iter=37
roberta,sum,fb237_v1_ind_seed7005,175,1.0,80,7005,0.6761,0.619,0.9414,0.7893,0.7588,0.619,0.8762,0.9571,198.4,Reach max iteration 50 | best_iter=50
roberta,sum,fb237_v1_ind_seed7009,175,1.0,80,7009,0.6193,0.6329,0.941,0.7706,0.768,0.6329,0.8792,0.9662,196.9,Reach max iteration 50 | best_iter=43
roberta,sum,fb237_v1_ind_seed7001,175,1.0,96,7001,0.6839,0.6308,0.9409,0.7894,0.7728,0.6308,0.9065,0.9626,197.7,Reach max iteration 50 | best_iter=49
roberta,sum,fb237_v1_ind_seed7005,175,1.0,96,7005,0.6667,0.619,0.9414,0.7837,0.7595,0.619,0.881,0.9524,193.7,Reach max iteration 50 | best_iter=45
roberta,sum,fb237_v1_ind_seed7009,175,1.0,96,7009,0.6244,0.6329,0.941,0.7654,0.7621,0.6329,0.8599,0.9662,196.2,Reach max iteration 50 | best_iter=43
roberta,sum,fb237_v1_ind_seed7001,175,5.0,16,7001,0.658,0.6121,0.9409,0.7835,0.7667,0.6121,0.9206,0.9766,191.2,Reach max iteration 50 | best_iter=7
roberta,sum,fb237_v1_ind_seed7005,175,5.0,16,7005,0.6667,0.6048,0.9399,0.7844,0.7515,0.6048,0.9,0.9571,185.7,Reach max iteration 50 | best_iter=7
roberta,sum,fb237_v1_ind_seed7009,175,5.0,16,7009,0.6142,0.6618,0.941,0.7635,0.7745,0.6618,0.8647,0.9614,185.6,Reach max iteration 50 | best_iter=24
roberta,sum,fb237_v1_ind_seed7001,175,5.0,32,7001,0.6684,0.6308,0.9409,0.793,0.7732,0.6308,0.8925,0.9579,187.2,Reach max iteration 50 | best_iter=41
roberta,sum,fb237_v1_ind_seed7005,175,5.0,32,7005,0.6761,0.6333,0.9414,0.7913,0.7753,0.6333,0.9048,0.9571,189.6,Reach max iteration 50 | best_iter=27
roberta,sum,fb237_v1_ind_seed7009,175,5.0,32,7009,0.6193,0.657,0.94,0.7711,0.777,0.657,0.8841,0.9565,187.6,Reach max iteration 50 | best_iter=8
roberta,sum,fb237_v1_ind_seed7001,175,5.0,48,7001,0.6788,0.6262,0.9409,0.7936,0.7693,0.6262,0.9019,0.9673,190.9,Reach max iteration 50 | best_iter=21
roberta,sum,fb237_v1_ind_seed7005,175,5.0,48,7005,0.6854,0.619,0.9409,0.7985,0.7649,0.619,0.8857,0.9762,188.3,Reach max iteration 50 | best_iter=9
roberta,sum,fb237_v1_ind_seed7009,175,5.0,48,7009,0.6193,0.657,0.941,0.7708,0.7787,0.657,0.8889,0.9758,190.7,Reach max iteration 50 | best_iter=11
roberta,sum,fb237_v1_ind_seed7001,175,5.0,64,7001,0.6891,0.6075,0.9409,0.8016,0.7633,0.6075,0.9112,0.9813,193.8,Reach max iteration 50 | best_iter=8
roberta,sum,fb237_v1_ind_seed7005,175,5.0,64,7005,0.6761,0.6333,0.9414,0.7944,0.7727,0.6333,0.8952,0.9714,197.7,Reach max iteration 50 | best_iter=32
roberta,sum,fb237_v1_ind_seed7009,175,5.0,64,7009,0.6294,0.6522,0.941,0.7793,0.7747,0.6522,0.8744,0.971,189.7,Reach max iteration 50 | best_iter=10
roberta,sum,fb237_v1_ind_seed7001,175,5.0,80,7001,0.6839,0.6402,0.9409,0.7977,0.7791,0.6402,0.9112,0.9673,190.4,Reach max iteration 50 | best_iter=26
roberta,sum,fb237_v1_ind_seed7005,175,5.0,80,7005,0.7042,0.6143,0.9414,0.8079,0.7606,0.6143,0.8857,0.9714,189.4,Reach max iteration 50 | best_iter=41
roberta,sum,fb237_v1_ind_seed7009,175,5.0,80,7009,0.6396,0.6425,0.941,0.7826,0.7763,0.6425,0.8889,0.9807,191.4,Reach max iteration 50 | best_iter=20
roberta,sum,fb237_v1_ind_seed7001,175,5.0,96,7001,0.6684,0.6402,0.9409,0.789,0.7809,0.6402,0.9159,0.972,195.5,Reach max iteration 50 | best_iter=17
roberta,sum,fb237_v1_ind_seed7005,175,5.0,96,7005,0.6854,0.6333,0.9414,0.7976,0.7722,0.6333,0.9,0.9571,188.5,Reach max iteration 50 | best_iter=39
roberta,sum,fb237_v1_ind_seed7009,175,5.0,96,7009,0.6244,0.6377,0.941,0.7711,0.7701,0.6377,0.8889,0.9758,191.6,Reach max iteration 50 | best_iter=44
roberta,sum,fb237_v1_ind_seed7001,175,10.0,16,7001,0.6736,0.6308,0.9329,0.7863,0.7609,0.6308,0.8785,0.9579,191.6,Reach max iteration 50 | best_iter=3
roberta,sum,fb237_v1_ind_seed7005,175,10.0,16,7005,0.6573,0.6381,0.9409,0.787,0.773,0.6381,0.9,0.9667,189.9,Reach max iteration 50 | best_iter=8
roberta,sum,fb237_v1_ind_seed7009,175,10.0,16,7009,0.6396,0.6715,0.939,0.7781,0.7909,0.6715,0.9034,0.971,190.8,Reach max iteration 50 | best_iter=6
roberta,sum,fb237_v1_ind_seed7001,175,10.0,32,7001,0.6736,0.6121,0.9409,0.7882,0.7618,0.6121,0.9019,0.9673,191.2,Reach max iteration 50 | best_iter=10
roberta,sum,fb237_v1_ind_seed7005,175,10.0,32,7005,0.6761,0.6286,0.9414,0.7941,0.7702,0.6286,0.9,0.9619,190.2,Reach max iteration 50 | best_iter=12
roberta,sum,fb237_v1_ind_seed7009,175,10.0,32,7009,0.6345,0.6425,0.9405,0.7796,0.773,0.6425,0.8792,0.9758,193.8,Reach max iteration 50 | best_iter=7
roberta,sum,fb237_v1_ind_seed7001,175,10.0,48,7001,0.6788,0.6355,0.9409,0.7988,0.778,0.6355,0.9252,0.972,193.7,Reach max iteration 50 | best_iter=7
roberta,sum,fb237_v1_ind_seed7005,175,10.0,48,7005,0.6714,0.6333,0.9414,0.7917,0.7776,0.6333,0.9048,0.9667,196.8,Reach max iteration 50 | best_iter=15
roberta,sum,fb237_v1_ind_seed7009,175,10.0,48,7009,0.6345,0.6377,0.941,0.7794,0.7753,0.6377,0.8986,0.9855,195.0,Reach max iteration 50 | best_iter=14
roberta,sum,fb237_v1_ind_seed7001,175,10.0,64,7001,0.6788,0.6308,0.9404,0.7995,0.7815,0.6308,0.9206,0.9813,195.7,Reach max iteration 50 | best_iter=5
roberta,sum,fb237_v1_ind_seed7005,175,10.0,64,7005,0.6854,0.6333,0.9414,0.8015,0.7793,0.6333,0.9095,0.9857,196.5,Reach max iteration 50 | best_iter=20
roberta,sum,fb237_v1_ind_seed7009,175,10.0,64,7009,0.6345,0.657,0.94,0.7814,0.7788,0.657,0.8792,0.971,191.2,Reach max iteration 50 | best_iter=8
roberta,sum,fb237_v1_ind_seed7001,175,10.0,80,7001,0.6788,0.6308,0.9409,0.7969,0.7744,0.6308,0.9065,0.972,197.0,Reach max iteration 50 | best_iter=7
roberta,sum,fb237_v1_ind_seed7005,175,10.0,80,7005,0.6901,0.6286,0.9414,0.8037,0.7721,0.6286,0.8905,0.9714,194.4,Reach max iteration 50 | best_iter=12
roberta,sum,fb237_v1_ind_seed7009,175,10.0,80,7009,0.6345,0.6473,0.941,0.7801,0.773,0.6473,0.8937,0.9758,193.9,Reach max iteration 50 | best_iter=22
roberta,sum,fb237_v1_ind_seed7001,175,10.0,96,7001,0.6839,0.6262,0.9409,0.7973,0.7726,0.6262,0.9206,0.9626,194.9,Reach max iteration 50 | best_iter=19
roberta,sum,fb237_v1_ind_seed7005,175,10.0,96,7005,0.6761,0.6286,0.9414,0.7978,0.7692,0.6286,0.8952,0.9667,192.9,Reach max iteration 50 | best_iter=50
roberta,sum,fb237_v1_ind_seed7009,175,10.0,96,7009,0.6294,0.657,0.939,0.7729,0.7798,0.657,0.8744,0.9807,193.5,Reach max iteration 50 | best_iter=8
roberta,sum,fb237_v1_ind_seed7001,175,50.0,16,7001,0.7098,0.6449,0.8763,0.8184,0.7819,0.6449,0.8972,0.972,193.4,Reach max iteration 50 | best_iter=3
roberta,sum,fb237_v1_ind_seed7005,175,50.0,16,7005,0.7089,0.6905,0.8667,0.8178,0.8086,0.6905,0.9238,0.981,190.9,Reach max iteration 50 | best_iter=5
roberta,sum,fb237_v1_ind_seed7009,175,50.0,16,7009,0.6548,0.7053,0.86,0.791,0.8126,0.7053,0.9082,0.9952,191.1,Reach max iteration 50 | best_iter=4
roberta,sum,fb237_v1_ind_seed7001,175,50.0,32,7001,0.7047,0.6308,0.9119,0.8168,0.7821,0.6308,0.9206,0.972,189.3,Reach max iteration 50 | best_iter=8
roberta,sum,fb237_v1_ind_seed7005,175,50.0,32,7005,0.6901,0.681,0.9182,0.8085,0.8101,0.681,0.9286,0.9905,191.9,Reach max iteration 50 | best_iter=11
roberta,sum,fb237_v1_ind_seed7009,175,50.0,32,7009,0.6548,0.6763,0.893,0.7951,0.7999,0.6763,0.913,0.9952,190.6,Reach max iteration 50 | best_iter=5
roberta,sum,fb237_v1_ind_seed7001,175,50.0,48,7001,0.6891,0.6589,0.9194,0.8067,0.8024,0.6589,0.9439,0.972,195.6,Reach max iteration 50 | best_iter=7
roberta,sum,fb237_v1_ind_seed7005,175,50.0,48,7005,0.6995,0.6619,0.9258,0.8148,0.7983,0.6619,0.919,0.981,189.5,Reach max iteration 50 | best_iter=50
roberta,sum,fb237_v1_ind_seed7009,175,50.0,48,7009,0.6701,0.6763,0.9035,0.8037,0.8026,0.6763,0.913,0.9952,195.6,Reach max iteration 50 | best_iter=4
roberta,sum,fb237_v1_ind_seed7001,175,50.0,64,7001,0.7461,0.7056,0.8908,0.8362,0.8269,0.7056,0.9393,0.9766,194.6,Reach max iteration 50 | best_iter=7
roberta,sum,fb237_v1_ind_seed7005,175,50.0,64,7005,0.6854,0.6762,0.9112,0.8071,0.8102,0.6762,0.9333,0.9857,193.9,Reach max iteration 50 | best_iter=7
roberta,sum,fb237_v1_ind_seed7009,175,50.0,64,7009,0.6548,0.6715,0.906,0.7947,0.7993,0.6715,0.913,0.9903,195.3,Reach max iteration 50 | best_iter=5
roberta,sum,fb237_v1_ind_seed7001,175,50.0,80,7001,0.6943,0.6449,0.9174,0.8121,0.79,0.6449,0.9299,0.9813,197.1,Reach max iteration 50 | best_iter=5
roberta,sum,fb237_v1_ind_seed7005,175,50.0,80,7005,0.6948,0.6762,0.9152,0.8115,0.8063,0.6762,0.9238,0.9857,194.1,Reach max iteration 50 | best_iter=6
roberta,sum,fb237_v1_ind_seed7009,175,50.0,80,7009,0.6497,0.6522,0.927,0.7883,0.791,0.6522,0.9082,0.9855,195.4,Reach max iteration 50 | best_iter=13
roberta,sum,fb237_v1_ind_seed7001,175,50.0,96,7001,0.7254,0.6682,0.9114,0.8263,0.804,0.6682,0.9346,0.9766,195.3,Reach max iteration 50 | best_iter=7
roberta,sum,fb237_v1_ind_seed7005,175,50.0,96,7005,0.6901,0.6762,0.9162,0.8108,0.8049,0.6762,0.9238,0.9762,197.0,Reach max iteration 50 | best_iter=9
roberta,sum,fb237_v1_ind_seed7009,175,50.0,96,7009,0.6599,0.7005,0.9055,0.793,0.8096,0.7005,0.8986,0.9807,194.5,Reach max iteration 50 | best_iter=6
roberta,sum,fb237_v1_ind_seed7001,175,100.0,16,7001,0.7047,0.6636,0.8232,0.8123,0.7974,0.6636,0.9159,0.9673,127.5,Reach max iteration 50 | best_iter=7
roberta,sum,fb237_v1_ind_seed7005,175,100.0,16,7005,0.7183,0.6381,0.8385,0.8213,0.7836,0.6381,0.9095,0.9857,127.4,Reach max iteration 50 | best_iter=20
roberta,sum,fb237_v1_ind_seed7009,175,100.0,16,7009,0.6954,0.7198,0.835,0.8113,0.8219,0.7198,0.913,0.9855,126.3,Reach max iteration 50 | best_iter=10
roberta,sum,fb237_v1_ind_seed7001,175,100.0,32,7001,0.7202,0.6776,0.8312,0.826,0.806,0.6776,0.9206,0.9673,157.8,Reach max iteration 50 | best_iter=5
roberta,sum,fb237_v1_ind_seed7005,175,100.0,32,7005,0.7042,0.6952,0.8289,0.8165,0.813,0.6952,0.9143,0.981,155.1,Reach max iteration 50 | best_iter=5
roberta,sum,fb237_v1_ind_seed7009,175,100.0,32,7009,0.6954,0.7053,0.8415,0.8127,0.8189,0.7053,0.9227,0.9903,159.2,Reach max iteration 50 | best_iter=7
roberta,sum,fb237_v1_ind_seed7001,175,100.0,48,7001,0.7098,0.6916,0.8338,0.8181,0.8148,0.6916,0.9346,0.972,188.3,Reach max iteration 50 | best_iter=6
roberta,sum,fb237_v1_ind_seed7005,175,100.0,48,7005,0.7183,0.7,0.8642,0.823,0.82,0.7,0.9238,0.9857,194.6,Reach max iteration 50 | best_iter=7
roberta,sum,fb237_v1_ind_seed7009,175,100.0,48,7009,0.6904,0.7198,0.8485,0.8076,0.8254,0.7198,0.913,0.9855,194.4,Reach max iteration 50 | best_iter=5
roberta,sum,fb237_v1_ind_seed7001,175,100.0,64,7001,0.7098,0.6636,0.8513,0.8164,0.8,0.6636,0.9252,0.9813,192.0,Reach max iteration 50 | best_iter=7
roberta,sum,fb237_v1_ind_seed7005,175,100.0,64,7005,0.723,0.6952,0.8531,0.8246,0.8154,0.6952,0.9286,0.9857,192.8,Reach max iteration 50 | best_iter=7
roberta,sum,fb237_v1_ind_seed7009,175,100.0,64,7009,0.6853,0.6763,0.871,0.8084,0.806,0.6763,0.942,0.9855,192.0,Reach max iteration 50 | best_iter=43
roberta,sum,fb237_v1_ind_seed7001,175,100.0,80,7001,0.7098,0.6822,0.8658,0.8189,0.8096,0.6822,0.9206,0.9766,196.2,Reach max iteration 50 | best_iter=7
roberta,sum,fb237_v1_ind_seed7005,175,100.0,80,7005,0.7324,0.6952,0.8627,0.8304,0.8188,0.6952,0.9286,0.9857,192.2,Reach max iteration 50 | best_iter=8
roberta,sum,fb237_v1_ind_seed7009,175,100.0,80,7009,0.6954,0.6763,0.881,0.8146,0.8077,0.6763,0.9275,0.9903,191.4,Reach max iteration 50 | best_iter=27
roberta,sum,fb237_v1_ind_seed7001,175,100.0,96,7001,0.715,0.6729,0.8838,0.8212,0.8016,0.6729,0.9206,0.9766,194.9,Reach max iteration 50 | best_iter=15
roberta,sum,fb237_v1_ind_seed7005,175,100.0,96,7005,0.7042,0.6952,0.8884,0.8165,0.819,0.6952,0.9333,0.981,192.2,Reach max iteration 50 | best_iter=19
roberta,sum,fb237_v1_ind_seed7009,175,100.0,96,7009,0.6751,0.7053,0.881,0.8038,0.8182,0.7053,0.9227,0.9903,189.1,Reach max iteration 50 | best_iter=11
roberta,sum,fb237_v1_ind_seed7001,175,500.0,16,7001,0.5751,0.5421,0.5318,0.6861,0.6629,0.5421,0.7243,0.8785,91.1,Reach max iteration 50 | best_iter=50
roberta,sum,fb237_v1_ind_seed7005,175,500.0,16,7005,0.4977,0.5095,0.5411,0.6404,0.65,0.5095,0.7571,0.8571,91.4,Reach max iteration 50 | best_iter=14
roberta,sum,fb237_v1_ind_seed7009,175,500.0,16,7009,0.5381,0.5604,0.542,0.6734,0.6838,0.5604,0.7826,0.8744,93.1,Reach max iteration 50 | best_iter=15
roberta,sum,fb237_v1_ind_seed7001,175,500.0,32,7001,0.6114,0.5841,0.5969,0.7192,0.7017,0.5841,0.7804,0.9112,91.9,Reach max iteration 50 | best_iter=47
roberta,sum,fb237_v1_ind_seed7005,175,500.0,32,7005,0.5728,0.5286,0.5926,0.6951,0.6735,0.5286,0.781,0.8857,92.0,Reach max iteration 50 | best_iter=35
roberta,sum,fb237_v1_ind_seed7009,175,500.0,32,7009,0.5736,0.6184,0.5835,0.6978,0.7307,0.6184,0.8261,0.8937,94.0,Reach max iteration 50 | best_iter=48
roberta,sum,fb237_v1_ind_seed7001,175,500.0,48,7001,0.6477,0.5981,0.638,0.755,0.7228,0.5981,0.8178,0.9252,95.3,Reach max iteration 50 | best_iter=24
roberta,sum,fb237_v1_ind_seed7005,175,500.0,48,7005,0.5962,0.5952,0.6199,0.7245,0.723,0.5952,0.819,0.8905,95.9,Reach max iteration 50 | best_iter=11
roberta,sum,fb237_v1_ind_seed7009,175,500.0,48,7009,0.6193,0.6715,0.6385,0.7341,0.7705,0.6715,0.8406,0.9275,94.9,Reach max iteration 50 | best_iter=17
roberta,sum,fb237_v1_ind_seed7001,175,500.0,64,7001,0.6632,0.6262,0.659,0.768,0.7401,0.6262,0.8178,0.9533,98.7,Reach max iteration 50 | best_iter=31
roberta,sum,fb237_v1_ind_seed7005,175,500.0,64,7005,0.6056,0.5905,0.6416,0.7314,0.7205,0.5905,0.8143,0.919,96.0,Reach max iteration 50 | best_iter=31
roberta,sum,fb237_v1_ind_seed7009,175,500.0,64,7009,0.6091,0.6908,0.655,0.7347,0.7829,0.6908,0.8551,0.9372,96.8,Reach max iteration 50 | best_iter=17
roberta,sum,fb237_v1_ind_seed7001,175,500.0,80,7001,0.6788,0.6215,0.667,0.7749,0.7466,0.6215,0.8411,0.9439,103.2,Reach max iteration 50 | best_iter=11
roberta,sum,fb237_v1_ind_seed7005,175,500.0,80,7005,0.6056,0.6095,0.6507,0.7339,0.7331,0.6095,0.8143,0.9238,96.5,Reach max iteration 50 | best_iter=46
roberta,sum,fb237_v1_ind_seed7009,175,500.0,80,7009,0.6396,0.6908,0.673,0.7518,0.7882,0.6908,0.8696,0.942,111.5,Reach max iteration 50 | best_iter=21
roberta,sum,fb237_v1_ind_seed7001,175,500.0,96,7001,0.6839,0.6262,0.6805,0.7819,0.7494,0.6262,0.8505,0.9439,114.3,Reach max iteration 50 | best_iter=14
roberta,sum,fb237_v1_ind_seed7005,175,500.0,96,7005,0.662,0.619,0.6805,0.7755,0.7395,0.619,0.819,0.9476,115.6,Reach max iteration 50 | best_iter=12
roberta,sum,fb237_v1_ind_seed7009,175,500.0,96,7009,0.6396,0.7005,0.685,0.7547,0.7994,0.7005,0.8841,0.942,122.8,Reach max iteration 50 | best_iter=50
roberta,sum,fb237_v1_ind_seed7001,175,1000.0,16,7001,0.399,0.3318,0.358,0.5138,0.4834,0.3318,0.5701,0.7383,88.5,Reach max iteration 50 | best_iter=33
roberta,sum,fb237_v1_ind_seed7005,175,1000.0,16,7005,0.3146,0.2857,0.3135,0.4541,0.4353,0.2857,0.5,0.7667,68.3,Reach max iteration 50 | best_iter=1
roberta,sum,fb237_v1_ind_seed7009,175,1000.0,16,7009,0.2284,0.2802,0.2505,0.3753,0.4145,0.2802,0.4638,0.6812,71.8,Reach max iteration 50 | best_iter=29
roberta,sum,fb237_v1_ind_seed7001,175,1000.0,32,7001,0.4404,0.4065,0.4291,0.5615,0.5537,0.4065,0.6402,0.7944,88.5,Reach max iteration 50 | best_iter=36
roberta,sum,fb237_v1_ind_seed7005,175,1000.0,32,7005,0.385,0.4095,0.4296,0.5275,0.5458,0.4095,0.6143,0.8095,86.3,Reach max iteration 50 | best_iter=19
roberta,sum,fb237_v1_ind_seed7009,175,1000.0,32,7009,0.4264,0.4589,0.4305,0.5584,0.5811,0.4589,0.6618,0.8309,86.0,Reach max iteration 50 | best_iter=13
roberta,sum,fb237_v1_ind_seed7001,175,1000.0,48,7001,0.4922,0.4673,0.4822,0.6215,0.6041,0.4673,0.7056,0.8224,87.3,Reach max iteration 50 | best_iter=28
roberta,sum,fb237_v1_ind_seed7005,175,1000.0,48,7005,0.4319,0.4619,0.471,0.5598,0.5859,0.4619,0.6429,0.8143,86.0,Reach max iteration 50 | best_iter=44
roberta,sum,fb237_v1_ind_seed7009,175,1000.0,48,7009,0.4518,0.4976,0.4735,0.592,0.6293,0.4976,0.7246,0.8696,86.9,Reach max iteration 50 | best_iter=48
roberta,sum,fb237_v1_ind_seed7001,175,1000.0,64,7001,0.544,0.4953,0.5013,0.6556,0.6309,0.4953,0.7196,0.8271,86.9,Reach max iteration 50 | best_iter=23
roberta,sum,fb237_v1_ind_seed7005,175,1000.0,64,7005,0.4319,0.4333,0.472,0.5805,0.5827,0.4333,0.6667,0.8476,86.7,Reach max iteration 50 | best_iter=40
roberta,sum,fb237_v1_ind_seed7009,175,1000.0,64,7009,0.4772,0.5314,0.4975,0.611,0.6502,0.5314,0.7391,0.8696,86.6,Reach max iteration 50 | best_iter=43
roberta,sum,fb237_v1_ind_seed7001,175,1000.0,80,7001,0.5337,0.5093,0.5023,0.6563,0.6394,0.5093,0.715,0.8505,87.6,Reach max iteration 50 | best_iter=25
roberta,sum,fb237_v1_ind_seed7005,175,1000.0,80,7005,0.4648,0.5048,0.5194,0.6061,0.6365,0.5048,0.7143,0.8667,86.6,Reach max iteration 50 | best_iter=17
roberta,sum,fb237_v1_ind_seed7009,175,1000.0,80,7009,0.4924,0.5652,0.5105,0.6319,0.6769,0.5652,0.7488,0.8696,88.1,Reach max iteration 50 | best_iter=16
roberta,sum,fb237_v1_ind_seed7001,175,1000.0,96,7001,0.5389,0.5327,0.5218,0.6594,0.6511,0.5327,0.7196,0.8551,89.1,Reach max iteration 50 | best_iter=14
roberta,sum,fb237_v1_ind_seed7005,175,1000.0,96,7005,0.4789,0.5,0.5285,0.6163,0.635,0.5,0.7238,0.8667,89.1,Reach max iteration 50 | best_iter=29
roberta,sum,fb237_v1_ind_seed7009,175,1000.0,96,7009,0.5127,0.5507,0.5155,0.6394,0.6721,0.5507,0.7633,0.8744,87.6,Reach max iteration 50 | best_iter=11
roberta,sum,fb237_v1_ind_seed7001,200,1.0,16,7001,0.6684,0.6215,0.9409,0.7829,0.7661,0.6215,0.9019,0.9579,208.9,Reach max iteration 50 | best_iter=23
roberta,sum,fb237_v1_ind_seed7005,200,1.0,16,7005,0.6854,0.6,0.9414,0.7904,0.7491,0.6,0.8857,0.9619,213.4,Reach max iteration 50 | best_iter=50
roberta,sum,fb237_v1_ind_seed7009,200,1.0,16,7009,0.6345,0.6618,0.941,0.7743,0.7777,0.6618,0.8647,0.9662,212.3,Reach max iteration 50 | best_iter=50
roberta,sum,fb237_v1_ind_seed7001,200,1.0,32,7001,0.6632,0.6168,0.9409,0.7827,0.76,0.6168,0.8879,0.9626,214.8,Reach max iteration 50 | best_iter=28
roberta,sum,fb237_v1_ind_seed7005,200,1.0,32,7005,0.6667,0.6286,0.9414,0.7826,0.7688,0.6286,0.8952,0.9714,206.8,Reach max iteration 50 | best_iter=43
roberta,sum,fb237_v1_ind_seed7009,200,1.0,32,7009,0.6193,0.6473,0.941,0.7669,0.7681,0.6473,0.8599,0.9614,214.2,Reach max iteration 50 | best_iter=44
roberta,sum,fb237_v1_ind_seed7001,200,1.0,48,7001,0.6736,0.6402,0.9409,0.7895,0.7764,0.6402,0.9019,0.9579,210.8,Reach max iteration 50 | best_iter=18
roberta,sum,fb237_v1_ind_seed7005,200,1.0,48,7005,0.6761,0.6143,0.9414,0.7876,0.7633,0.6143,0.8952,0.9714,211.5,Reach max iteration 50 | best_iter=30
roberta,sum,fb237_v1_ind_seed7009,200,1.0,48,7009,0.6396,0.6618,0.941,0.7825,0.7802,0.6618,0.8889,0.971,213.1,Reach max iteration 50 | best_iter=44
roberta,sum,fb237_v1_ind_seed7001,200,1.0,64,7001,0.6736,0.6308,0.9409,0.787,0.7693,0.6308,0.8972,0.9626,213.9,Reach max iteration 50 | best_iter=39
roberta,sum,fb237_v1_ind_seed7005,200,1.0,64,7005,0.6761,0.6429,0.9414,0.7892,0.7775,0.6429,0.8952,0.9571,213.0,Reach max iteration 50 | best_iter=34
roberta,sum,fb237_v1_ind_seed7009,200,1.0,64,7009,0.6396,0.6425,0.941,0.7817,0.7617,0.6425,0.8599,0.9517,217.1,Reach max iteration 50 | best_iter=17
roberta,sum,fb237_v1_ind_seed7001,200,1.0,80,7001,0.6839,0.6495,0.9409,0.7892,0.783,0.6495,0.9065,0.9673,221.3,Reach max iteration 50 | best_iter=48
roberta,sum,fb237_v1_ind_seed7005,200,1.0,80,7005,0.6761,0.6,0.9414,0.7908,0.7514,0.6,0.8905,0.9381,220.0,Reach max iteration 50 | best_iter=14
roberta,sum,fb237_v1_ind_seed7009,200,1.0,80,7009,0.6193,0.6377,0.941,0.7701,0.7678,0.6377,0.8841,0.9565,221.4,Reach max iteration 50 | best_iter=43
roberta,sum,fb237_v1_ind_seed7001,200,1.0,96,7001,0.6736,0.6495,0.9409,0.7883,0.7823,0.6495,0.8972,0.9626,222.5,Reach max iteration 50 | best_iter=48
roberta,sum,fb237_v1_ind_seed7005,200,1.0,96,7005,0.6761,0.6286,0.9414,0.7934,0.7685,0.6286,0.8857,0.9667,220.6,Reach max iteration 50 | best_iter=46
roberta,sum,fb237_v1_ind_seed7009,200,1.0,96,7009,0.6193,0.6522,0.941,0.773,0.7689,0.6522,0.8647,0.9565,221.6,Reach max iteration 50 | best_iter=40
roberta,sum,fb237_v1_ind_seed7001,200,5.0,16,7001,0.6684,0.6028,0.9409,0.7874,0.7531,0.6028,0.8972,0.9533,213.2,Reach max iteration 50 | best_iter=8
roberta,sum,fb237_v1_ind_seed7005,200,5.0,16,7005,0.6761,0.6286,0.9414,0.7931,0.7648,0.6286,0.8952,0.9619,217.3,Reach max iteration 50 | best_iter=13
roberta,sum,fb237_v1_ind_seed7009,200,5.0,16,7009,0.6294,0.6425,0.941,0.7721,0.7689,0.6425,0.8599,0.9758,213.7,Reach max iteration 50 | best_iter=36
roberta,sum,fb237_v1_ind_seed7001,200,5.0,32,7001,0.6839,0.6075,0.9409,0.792,0.7598,0.6075,0.8972,0.9579,209.6,Reach max iteration 50 | best_iter=40
roberta,sum,fb237_v1_ind_seed7005,200,5.0,32,7005,0.6761,0.6143,0.9414,0.7908,0.7672,0.6143,0.9095,0.9714,214.3,Reach max iteration 50 | best_iter=31
roberta,sum,fb237_v1_ind_seed7009,200,5.0,32,7009,0.6294,0.657,0.9405,0.7703,0.7823,0.657,0.8792,0.9758,212.8,Reach max iteration 50 | best_iter=6
roberta,sum,fb237_v1_ind_seed7001,200,5.0,48,7001,0.6736,0.6402,0.9409,0.7918,0.7747,0.6402,0.9019,0.9626,215.3,Reach max iteration 50 | best_iter=10
roberta,sum,fb237_v1_ind_seed7005,200,5.0,48,7005,0.6808,0.6095,0.9414,0.7949,0.7636,0.6095,0.9,0.9714,210.4,Reach max iteration 50 | best_iter=13
roberta,sum,fb237_v1_ind_seed7009,200,5.0,48,7009,0.6244,0.6618,0.941,0.7759,0.7843,0.6618,0.8986,0.9758,212.4,Reach max iteration 50 | best_iter=11
roberta,sum,fb237_v1_ind_seed7001,200,5.0,64,7001,0.6788,0.6355,0.9409,0.7973,0.7792,0.6355,0.9112,0.9766,216.4,Reach max iteration 50 | best_iter=11
roberta,sum,fb237_v1_ind_seed7005,200,5.0,64,7005,0.6948,0.6095,0.9414,0.8027,0.7587,0.6095,0.8952,0.9667,215.4,Reach max iteration 50 | best_iter=49
roberta,sum,fb237_v1_ind_seed7009,200,5.0,64,7009,0.6294,0.6425,0.941,0.7791,0.7698,0.6425,0.8792,0.9614,210.7,Reach max iteration 50 | best_iter=12
roberta,sum,fb237_v1_ind_seed7001,200,5.0,80,7001,0.6839,0.6355,0.9409,0.7948,0.7765,0.6355,0.9112,0.972,217.4,Reach max iteration 50 | best_iter=17
roberta,sum,fb237_v1_ind_seed7005,200,5.0,80,7005,0.6901,0.619,0.9414,0.8,0.7666,0.619,0.8905,0.981,215.6,Reach max iteration 50 | best_iter=13
roberta,sum,fb237_v1_ind_seed7009,200,5.0,80,7009,0.6142,0.657,0.941,0.7637,0.7801,0.657,0.8841,0.9662,215.3,Reach max iteration 50 | best_iter=9
roberta,sum,fb237_v1_ind_seed7001,200,5.0,96,7001,0.6839,0.6449,0.9409,0.7974,0.7805,0.6449,0.9019,0.9673,216.0,Reach max iteration 50 | best_iter=34
roberta,sum,fb237_v1_ind_seed7005,200,5.0,96,7005,0.6854,0.6286,0.9414,0.7969,0.7711,0.6286,0.8952,0.9667,218.7,Reach max iteration 50 | best_iter=27
roberta,sum,fb237_v1_ind_seed7009,200,5.0,96,7009,0.6294,0.6377,0.941,0.7779,0.7699,0.6377,0.8841,0.9807,215.4,Reach max iteration 50 | best_iter=12
roberta,sum,fb237_v1_ind_seed7001,200,10.0,16,7001,0.6684,0.6121,0.9369,0.7886,0.7597,0.6121,0.8972,0.9579,217.0,Reach max iteration 50 | best_iter=3
roberta,sum,fb237_v1_ind_seed7005,200,10.0,16,7005,0.6854,0.6048,0.9374,0.7938,0.751,0.6048,0.881,0.9762,213.8,Reach max iteration 50 | best_iter=4
roberta,sum,fb237_v1_ind_seed7009,200,10.0,16,7009,0.6396,0.6425,0.941,0.7796,0.7712,0.6425,0.8792,0.9758,213.9,Reach max iteration 50 | best_iter=36
roberta,sum,fb237_v1_ind_seed7001,200,10.0,32,7001,0.6943,0.6402,0.9334,0.8026,0.7802,0.6402,0.9159,0.972,217.1,Reach max iteration 50 | best_iter=4
roberta,sum,fb237_v1_ind_seed7005,200,10.0,32,7005,0.6714,0.6095,0.9414,0.7938,0.7643,0.6095,0.9143,0.9714,215.4,Reach max iteration 50 | best_iter=10
roberta,sum,fb237_v1_ind_seed7009,200,10.0,32,7009,0.6294,0.6667,0.9395,0.7781,0.7889,0.6667,0.8889,0.9855,212.5,Reach max iteration 50 | best_iter=7
roberta,sum,fb237_v1_ind_seed7001,200,10.0,48,7001,0.6632,0.6262,0.9404,0.7891,0.7695,0.6262,0.9159,0.9626,217.9,Reach max iteration 50 | best_iter=5
roberta,sum,fb237_v1_ind_seed7005,200,10.0,48,7005,0.6761,0.6238,0.9414,0.7905,0.7691,0.6238,0.9,0.9714,210.6,Reach max iteration 50 | best_iter=14
roberta,sum,fb237_v1_ind_seed7009,200,10.0,48,7009,0.6447,0.657,0.9365,0.7807,0.7845,0.657,0.9082,0.9758,215.2,Reach max iteration 50 | best_iter=4
roberta,sum,fb237_v1_ind_seed7001,200,10.0,64,7001,0.6788,0.6355,0.9409,0.7939,0.7784,0.6355,0.9159,0.9766,218.0,Reach max iteration 50 | best_iter=10
roberta,sum,fb237_v1_ind_seed7005,200,10.0,64,7005,0.6948,0.6429,0.9414,0.8042,0.7814,0.6429,0.9,0.9762,219.5,Reach max iteration 50 | best_iter=18
roberta,sum,fb237_v1_ind_seed7009,200,10.0,64,7009,0.6548,0.6425,0.9115,0.787,0.7619,0.6425,0.8599,0.9517,220.2,Reach max iteration 50 | best_iter=2
roberta,sum,fb237_v1_ind_seed7001,200,10.0,80,7001,0.6788,0.6402,0.9409,0.7927,0.7809,0.6402,0.9206,0.9673,222.1,Reach max iteration 50 | best_iter=44
roberta,sum,fb237_v1_ind_seed7005,200,10.0,80,7005,0.6948,0.6333,0.9414,0.8019,0.7832,0.6333,0.9286,0.9714,222.8,Reach max iteration 50 | best_iter=10
roberta,sum,fb237_v1_ind_seed7009,200,10.0,80,7009,0.6294,0.6329,0.94,0.774,0.769,0.6329,0.8937,0.971,219.8,Reach max iteration 50 | best_iter=9
roberta,sum,fb237_v1_ind_seed7001,200,10.0,96,7001,0.6684,0.6262,0.9409,0.7907,0.7744,0.6262,0.9206,0.9766,222.1,Reach max iteration 50 | best_iter=19
roberta,sum,fb237_v1_ind_seed7005,200,10.0,96,7005,0.6901,0.6429,0.9369,0.8066,0.7797,0.6429,0.8952,0.981,224.0,Reach max iteration 50 | best_iter=4
roberta,sum,fb237_v1_ind_seed7009,200,10.0,96,7009,0.6244,0.6473,0.94,0.7762,0.7757,0.6473,0.8744,0.9855,224.7,Reach max iteration 50 | best_iter=7
roberta,sum,fb237_v1_ind_seed7001,200,50.0,16,7001,0.6995,0.6682,0.8873,0.8046,0.8008,0.6682,0.9206,0.9813,217.3,Reach max iteration 50 | best_iter=4
roberta,sum,fb237_v1_ind_seed7005,200,50.0,16,7005,0.6995,0.6429,0.9197,0.8152,0.7805,0.6429,0.9238,0.9714,213.3,Reach max iteration 50 | best_iter=18
roberta,sum,fb237_v1_ind_seed7009,200,50.0,16,7009,0.6599,0.6763,0.9175,0.7982,0.7955,0.6763,0.8937,0.9855,218.0,Reach max iteration 50 | best_iter=20
roberta,sum,fb237_v1_ind_seed7001,200,50.0,32,7001,0.6995,0.6776,0.9159,0.8137,0.8059,0.6776,0.9299,0.9813,219.6,Reach max iteration 50 | best_iter=8
roberta,sum,fb237_v1_ind_seed7005,200,50.0,32,7005,0.7042,0.6571,0.9091,0.8152,0.7965,0.6571,0.9238,0.9905,219.3,Reach max iteration 50 | best_iter=7
roberta,sum,fb237_v1_ind_seed7009,200,50.0,32,7009,0.6548,0.6812,0.901,0.7945,0.7994,0.6812,0.9034,0.9855,219.5,Reach max iteration 50 | best_iter=5
roberta,sum,fb237_v1_ind_seed7001,200,50.0,48,7001,0.6943,0.6589,0.9129,0.8091,0.7984,0.6589,0.9393,0.9766,213.9,Reach max iteration 50 | best_iter=7
roberta,sum,fb237_v1_ind_seed7005,200,50.0,48,7005,0.7136,0.6667,0.8672,0.818,0.7989,0.6667,0.9238,0.9857,216.1,Reach max iteration 50 | best_iter=4
roberta,sum,fb237_v1_ind_seed7009,200,50.0,48,7009,0.665,0.6812,0.911,0.7973,0.8027,0.6812,0.9082,0.9855,212.3,Reach max iteration 50 | best_iter=7
roberta,sum,fb237_v1_ind_seed7001,200,50.0,64,7001,0.7254,0.5888,0.8473,0.824,0.7505,0.5888,0.8972,0.9673,217.1,Reach max iteration 50 | best_iter=4
roberta,sum,fb237_v1_ind_seed7005,200,50.0,64,7005,0.6901,0.7,0.9041,0.8088,0.8204,0.7,0.9333,0.9857,215.4,Reach max iteration 50 | best_iter=7
roberta,sum,fb237_v1_ind_seed7009,200,50.0,64,7009,0.6904,0.6715,0.876,0.8069,0.8024,0.6715,0.9082,0.9855,218.2,Reach max iteration 50 | best_iter=5
roberta,sum,fb237_v1_ind_seed7001,200,50.0,80,7001,0.7254,0.6729,0.7917,0.8181,0.7961,0.6729,0.9019,0.972,218.1,Reach max iteration 50 | best_iter=5
roberta,sum,fb237_v1_ind_seed7005,200,50.0,80,7005,0.7042,0.6762,0.9051,0.8174,0.8062,0.6762,0.919,0.9905,215.1,Reach max iteration 50 | best_iter=8
roberta,sum,fb237_v1_ind_seed7009,200,50.0,80,7009,0.665,0.7005,0.9045,0.7954,0.8147,0.7005,0.9275,0.9855,221.2,Reach max iteration 50 | best_iter=8
roberta,sum,fb237_v1_ind_seed7001,200,50.0,96,7001,0.7098,0.6355,0.9059,0.8144,0.7863,0.6355,0.9393,0.9813,220.1,Reach max iteration 50 | best_iter=7
roberta,sum,fb237_v1_ind_seed7005,200,50.0,96,7005,0.7183,0.6905,0.9091,0.8207,0.8128,0.6905,0.919,0.9762,214.0,Reach max iteration 50 | best_iter=7
roberta,sum,fb237_v1_ind_seed7009,200,50.0,96,7009,0.6447,0.657,0.9305,0.7882,0.7901,0.657,0.8937,0.9855,220.6,Reach max iteration 50 | best_iter=22
roberta,sum,fb237_v1_ind_seed7001,200,100.0,16,7001,0.6995,0.6729,0.8428,0.8108,0.8026,0.6729,0.9159,0.9813,143.2,Reach max iteration 50 | best_iter=38
roberta,sum,fb237_v1_ind_seed7005,200,100.0,16,7005,0.7136,0.6905,0.8415,0.819,0.81,0.6905,0.9048,0.9857,143.2,Reach max iteration 50 | best_iter=36
roberta,sum,fb237_v1_ind_seed7009,200,100.0,16,7009,0.6751,0.7005,0.8365,0.8032,0.8151,0.7005,0.913,0.9903,142.5,Reach max iteration 50 | best_iter=10
roberta,sum,fb237_v1_ind_seed7001,200,100.0,32,7001,0.7306,0.6963,0.8378,0.8272,0.8145,0.6963,0.9206,0.9766,184.6,Reach max iteration 50 | best_iter=8
roberta,sum,fb237_v1_ind_seed7005,200,100.0,32,7005,0.7136,0.6905,0.8501,0.8179,0.8135,0.6905,0.919,0.9905,178.3,Reach max iteration 50 | best_iter=8
roberta,sum,fb237_v1_ind_seed7009,200,100.0,32,7009,0.7157,0.6908,0.854,0.8236,0.8105,0.6908,0.9275,0.9952,175.1,Reach max iteration 50 | best_iter=49
roberta,sum,fb237_v1_ind_seed7001,200,100.0,48,7001,0.7254,0.6636,0.8428,0.8273,0.7998,0.6636,0.9252,0.9813,214.6,Reach max iteration 50 | best_iter=7
roberta,sum,fb237_v1_ind_seed7005,200,100.0,48,7005,0.7089,0.7,0.8688,0.8206,0.8219,0.7,0.9333,0.9857,209.2,Reach max iteration 50 | best_iter=37
roberta,sum,fb237_v1_ind_seed7009,200,100.0,48,7009,0.6802,0.6957,0.8695,0.8067,0.8149,0.6957,0.9227,0.9855,211.0,Reach max iteration 50 | best_iter=37
roberta,sum,fb237_v1_ind_seed7001,200,100.0,64,7001,0.715,0.6682,0.8538,0.8225,0.8014,0.6682,0.9159,0.9813,217.9,Reach max iteration 50 | best_iter=5
roberta,sum,fb237_v1_ind_seed7005,200,100.0,64,7005,0.723,0.6714,0.8627,0.8265,0.8037,0.6714,0.919,0.9857,217.6,Reach max iteration 50 | best_iter=9
roberta,sum,fb237_v1_ind_seed7009,200,100.0,64,7009,0.7056,0.6957,0.87,0.821,0.8143,0.6957,0.9179,0.9903,217.1,Reach max iteration 50 | best_iter=50
roberta,sum,fb237_v1_ind_seed7001,200,100.0,80,7001,0.7306,0.7009,0.8403,0.83,0.8182,0.7009,0.9159,0.9766,214.4,Reach max iteration 50 | best_iter=6
roberta,sum,fb237_v1_ind_seed7005,200,100.0,80,7005,0.7136,0.6905,0.8854,0.8229,0.8168,0.6905,0.9286,0.9857,215.0,Reach max iteration 50 | best_iter=23
roberta,sum,fb237_v1_ind_seed7009,200,100.0,80,7009,0.6904,0.6957,0.876,0.8121,0.8145,0.6957,0.9275,0.9903,218.5,Reach max iteration 50 | best_iter=49
roberta,sum,fb237_v1_ind_seed7001,200,100.0,96,7001,0.7202,0.6682,0.8788,0.8244,0.8031,0.6682,0.9439,0.972,213.2,Reach max iteration 50 | best_iter=15
roberta,sum,fb237_v1_ind_seed7005,200,100.0,96,7005,0.723,0.6857,0.8688,0.826,0.8149,0.6857,0.9333,0.9905,212.5,Reach max iteration 50 | best_iter=10
roberta,sum,fb237_v1_ind_seed7009,200,100.0,96,7009,0.6802,0.6957,0.883,0.805,0.8179,0.6957,0.9324,0.9855,215.3,Reach max iteration 50 | best_iter=27
roberta,sum,fb237_v1_ind_seed7001,200,500.0,16,7001,0.5648,0.528,0.5378,0.6754,0.6597,0.528,0.7336,0.8692,102.5,Reach max iteration 50 | best_iter=13
roberta,sum,fb237_v1_ind_seed7005,200,500.0,16,7005,0.4836,0.519,0.5391,0.626,0.6486,0.519,0.7381,0.8714,102.9,Reach max iteration 50 | best_iter=30
roberta,sum,fb237_v1_ind_seed7009,200,500.0,16,7009,0.5228,0.5797,0.5445,0.6605,0.6938,0.5797,0.7729,0.8744,103.8,Reach max iteration 50 | best_iter=21
roberta,sum,fb237_v1_ind_seed7001,200,500.0,32,7001,0.6114,0.5654,0.5879,0.7219,0.6974,0.5654,0.7897,0.9206,105.0,Reach max iteration 50 | best_iter=17
roberta,sum,fb237_v1_ind_seed7005,200,500.0,32,7005,0.5587,0.5619,0.5987,0.6958,0.6964,0.5619,0.7857,0.9,103.7,Reach max iteration 50 | best_iter=12
roberta,sum,fb237_v1_ind_seed7009,200,500.0,32,7009,0.5838,0.628,0.599,0.7084,0.7402,0.628,0.8213,0.913,103.8,Reach max iteration 50 | best_iter=29
roberta,sum,fb237_v1_ind_seed7001,200,500.0,48,7001,0.6218,0.5794,0.6254,0.734,0.7111,0.5794,0.8084,0.9299,105.3,Reach max iteration 50 | best_iter=40
roberta,sum,fb237_v1_ind_seed7005,200,500.0,48,7005,0.6244,0.5952,0.627,0.7397,0.7217,0.5952,0.8048,0.9095,106.7,Reach max iteration 50 | best_iter=44
roberta,sum,fb237_v1_ind_seed7009,200,500.0,48,7009,0.6091,0.6763,0.6405,0.7322,0.7736,0.6763,0.8406,0.9275,105.6,Reach max iteration 50 | best_iter=14
roberta,sum,fb237_v1_ind_seed7001,200,500.0,64,7001,0.6736,0.6075,0.644,0.7702,0.7304,0.6075,0.8131,0.9439,109.3,Reach max iteration 50 | best_iter=34
roberta,sum,fb237_v1_ind_seed7005,200,500.0,64,7005,0.6056,0.5857,0.632,0.7293,0.7123,0.5857,0.7857,0.9048,108.4,Reach max iteration 50 | best_iter=9
roberta,sum,fb237_v1_ind_seed7009,200,500.0,64,7009,0.6294,0.686,0.6565,0.7431,0.7802,0.686,0.8502,0.9275,108.6,Reach max iteration 50 | best_iter=39
roberta,sum,fb237_v1_ind_seed7001,200,500.0,80,7001,0.6839,0.6168,0.666,0.7845,0.741,0.6168,0.8364,0.9439,123.3,Reach max iteration 50 | best_iter=12
roberta,sum,fb237_v1_ind_seed7005,200,500.0,80,7005,0.6291,0.6095,0.6658,0.7522,0.7356,0.6095,0.8143,0.9333,124.9,Reach max iteration 50 | best_iter=18
roberta,sum,fb237_v1_ind_seed7009,200,500.0,80,7009,0.6244,0.7005,0.662,0.7451,0.7946,0.7005,0.8551,0.9469,124.6,Reach max iteration 50 | best_iter=47
roberta,sum,fb237_v1_ind_seed7001,200,500.0,96,7001,0.7047,0.6402,0.688,0.7952,0.7592,0.6402,0.8505,0.9533,136.3,Reach max iteration 50 | best_iter=18
roberta,sum,fb237_v1_ind_seed7005,200,500.0,96,7005,0.662,0.6286,0.6795,0.7709,0.7474,0.6286,0.819,0.9429,122.2,Reach max iteration 50 | best_iter=45
roberta,sum,fb237_v1_ind_seed7009,200,500.0,96,7009,0.6345,0.6812,0.6815,0.7493,0.7896,0.6812,0.8841,0.9469,137.5,Reach max iteration 50 | best_iter=38
roberta,sum,fb237_v1_ind_seed7001,200,1000.0,16,7001,0.3938,0.3178,0.3435,0.5071,0.4744,0.3178,0.5748,0.729,104.4,Reach max iteration 50 | best_iter=29
roberta,sum,fb237_v1_ind_seed7005,200,1000.0,16,7005,0.3099,0.281,0.316,0.455,0.4434,0.281,0.5476,0.7667,75.4,Reach max iteration 50 | best_iter=1
roberta,sum,fb237_v1_ind_seed7009,200,1000.0,16,7009,0.2284,0.2802,0.2495,0.3753,0.4145,0.2802,0.4638,0.6812,80.4,Reach max iteration 50 | best_iter=30
roberta,sum,fb237_v1_ind_seed7001,200,1000.0,32,7001,0.4404,0.4112,0.4352,0.5612,0.5568,0.4112,0.6449,0.7804,103.9,Reach max iteration 50 | best_iter=20
roberta,sum,fb237_v1_ind_seed7005,200,1000.0,32,7005,0.3944,0.3952,0.4286,0.5199,0.5351,0.3952,0.6,0.819,100.8,Reach max iteration 50 | best_iter=28
roberta,sum,fb237_v1_ind_seed7009,200,1000.0,32,7009,0.4264,0.4589,0.4305,0.5596,0.5794,0.4589,0.6522,0.8309,100.2,Reach max iteration 50 | best_iter=29
roberta,sum,fb237_v1_ind_seed7001,200,1000.0,48,7001,0.4767,0.4439,0.4642,0.615,0.5926,0.4439,0.6963,0.8131,100.0,Reach max iteration 50 | best_iter=50
roberta,sum,fb237_v1_ind_seed7005,200,1000.0,48,7005,0.4319,0.481,0.4907,0.5699,0.6087,0.481,0.681,0.8286,98.5,Reach max iteration 50 | best_iter=20
roberta,sum,fb237_v1_ind_seed7009,200,1000.0,48,7009,0.4467,0.4734,0.462,0.5842,0.6011,0.4734,0.6763,0.8406,100.9,Reach max iteration 50 | best_iter=41
roberta,sum,fb237_v1_ind_seed7001,200,1000.0,64,7001,0.4974,0.4673,0.4852,0.6328,0.6092,0.4673,0.7056,0.8224,101.6,Reach max iteration 50 | best_iter=50
roberta,sum,fb237_v1_ind_seed7005,200,1000.0,64,7005,0.4319,0.4619,0.478,0.5681,0.5929,0.4619,0.6619,0.8286,101.9,Reach max iteration 50 | best_iter=36
roberta,sum,fb237_v1_ind_seed7009,200,1000.0,64,7009,0.4619,0.4783,0.47,0.5975,0.609,0.4783,0.6908,0.8454,101.1,Reach max iteration 50 | best_iter=48
roberta,sum,fb237_v1_ind_seed7001,200,1000.0,80,7001,0.4819,0.4626,0.4667,0.6129,0.601,0.4626,0.6776,0.8364,104.5,Reach max iteration 50 | best_iter=31
roberta,sum,fb237_v1_ind_seed7005,200,1000.0,80,7005,0.4554,0.4952,0.5073,0.5975,0.6302,0.4952,0.7095,0.8667,102.6,Reach max iteration 50 | best_iter=50
roberta,sum,fb237_v1_ind_seed7009,200,1000.0,80,7009,0.4975,0.5217,0.5065,0.6312,0.6581,0.5217,0.7633,0.8792,101.9,Reach max iteration 50 | best_iter=50
roberta,sum,fb237_v1_ind_seed7001,200,1000.0,96,7001,0.5337,0.5234,0.5158,0.6571,0.6454,0.5234,0.715,0.8692,103.6,Reach max iteration 50 | best_iter=26
roberta,sum,fb237_v1_ind_seed7005,200,1000.0,96,7005,0.4695,0.5095,0.53,0.6127,0.6389,0.5095,0.719,0.8667,101.9,Reach max iteration 50 | best_iter=26
roberta,sum,fb237_v1_ind_seed7009,200,1000.0,96,7009,0.5178,0.5604,0.523,0.6428,0.6789,0.5604,0.7633,0.8744,102.7,Reach max iteration 50 | best_iter=43
