model,aggregation,version,k,lambda,bias,seed,valid_acc,test_acc,train_acc,valid_mrr,test_mrr,hits_1,hits_3,hits_10,train_time,convergence
roberta,sum,fb237_v2_ind_seed7001,50,1.0,16,7001,0.5662,0.5864,0.9154,0.7145,0.7246,0.5864,0.8337,0.9467,149.8,Reach max iteration 50 | best_iter=50
roberta,sum,fb237_v2_ind_seed7005,50,1.0,16,7005,0.6126,0.5693,0.9123,0.748,0.7238,0.5693,0.8529,0.9454,139.4,Reach max iteration 50 | best_iter=49
roberta,sum,fb237_v2_ind_seed7009,50,1.0,16,7009,0.546,0.5539,0.9144,0.7087,0.707,0.5539,0.8254,0.9375,135.6,Reach max iteration 50 | best_iter=48
roberta,sum,fb237_v2_ind_seed7001,50,1.0,32,7001,0.5835,0.5778,0.9154,0.7292,0.7269,0.5778,0.8614,0.9488,139.2,Reach max iteration 50 | best_iter=40
roberta,sum,fb237_v2_ind_seed7005,50,1.0,32,7005,0.6126,0.6071,0.7882,0.7312,0.7344,0.6071,0.8361,0.916,137.7,Reach max iteration 50 | best_iter=2
roberta,sum,fb237_v2_ind_seed7009,50,1.0,32,7009,0.5546,0.5841,0.8493,0.7088,0.7187,0.5841,0.8276,0.9138,139.2,Reach max iteration 50 | best_iter=2
roberta,sum,fb237_v2_ind_seed7001,50,1.0,48,7001,0.6161,0.6119,0.8253,0.7508,0.7448,0.6119,0.8486,0.951,136.7,Reach max iteration 50 | best_iter=3
roberta,sum,fb237_v2_ind_seed7005,50,1.0,48,7005,0.5916,0.5735,0.9123,0.7395,0.7234,0.5735,0.855,0.937,140.1,Reach max iteration 50 | best_iter=43
roberta,sum,fb237_v2_ind_seed7009,50,1.0,48,7009,0.561,0.569,0.8515,0.7111,0.7069,0.569,0.8082,0.9116,139.5,Reach max iteration 50 | best_iter=2
roberta,sum,fb237_v2_ind_seed7001,50,1.0,64,7001,0.5879,0.5928,0.9154,0.729,0.73,0.5928,0.8443,0.9403,138.5,Reach max iteration 50 | best_iter=50
roberta,sum,fb237_v2_ind_seed7005,50,1.0,64,7005,0.6337,0.6155,0.8464,0.7581,0.7442,0.6155,0.8571,0.9349,139.0,Reach max iteration 50 | best_iter=2
roberta,sum,fb237_v2_ind_seed7009,50,1.0,64,7009,0.546,0.5517,0.9144,0.7031,0.7006,0.5517,0.8233,0.9332,141.6,Reach max iteration 50 | best_iter=34
roberta,sum,fb237_v2_ind_seed7001,50,1.0,80,7001,0.603,0.5949,0.7283,0.7337,0.7213,0.5949,0.8188,0.9211,140.0,Reach max iteration 50 | best_iter=1
roberta,sum,fb237_v2_ind_seed7005,50,1.0,80,7005,0.6189,0.5987,0.8713,0.7507,0.7433,0.5987,0.8761,0.9328,139.3,Reach max iteration 50 | best_iter=2
roberta,sum,fb237_v2_ind_seed7009,50,1.0,80,7009,0.561,0.6099,0.826,0.7114,0.733,0.6099,0.8276,0.9267,138.2,Reach max iteration 50 | best_iter=2
roberta,sum,fb237_v2_ind_seed7001,50,1.0,96,7001,0.6117,0.629,0.8395,0.7531,0.7561,0.629,0.8593,0.9531,138.4,Reach max iteration 50 | best_iter=2
roberta,sum,fb237_v2_ind_seed7005,50,1.0,96,7005,0.6084,0.6155,0.8889,0.7523,0.7495,0.6155,0.8718,0.9433,137.0,Reach max iteration 50 | best_iter=4
roberta,sum,fb237_v2_ind_seed7009,50,1.0,96,7009,0.5996,0.5776,0.7289,0.7303,0.705,0.5776,0.8017,0.9138,139.0,Reach max iteration 50 | best_iter=1
roberta,sum,fb237_v2_ind_seed7001,50,5.0,16,7001,0.603,0.5991,0.9154,0.7513,0.7431,0.5991,0.8678,0.9595,140.9,Reach max iteration 50 | best_iter=37
roberta,sum,fb237_v2_ind_seed7005,50,5.0,16,7005,0.6337,0.5903,0.9121,0.7651,0.7408,0.5903,0.8739,0.958,140.7,Reach max iteration 50 | best_iter=32
roberta,sum,fb237_v2_ind_seed7009,50,5.0,16,7009,0.5589,0.556,0.913,0.7148,0.7136,0.556,0.8427,0.9526,139.4,Reach max iteration 50 | best_iter=5
roberta,sum,fb237_v2_ind_seed7001,50,5.0,32,7001,0.6226,0.5864,0.9149,0.7583,0.7363,0.5864,0.8699,0.9595,141.8,Reach max iteration 50 | best_iter=22
roberta,sum,fb237_v2_ind_seed7005,50,5.0,32,7005,0.64,0.5756,0.9121,0.7683,0.7361,0.5756,0.895,0.9496,140.6,Reach max iteration 50 | best_iter=49
roberta,sum,fb237_v2_ind_seed7009,50,5.0,32,7009,0.5782,0.5754,0.9142,0.7274,0.7229,0.5754,0.8491,0.9397,139.7,Reach max iteration 50 | best_iter=41
roberta,sum,fb237_v2_ind_seed7001,50,5.0,48,7001,0.6117,0.6055,0.9152,0.7575,0.75,0.6055,0.8742,0.9638,135.9,Reach max iteration 50 | best_iter=44
roberta,sum,fb237_v2_ind_seed7005,50,5.0,48,7005,0.6316,0.5987,0.9121,0.7702,0.7501,0.5987,0.8845,0.9538,141.1,Reach max iteration 50 | best_iter=34
roberta,sum,fb237_v2_ind_seed7009,50,5.0,48,7009,0.5482,0.5603,0.9144,0.715,0.7124,0.5603,0.8384,0.9483,140.8,Reach max iteration 50 | best_iter=48
roberta,sum,fb237_v2_ind_seed7001,50,5.0,64,7001,0.6377,0.6055,0.7953,0.7496,0.7351,0.6055,0.8422,0.9467,134.7,Reach max iteration 50 | best_iter=2
roberta,sum,fb237_v2_ind_seed7005,50,5.0,64,7005,0.6105,0.5924,0.9119,0.756,0.7434,0.5924,0.8824,0.9538,136.9,Reach max iteration 50 | best_iter=49
roberta,sum,fb237_v2_ind_seed7009,50,5.0,64,7009,0.5589,0.5884,0.8522,0.7199,0.7253,0.5884,0.8341,0.931,137.0,Reach max iteration 50 | best_iter=2
roberta,sum,fb237_v2_ind_seed7001,50,5.0,80,7001,0.6291,0.5928,0.9152,0.7681,0.7449,0.5928,0.8763,0.9552,136.9,Reach max iteration 50 | best_iter=49
roberta,sum,fb237_v2_ind_seed7005,50,5.0,80,7005,0.6379,0.5882,0.9121,0.7702,0.7446,0.5882,0.8845,0.9601,137.0,Reach max iteration 50 | best_iter=45
roberta,sum,fb237_v2_ind_seed7009,50,5.0,80,7009,0.5739,0.5927,0.8806,0.7266,0.7313,0.5927,0.847,0.944,138.9,Reach max iteration 50 | best_iter=3
roberta,sum,fb237_v2_ind_seed7001,50,5.0,96,7001,0.6269,0.6055,0.9152,0.766,0.746,0.6055,0.8678,0.9552,139.3,Reach max iteration 50 | best_iter=49
roberta,sum,fb237_v2_ind_seed7005,50,5.0,96,7005,0.6316,0.6366,0.871,0.7697,0.7692,0.6366,0.8824,0.9538,137.1,Reach max iteration 50 | best_iter=3
roberta,sum,fb237_v2_ind_seed7009,50,5.0,96,7009,0.6081,0.6121,0.7123,0.7338,0.7273,0.6121,0.819,0.9116,138.1,Reach max iteration 50 | best_iter=1
roberta,sum,fb237_v2_ind_seed7001,50,10.0,16,7001,0.6161,0.6055,0.9147,0.7573,0.7526,0.6055,0.8891,0.968,137.5,Reach max iteration 50 | best_iter=50
roberta,sum,fb237_v2_ind_seed7005,50,10.0,16,7005,0.6232,0.5861,0.9119,0.7639,0.7407,0.5861,0.8824,0.9538,138.1,Reach max iteration 50 | best_iter=50
roberta,sum,fb237_v2_ind_seed7009,50,10.0,16,7009,0.5782,0.5711,0.9137,0.7326,0.723,0.5711,0.8534,0.9526,137.5,Reach max iteration 50 | best_iter=37
roberta,sum,fb237_v2_ind_seed7001,50,10.0,32,7001,0.6247,0.6098,0.9149,0.7694,0.7555,0.6098,0.8763,0.968,138.5,Reach max iteration 50 | best_iter=45
roberta,sum,fb237_v2_ind_seed7005,50,10.0,32,7005,0.6421,0.5924,0.9121,0.772,0.7442,0.5924,0.8824,0.9559,138.5,Reach max iteration 50 | best_iter=50
roberta,sum,fb237_v2_ind_seed7009,50,10.0,32,7009,0.5739,0.5884,0.9142,0.7312,0.7308,0.5884,0.8491,0.9569,138.0,Reach max iteration 50 | best_iter=47
roberta,sum,fb237_v2_ind_seed7001,50,10.0,48,7001,0.6247,0.6247,0.9149,0.768,0.7611,0.6247,0.8763,0.9701,137.0,Reach max iteration 50 | best_iter=48
roberta,sum,fb237_v2_ind_seed7005,50,10.0,48,7005,0.6358,0.6008,0.9119,0.7734,0.7521,0.6008,0.8866,0.9622,139.1,Reach max iteration 50 | best_iter=20
roberta,sum,fb237_v2_ind_seed7009,50,10.0,48,7009,0.5739,0.5668,0.9135,0.7327,0.7228,0.5668,0.8599,0.9461,138.0,Reach max iteration 50 | best_iter=27
roberta,sum,fb237_v2_ind_seed7001,50,10.0,64,7001,0.6182,0.6183,0.9149,0.7629,0.7636,0.6183,0.8849,0.9723,138.0,Reach max iteration 50 | best_iter=49
roberta,sum,fb237_v2_ind_seed7005,50,10.0,64,7005,0.6568,0.5966,0.9116,0.7848,0.7504,0.5966,0.8866,0.958,136.9,Reach max iteration 50 | best_iter=49
roberta,sum,fb237_v2_ind_seed7009,50,10.0,64,7009,0.5824,0.6013,0.914,0.7402,0.7445,0.6013,0.8728,0.9569,136.1,Reach max iteration 50 | best_iter=50
roberta,sum,fb237_v2_ind_seed7001,50,10.0,80,7001,0.6161,0.6247,0.9149,0.762,0.7688,0.6247,0.8998,0.968,138.0,Reach max iteration 50 | best_iter=49
roberta,sum,fb237_v2_ind_seed7005,50,10.0,80,7005,0.6442,0.605,0.9114,0.7748,0.7559,0.605,0.8908,0.9664,138.1,Reach max iteration 50 | best_iter=17
roberta,sum,fb237_v2_ind_seed7009,50,10.0,80,7009,0.591,0.6013,0.8532,0.7385,0.7345,0.6013,0.847,0.9353,138.7,Reach max iteration 50 | best_iter=2
roberta,sum,fb237_v2_ind_seed7001,50,10.0,96,7001,0.6226,0.6119,0.9149,0.7679,0.7538,0.6119,0.8806,0.9552,139.2,Reach max iteration 50 | best_iter=50
roberta,sum,fb237_v2_ind_seed7005,50,10.0,96,7005,0.6295,0.5882,0.9119,0.7727,0.748,0.5882,0.8908,0.9622,136.5,Reach max iteration 50 | best_iter=48
roberta,sum,fb237_v2_ind_seed7009,50,10.0,96,7009,0.6081,0.6121,0.7308,0.7363,0.7313,0.6121,0.8233,0.9116,137.4,Reach max iteration 50 | best_iter=1
roberta,sum,fb237_v2_ind_seed7001,50,50.0,16,7001,0.6464,0.6333,0.8883,0.7839,0.7747,0.6333,0.9083,0.9787,137.6,Reach max iteration 50 | best_iter=26
roberta,sum,fb237_v2_ind_seed7005,50,50.0,16,7005,0.6821,0.6408,0.8851,0.8017,0.7825,0.6408,0.9223,0.9706,138.3,Reach max iteration 50 | best_iter=35
roberta,sum,fb237_v2_ind_seed7009,50,50.0,16,7009,0.6081,0.6207,0.8596,0.7609,0.756,0.6207,0.8599,0.9655,138.5,Reach max iteration 50 | best_iter=3
roberta,sum,fb237_v2_ind_seed7001,50,50.0,32,7001,0.6616,0.6461,0.8854,0.7976,0.7826,0.6461,0.9062,0.9744,138.1,Reach max iteration 50 | best_iter=8
roberta,sum,fb237_v2_ind_seed7005,50,50.0,32,7005,0.6779,0.6345,0.8889,0.8052,0.7798,0.6345,0.9097,0.9769,138.1,Reach max iteration 50 | best_iter=47
roberta,sum,fb237_v2_ind_seed7009,50,50.0,32,7009,0.6231,0.5991,0.8589,0.7722,0.7484,0.5991,0.8772,0.9569,137.7,Reach max iteration 50 | best_iter=3
roberta,sum,fb237_v2_ind_seed7001,50,50.0,48,7001,0.6616,0.6503,0.8873,0.7962,0.7847,0.6503,0.9062,0.9808,138.7,Reach max iteration 50 | best_iter=9
roberta,sum,fb237_v2_ind_seed7005,50,50.0,48,7005,0.68,0.6555,0.8418,0.8056,0.7922,0.6555,0.9139,0.9727,137.8,Reach max iteration 50 | best_iter=3
roberta,sum,fb237_v2_ind_seed7009,50,50.0,48,7009,0.6167,0.6142,0.8546,0.7634,0.7551,0.6142,0.875,0.9634,139.1,Reach max iteration 50 | best_iter=3
roberta,sum,fb237_v2_ind_seed7001,50,50.0,64,7001,0.6659,0.6439,0.8546,0.7929,0.778,0.6439,0.9062,0.9723,138.9,Reach max iteration 50 | best_iter=3
roberta,sum,fb237_v2_ind_seed7005,50,50.0,64,7005,0.6695,0.6534,0.8834,0.7984,0.7921,0.6534,0.9244,0.9769,138.6,Reach max iteration 50 | best_iter=14
roberta,sum,fb237_v2_ind_seed7009,50,50.0,64,7009,0.6146,0.6185,0.8899,0.7678,0.7616,0.6185,0.8858,0.9677,139.1,Reach max iteration 50 | best_iter=8
roberta,sum,fb237_v2_ind_seed7001,50,50.0,80,7001,0.6616,0.6418,0.8964,0.7969,0.7851,0.6418,0.919,0.9808,139.0,Reach max iteration 50 | best_iter=43
roberta,sum,fb237_v2_ind_seed7005,50,50.0,80,7005,0.6926,0.6597,0.8645,0.808,0.7929,0.6597,0.9181,0.9748,139.9,Reach max iteration 50 | best_iter=4
roberta,sum,fb237_v2_ind_seed7009,50,50.0,80,7009,0.6124,0.6207,0.8606,0.7639,0.7585,0.6207,0.8621,0.9612,139.7,Reach max iteration 50 | best_iter=3
roberta,sum,fb237_v2_ind_seed7001,50,50.0,96,7001,0.6681,0.6333,0.8969,0.7986,0.7792,0.6333,0.9104,0.9808,139.4,Reach max iteration 50 | best_iter=31
roberta,sum,fb237_v2_ind_seed7005,50,50.0,96,7005,0.68,0.6408,0.8879,0.8046,0.7829,0.6408,0.9118,0.9727,137.3,Reach max iteration 50 | best_iter=20
roberta,sum,fb237_v2_ind_seed7009,50,50.0,96,7009,0.621,0.6164,0.876,0.771,0.7543,0.6164,0.8707,0.9591,137.5,Reach max iteration 50 | best_iter=5
roberta,sum,fb237_v2_ind_seed7001,50,100.0,16,7001,0.6898,0.6674,0.8179,0.8104,0.7956,0.6674,0.9083,0.9829,137.4,Reach max iteration 50 | best_iter=33
roberta,sum,fb237_v2_ind_seed7005,50,100.0,16,7005,0.6989,0.6681,0.8112,0.8103,0.7969,0.6681,0.916,0.9727,138.0,Reach max iteration 50 | best_iter=11
roberta,sum,fb237_v2_ind_seed7009,50,100.0,16,7009,0.6488,0.6444,0.8214,0.7837,0.7726,0.6444,0.8793,0.9612,138.8,Reach max iteration 50 | best_iter=50
roberta,sum,fb237_v2_ind_seed7001,50,100.0,32,7001,0.6811,0.661,0.8208,0.807,0.7938,0.661,0.9168,0.9851,138.6,Reach max iteration 50 | best_iter=6
roberta,sum,fb237_v2_ind_seed7005,50,100.0,32,7005,0.6989,0.6765,0.822,0.8148,0.8034,0.6765,0.9202,0.9769,138.4,Reach max iteration 50 | best_iter=13
roberta,sum,fb237_v2_ind_seed7009,50,100.0,32,7009,0.636,0.6487,0.8351,0.7801,0.7786,0.6487,0.8922,0.9784,139.7,Reach max iteration 50 | best_iter=45
roberta,sum,fb237_v2_ind_seed7001,50,100.0,48,7001,0.6833,0.678,0.8126,0.8079,0.8029,0.678,0.9104,0.9829,139.2,Reach max iteration 50 | best_iter=4
roberta,sum,fb237_v2_ind_seed7005,50,100.0,48,7005,0.7011,0.6744,0.8056,0.8126,0.7986,0.6744,0.9181,0.9685,139.4,Reach max iteration 50 | best_iter=4
roberta,sum,fb237_v2_ind_seed7009,50,100.0,48,7009,0.6296,0.6336,0.8092,0.7732,0.7657,0.6336,0.8707,0.972,140.4,Reach max iteration 50 | best_iter=3
roberta,sum,fb237_v2_ind_seed7001,50,100.0,64,7001,0.6725,0.6716,0.8186,0.8037,0.8008,0.6716,0.9126,0.9872,139.7,Reach max iteration 50 | best_iter=4
roberta,sum,fb237_v2_ind_seed7005,50,100.0,64,7005,0.7095,0.6744,0.8317,0.8187,0.8024,0.6744,0.9181,0.979,136.8,Reach max iteration 50 | best_iter=46
roberta,sum,fb237_v2_ind_seed7009,50,100.0,64,7009,0.636,0.6422,0.8488,0.7816,0.7756,0.6422,0.8858,0.9698,138.8,Reach max iteration 50 | best_iter=22
roberta,sum,fb237_v2_ind_seed7001,50,100.0,80,7001,0.6768,0.678,0.8388,0.8064,0.8047,0.678,0.9211,0.9851,138.7,Reach max iteration 50 | best_iter=8
roberta,sum,fb237_v2_ind_seed7005,50,100.0,80,7005,0.7032,0.6891,0.8269,0.8154,0.8115,0.6891,0.9223,0.9748,139.3,Reach max iteration 50 | best_iter=7
roberta,sum,fb237_v2_ind_seed7009,50,100.0,80,7009,0.636,0.6379,0.8246,0.7788,0.7695,0.6379,0.8707,0.9741,139.9,Reach max iteration 50 | best_iter=4
roberta,sum,fb237_v2_ind_seed7001,50,100.0,96,7001,0.6833,0.6759,0.8224,0.8085,0.7987,0.6759,0.9104,0.9829,139.5,Reach max iteration 50 | best_iter=4
roberta,sum,fb237_v2_ind_seed7005,50,100.0,96,7005,0.7032,0.6807,0.8438,0.8159,0.8085,0.6807,0.9265,0.9769,137.8,Reach max iteration 50 | best_iter=45
roberta,sum,fb237_v2_ind_seed7009,50,100.0,96,7009,0.636,0.6487,0.8565,0.7807,0.7758,0.6487,0.8772,0.9677,139.6,Reach max iteration 50 | best_iter=32
roberta,sum,fb237_v2_ind_seed7001,50,500.0,16,7001,0.6204,0.6141,0.6199,0.7388,0.7304,0.6141,0.8209,0.9211,69.0,Reach max iteration 50 | best_iter=21
roberta,sum,fb237_v2_ind_seed7005,50,500.0,16,7005,0.5979,0.6176,0.6175,0.721,0.7395,0.6176,0.834,0.9349,69.6,Reach max iteration 50 | best_iter=9
roberta,sum,fb237_v2_ind_seed7009,50,500.0,16,7009,0.5824,0.5754,0.6215,0.7129,0.7018,0.5754,0.7931,0.8987,68.6,Reach max iteration 50 | best_iter=11
roberta,sum,fb237_v2_ind_seed7001,50,500.0,32,7001,0.6226,0.6503,0.6557,0.7541,0.7617,0.6503,0.8443,0.9531,76.7,Reach max iteration 50 | best_iter=44
roberta,sum,fb237_v2_ind_seed7005,50,500.0,32,7005,0.6253,0.6471,0.6573,0.7442,0.7645,0.6471,0.8592,0.9454,79.0,Reach max iteration 50 | best_iter=17
roberta,sum,fb237_v2_ind_seed7009,50,500.0,32,7009,0.6167,0.5905,0.6494,0.741,0.7163,0.5905,0.8082,0.9224,79.9,Reach max iteration 50 | best_iter=50
roberta,sum,fb237_v2_ind_seed7001,50,500.0,48,7001,0.6312,0.6631,0.6756,0.762,0.7723,0.6631,0.8571,0.9531,91.9,Reach max iteration 50 | best_iter=12
roberta,sum,fb237_v2_ind_seed7005,50,500.0,48,7005,0.6358,0.645,0.6667,0.7555,0.7649,0.645,0.8571,0.9475,90.9,Reach max iteration 50 | best_iter=11
roberta,sum,fb237_v2_ind_seed7009,50,500.0,48,7009,0.6403,0.6078,0.6693,0.7608,0.7329,0.6078,0.8297,0.9353,92.0,Reach max iteration 50 | best_iter=13
roberta,sum,fb237_v2_ind_seed7001,50,500.0,64,7001,0.6443,0.6567,0.6824,0.7718,0.7708,0.6567,0.8635,0.9531,100.5,Reach max iteration 50 | best_iter=9
roberta,sum,fb237_v2_ind_seed7005,50,500.0,64,7005,0.6505,0.6534,0.6815,0.7649,0.774,0.6534,0.8761,0.958,93.1,Reach max iteration 50 | best_iter=13
roberta,sum,fb237_v2_ind_seed7009,50,500.0,64,7009,0.6531,0.6078,0.676,0.7684,0.7353,0.6078,0.8362,0.9353,98.1,Reach max iteration 50 | best_iter=41
roberta,sum,fb237_v2_ind_seed7001,50,500.0,80,7001,0.6334,0.6652,0.6934,0.7665,0.7796,0.6652,0.8742,0.9574,105.9,Reach max iteration 50 | best_iter=12
roberta,sum,fb237_v2_ind_seed7005,50,500.0,80,7005,0.6568,0.6576,0.6858,0.7734,0.7779,0.6576,0.8761,0.9643,105.3,Reach max iteration 50 | best_iter=32
roberta,sum,fb237_v2_ind_seed7009,50,500.0,80,7009,0.6445,0.6228,0.6871,0.7686,0.747,0.6228,0.847,0.9418,103.4,Reach max iteration 50 | best_iter=50
roberta,sum,fb237_v2_ind_seed7001,50,500.0,96,7001,0.6464,0.6631,0.698,0.7729,0.7797,0.6631,0.8721,0.9595,117.3,Reach max iteration 50 | best_iter=10
roberta,sum,fb237_v2_ind_seed7005,50,500.0,96,7005,0.6716,0.6702,0.6936,0.7803,0.7862,0.6702,0.8887,0.9622,120.5,Reach max iteration 50 | best_iter=10
roberta,sum,fb237_v2_ind_seed7009,50,500.0,96,7009,0.6424,0.6207,0.6948,0.7679,0.7455,0.6207,0.847,0.9397,120.5,Reach max iteration 50 | best_iter=23
roberta,sum,fb237_v2_ind_seed7001,50,1000.0,16,7001,0.5163,0.5267,0.4906,0.6328,0.6405,0.5267,0.7015,0.8273,69.1,Reach max iteration 50 | best_iter=48
roberta,sum,fb237_v2_ind_seed7005,50,1000.0,16,7005,0.5011,0.4937,0.496,0.6101,0.617,0.4937,0.6849,0.8235,70.7,Reach max iteration 50 | best_iter=13
roberta,sum,fb237_v2_ind_seed7009,50,1000.0,16,7009,0.5054,0.4806,0.504,0.626,0.598,0.4806,0.6638,0.7974,69.9,Reach max iteration 50 | best_iter=26
roberta,sum,fb237_v2_ind_seed7001,50,1000.0,32,7001,0.5488,0.5608,0.5255,0.6703,0.676,0.5608,0.7441,0.8614,70.8,Reach max iteration 50 | best_iter=45
roberta,sum,fb237_v2_ind_seed7005,50,1000.0,32,7005,0.5116,0.5378,0.5192,0.6395,0.6618,0.5378,0.7416,0.8697,69.5,Reach max iteration 50 | best_iter=15
roberta,sum,fb237_v2_ind_seed7009,50,1000.0,32,7009,0.5203,0.5172,0.5268,0.6508,0.6411,0.5172,0.7155,0.8642,69.1,Reach max iteration 50 | best_iter=19
roberta,sum,fb237_v2_ind_seed7001,50,1000.0,48,7001,0.5531,0.565,0.5418,0.6831,0.6865,0.565,0.7719,0.8699,71.0,Reach max iteration 50 | best_iter=22
roberta,sum,fb237_v2_ind_seed7005,50,1000.0,48,7005,0.5474,0.5483,0.5508,0.6742,0.6838,0.5483,0.7836,0.8929,70.9,Reach max iteration 50 | best_iter=17
roberta,sum,fb237_v2_ind_seed7009,50,1000.0,48,7009,0.5482,0.528,0.5568,0.6718,0.662,0.528,0.7478,0.8858,71.4,Reach max iteration 50 | best_iter=12
roberta,sum,fb237_v2_ind_seed7001,50,1000.0,64,7001,0.5705,0.6034,0.5764,0.704,0.7179,0.6034,0.7953,0.8977,75.0,Reach max iteration 50 | best_iter=23
roberta,sum,fb237_v2_ind_seed7005,50,1000.0,64,7005,0.5558,0.5714,0.5624,0.6791,0.696,0.5714,0.7752,0.8887,73.2,Reach max iteration 50 | best_iter=50
roberta,sum,fb237_v2_ind_seed7009,50,1000.0,64,7009,0.5696,0.5388,0.577,0.6905,0.6665,0.5388,0.7586,0.8922,72.4,Reach max iteration 50 | best_iter=50
roberta,sum,fb237_v2_ind_seed7001,50,1000.0,80,7001,0.5683,0.5842,0.5771,0.7004,0.7059,0.5842,0.7932,0.8998,75.9,Reach max iteration 50 | best_iter=7
roberta,sum,fb237_v2_ind_seed7005,50,1000.0,80,7005,0.5579,0.5777,0.5863,0.692,0.712,0.5777,0.813,0.9223,77.8,Reach max iteration 50 | best_iter=18
roberta,sum,fb237_v2_ind_seed7009,50,1000.0,80,7009,0.5717,0.5388,0.5886,0.6984,0.6719,0.5388,0.7694,0.9009,97.5,Reach max iteration 50 | best_iter=39
roberta,sum,fb237_v2_ind_seed7001,50,1000.0,96,7001,0.577,0.6034,0.5867,0.7123,0.7198,0.6034,0.8017,0.9126,87.9,Reach max iteration 50 | best_iter=49
roberta,sum,fb237_v2_ind_seed7005,50,1000.0,96,7005,0.5811,0.6008,0.5953,0.7037,0.7238,0.6008,0.813,0.9244,87.8,Reach max iteration 50 | best_iter=14
roberta,sum,fb237_v2_ind_seed7009,50,1000.0,96,7009,0.5824,0.5474,0.5955,0.7072,0.6812,0.5474,0.7759,0.9181,84.6,Reach max iteration 50 | best_iter=25
roberta,sum,fb237_v2_ind_seed7001,75,1.0,16,7001,0.5879,0.5906,0.9154,0.7332,0.7388,0.5906,0.8742,0.9446,195.0,Reach max iteration 50 | best_iter=49
roberta,sum,fb237_v2_ind_seed7005,75,1.0,16,7005,0.6105,0.5651,0.9126,0.7494,0.7241,0.5651,0.8739,0.937,188.6,Reach max iteration 50 | best_iter=50
roberta,sum,fb237_v2_ind_seed7009,75,1.0,16,7009,0.5546,0.5582,0.9147,0.7133,0.7085,0.5582,0.8319,0.9353,194.6,Reach max iteration 50 | best_iter=49
roberta,sum,fb237_v2_ind_seed7001,75,1.0,32,7001,0.5727,0.5949,0.9154,0.7268,0.7343,0.5949,0.8593,0.9424,188.6,Reach max iteration 50 | best_iter=50
roberta,sum,fb237_v2_ind_seed7005,75,1.0,32,7005,0.6147,0.5861,0.9123,0.7517,0.7354,0.5861,0.855,0.9601,194.2,Reach max iteration 50 | best_iter=48
roberta,sum,fb237_v2_ind_seed7009,75,1.0,32,7009,0.5482,0.5711,0.9147,0.7082,0.7176,0.5711,0.8362,0.9397,192.7,Reach max iteration 50 | best_iter=48
roberta,sum,fb237_v2_ind_seed7001,75,1.0,48,7001,0.6247,0.597,0.8724,0.7555,0.7359,0.597,0.8657,0.9488,192.2,Reach max iteration 50 | best_iter=2
roberta,sum,fb237_v2_ind_seed7005,75,1.0,48,7005,0.6189,0.5777,0.9123,0.7636,0.7345,0.5777,0.8739,0.958,195.6,Reach max iteration 50 | best_iter=48
roberta,sum,fb237_v2_ind_seed7009,75,1.0,48,7009,0.5567,0.5754,0.8721,0.714,0.7122,0.5754,0.8276,0.9138,190.3,Reach max iteration 50 | best_iter=4
roberta,sum,fb237_v2_ind_seed7001,75,1.0,64,7001,0.6226,0.6354,0.8316,0.7602,0.7631,0.6354,0.8785,0.9574,189.0,Reach max iteration 50 | best_iter=2
roberta,sum,fb237_v2_ind_seed7005,75,1.0,64,7005,0.6316,0.5987,0.907,0.7672,0.7443,0.5987,0.8782,0.9496,195.4,Reach max iteration 50 | best_iter=4
roberta,sum,fb237_v2_ind_seed7009,75,1.0,64,7009,0.5739,0.6207,0.788,0.7205,0.7384,0.6207,0.8362,0.9203,189.5,Reach max iteration 50 | best_iter=2
roberta,sum,fb237_v2_ind_seed7001,75,1.0,80,7001,0.6204,0.5842,0.8318,0.754,0.7306,0.5842,0.8443,0.9574,192.1,Reach max iteration 50 | best_iter=2
roberta,sum,fb237_v2_ind_seed7005,75,1.0,80,7005,0.6147,0.5924,0.9102,0.7512,0.7397,0.5924,0.8655,0.9517,194.0,Reach max iteration 50 | best_iter=6
roberta,sum,fb237_v2_ind_seed7009,75,1.0,80,7009,0.5803,0.5948,0.8551,0.7259,0.7284,0.5948,0.8297,0.931,193.2,Reach max iteration 50 | best_iter=3
roberta,sum,fb237_v2_ind_seed7001,75,1.0,96,7001,0.6095,0.5949,0.8931,0.7501,0.7398,0.5949,0.8593,0.9552,196.2,Reach max iteration 50 | best_iter=3
roberta,sum,fb237_v2_ind_seed7005,75,1.0,96,7005,0.6484,0.6471,0.8496,0.7755,0.7758,0.6471,0.8845,0.9538,190.6,Reach max iteration 50 | best_iter=2
roberta,sum,fb237_v2_ind_seed7009,75,1.0,96,7009,0.5996,0.5948,0.8318,0.7396,0.7345,0.5948,0.8427,0.944,187.3,Reach max iteration 50 | best_iter=2
roberta,sum,fb237_v2_ind_seed7001,75,5.0,16,7001,0.6095,0.6119,0.9152,0.7542,0.7538,0.6119,0.8849,0.9616,180.4,Reach max iteration 50 | best_iter=50
roberta,sum,fb237_v2_ind_seed7005,75,5.0,16,7005,0.6442,0.5924,0.9121,0.7737,0.7496,0.5924,0.895,0.9559,181.2,Reach max iteration 50 | best_iter=36
roberta,sum,fb237_v2_ind_seed7009,75,5.0,16,7009,0.5589,0.5754,0.9142,0.7211,0.7245,0.5754,0.8491,0.9526,186.6,Reach max iteration 50 | best_iter=26
roberta,sum,fb237_v2_ind_seed7001,75,5.0,32,7001,0.5944,0.6183,0.9154,0.7501,0.758,0.6183,0.8849,0.9595,183.1,Reach max iteration 50 | best_iter=48
roberta,sum,fb237_v2_ind_seed7005,75,5.0,32,7005,0.6484,0.5861,0.9119,0.7767,0.7454,0.5861,0.8866,0.9622,188.2,Reach max iteration 50 | best_iter=49
roberta,sum,fb237_v2_ind_seed7009,75,5.0,32,7009,0.5653,0.5711,0.9142,0.7241,0.7259,0.5711,0.8578,0.9547,188.3,Reach max iteration 50 | best_iter=47
roberta,sum,fb237_v2_ind_seed7001,75,5.0,48,7001,0.6117,0.6098,0.9152,0.7565,0.7516,0.6098,0.8763,0.9659,190.6,Reach max iteration 50 | best_iter=34
roberta,sum,fb237_v2_ind_seed7005,75,5.0,48,7005,0.6295,0.5966,0.9116,0.7706,0.7485,0.5966,0.8866,0.9559,191.0,Reach max iteration 50 | best_iter=9
roberta,sum,fb237_v2_ind_seed7009,75,5.0,48,7009,0.5717,0.5797,0.9142,0.7317,0.729,0.5797,0.8556,0.9461,187.8,Reach max iteration 50 | best_iter=49
roberta,sum,fb237_v2_ind_seed7001,75,5.0,64,7001,0.6247,0.6205,0.9152,0.7674,0.7585,0.6205,0.8721,0.9616,187.0,Reach max iteration 50 | best_iter=38
roberta,sum,fb237_v2_ind_seed7005,75,5.0,64,7005,0.6274,0.605,0.9119,0.7693,0.7522,0.605,0.8866,0.958,193.2,Reach max iteration 50 | best_iter=23
roberta,sum,fb237_v2_ind_seed7009,75,5.0,64,7009,0.576,0.5797,0.9142,0.7367,0.7302,0.5797,0.8556,0.9504,186.5,Reach max iteration 50 | best_iter=46
roberta,sum,fb237_v2_ind_seed7001,75,5.0,80,7001,0.6161,0.5906,0.9149,0.7644,0.7455,0.5906,0.8763,0.968,188.2,Reach max iteration 50 | best_iter=28
roberta,sum,fb237_v2_ind_seed7005,75,5.0,80,7005,0.6442,0.605,0.9121,0.7766,0.7545,0.605,0.8845,0.9643,192.3,Reach max iteration 50 | best_iter=50
roberta,sum,fb237_v2_ind_seed7009,75,5.0,80,7009,0.5653,0.5797,0.9142,0.7275,0.7342,0.5797,0.8621,0.9612,190.0,Reach max iteration 50 | best_iter=46
roberta,sum,fb237_v2_ind_seed7001,75,5.0,96,7001,0.6182,0.6183,0.9154,0.7624,0.7571,0.6183,0.8827,0.9616,192.1,Reach max iteration 50 | best_iter=50
roberta,sum,fb237_v2_ind_seed7005,75,5.0,96,7005,0.6274,0.6029,0.9119,0.7687,0.7544,0.6029,0.8908,0.9643,191.1,Reach max iteration 50 | best_iter=25
roberta,sum,fb237_v2_ind_seed7009,75,5.0,96,7009,0.5824,0.569,0.9142,0.7361,0.7228,0.569,0.8513,0.9461,189.6,Reach max iteration 50 | best_iter=33
roberta,sum,fb237_v2_ind_seed7001,75,10.0,16,7001,0.6117,0.6013,0.9149,0.758,0.7475,0.6013,0.8785,0.9659,186.3,Reach max iteration 50 | best_iter=39
roberta,sum,fb237_v2_ind_seed7005,75,10.0,16,7005,0.64,0.6008,0.9119,0.7722,0.7509,0.6008,0.8803,0.9622,190.2,Reach max iteration 50 | best_iter=50
roberta,sum,fb237_v2_ind_seed7009,75,10.0,16,7009,0.5717,0.5733,0.914,0.7313,0.7225,0.5733,0.8448,0.9353,186.7,Reach max iteration 50 | best_iter=24
roberta,sum,fb237_v2_ind_seed7001,75,10.0,32,7001,0.6139,0.6311,0.9147,0.7636,0.7695,0.6311,0.8998,0.9659,188.1,Reach max iteration 50 | best_iter=49
roberta,sum,fb237_v2_ind_seed7005,75,10.0,32,7005,0.6442,0.5966,0.9119,0.7811,0.7508,0.5966,0.8866,0.9664,188.0,Reach max iteration 50 | best_iter=32
roberta,sum,fb237_v2_ind_seed7009,75,10.0,32,7009,0.5717,0.5862,0.914,0.7322,0.735,0.5862,0.8642,0.9591,190.2,Reach max iteration 50 | best_iter=50
roberta,sum,fb237_v2_ind_seed7001,75,10.0,48,7001,0.6182,0.597,0.9149,0.7638,0.7532,0.597,0.8955,0.9765,189.3,Reach max iteration 50 | best_iter=23
roberta,sum,fb237_v2_ind_seed7005,75,10.0,48,7005,0.6484,0.6071,0.9116,0.7826,0.7587,0.6071,0.9034,0.9643,190.7,Reach max iteration 50 | best_iter=48
roberta,sum,fb237_v2_ind_seed7009,75,10.0,48,7009,0.5803,0.5754,0.914,0.7397,0.7298,0.5754,0.8642,0.9461,188.3,Reach max iteration 50 | best_iter=50
roberta,sum,fb237_v2_ind_seed7001,75,10.0,64,7001,0.6291,0.6183,0.9149,0.7738,0.7667,0.6183,0.8955,0.9659,187.7,Reach max iteration 50 | best_iter=30
roberta,sum,fb237_v2_ind_seed7005,75,10.0,64,7005,0.6421,0.6092,0.9119,0.7808,0.7628,0.6092,0.916,0.9643,187.2,Reach max iteration 50 | best_iter=35
roberta,sum,fb237_v2_ind_seed7009,75,10.0,64,7009,0.5867,0.5991,0.9142,0.7496,0.741,0.5991,0.8556,0.9504,185.3,Reach max iteration 50 | best_iter=50
roberta,sum,fb237_v2_ind_seed7001,75,10.0,80,7001,0.6204,0.6098,0.9149,0.7672,0.7625,0.6098,0.9041,0.9744,186.5,Reach max iteration 50 | best_iter=49
roberta,sum,fb237_v2_ind_seed7005,75,10.0,80,7005,0.6547,0.6134,0.9116,0.7847,0.7631,0.6134,0.9013,0.9685,190.0,Reach max iteration 50 | best_iter=36
roberta,sum,fb237_v2_ind_seed7009,75,10.0,80,7009,0.5653,0.5797,0.9137,0.7341,0.7341,0.5797,0.8599,0.9569,188.3,Reach max iteration 50 | best_iter=18
roberta,sum,fb237_v2_ind_seed7001,75,10.0,96,7001,0.6334,0.6162,0.9149,0.7715,0.76,0.6162,0.8913,0.968,193.5,Reach max iteration 50 | best_iter=40
roberta,sum,fb237_v2_ind_seed7005,75,10.0,96,7005,0.6526,0.6092,0.9106,0.7845,0.7593,0.6092,0.9034,0.9643,191.3,Reach max iteration 50 | best_iter=9
roberta,sum,fb237_v2_ind_seed7009,75,10.0,96,7009,0.5889,0.5776,0.914,0.7399,0.7323,0.5776,0.875,0.9483,187.4,Reach max iteration 50 | best_iter=44
roberta,sum,fb237_v2_ind_seed7001,75,50.0,16,7001,0.6594,0.6418,0.8823,0.7916,0.7801,0.6418,0.8977,0.9808,185.1,Reach max iteration 50 | best_iter=8
roberta,sum,fb237_v2_ind_seed7005,75,50.0,16,7005,0.6863,0.6639,0.8778,0.8019,0.7913,0.6639,0.9055,0.9748,191.2,Reach max iteration 50 | best_iter=14
roberta,sum,fb237_v2_ind_seed7009,75,50.0,16,7009,0.6039,0.6099,0.8534,0.7566,0.7518,0.6099,0.8534,0.9677,187.3,Reach max iteration 50 | best_iter=3
roberta,sum,fb237_v2_ind_seed7001,75,50.0,32,7001,0.6638,0.6461,0.8849,0.7971,0.7874,0.6461,0.9168,0.9787,192.2,Reach max iteration 50 | best_iter=7
roberta,sum,fb237_v2_ind_seed7005,75,50.0,32,7005,0.6758,0.6618,0.8851,0.8024,0.7935,0.6618,0.9139,0.9748,186.7,Reach max iteration 50 | best_iter=23
roberta,sum,fb237_v2_ind_seed7009,75,50.0,32,7009,0.6146,0.625,0.894,0.7692,0.7627,0.625,0.8685,0.9634,191.3,Reach max iteration 50 | best_iter=38
roberta,sum,fb237_v2_ind_seed7001,75,50.0,48,7001,0.6616,0.6333,0.8916,0.7935,0.7793,0.6333,0.919,0.9787,188.8,Reach max iteration 50 | best_iter=38
roberta,sum,fb237_v2_ind_seed7005,75,50.0,48,7005,0.6968,0.6534,0.8877,0.8137,0.7891,0.6534,0.9181,0.9769,189.4,Reach max iteration 50 | best_iter=36
roberta,sum,fb237_v2_ind_seed7009,75,50.0,48,7009,0.6167,0.6336,0.8611,0.769,0.7662,0.6336,0.8707,0.9677,186.6,Reach max iteration 50 | best_iter=4
roberta,sum,fb237_v2_ind_seed7001,75,50.0,64,7001,0.6725,0.6482,0.8873,0.8017,0.7878,0.6482,0.919,0.9765,192.3,Reach max iteration 50 | best_iter=6
roberta,sum,fb237_v2_ind_seed7005,75,50.0,64,7005,0.6842,0.6597,0.8573,0.8065,0.7923,0.6597,0.916,0.979,191.0,Reach max iteration 50 | best_iter=4
roberta,sum,fb237_v2_ind_seed7009,75,50.0,64,7009,0.6167,0.6078,0.8726,0.7701,0.7538,0.6078,0.8685,0.9634,189.7,Reach max iteration 50 | best_iter=4
roberta,sum,fb237_v2_ind_seed7001,75,50.0,80,7001,0.6638,0.6546,0.8921,0.7952,0.791,0.6546,0.9147,0.9808,191.6,Reach max iteration 50 | best_iter=18
roberta,sum,fb237_v2_ind_seed7005,75,50.0,80,7005,0.6842,0.6576,0.8877,0.8054,0.7944,0.6576,0.9244,0.979,192.6,Reach max iteration 50 | best_iter=22
roberta,sum,fb237_v2_ind_seed7009,75,50.0,80,7009,0.6103,0.6207,0.8539,0.7658,0.7558,0.6207,0.8621,0.9677,191.8,Reach max iteration 50 | best_iter=3
roberta,sum,fb237_v2_ind_seed7001,75,50.0,96,7001,0.6746,0.6397,0.8815,0.8017,0.7811,0.6397,0.9062,0.9829,187.5,Reach max iteration 50 | best_iter=7
roberta,sum,fb237_v2_ind_seed7005,75,50.0,96,7005,0.6842,0.6576,0.8875,0.8045,0.793,0.6576,0.9181,0.9748,190.3,Reach max iteration 50 | best_iter=24
roberta,sum,fb237_v2_ind_seed7009,75,50.0,96,7009,0.6424,0.6315,0.8411,0.7793,0.7651,0.6315,0.8772,0.9634,192.3,Reach max iteration 50 | best_iter=2
roberta,sum,fb237_v2_ind_seed7001,75,100.0,16,7001,0.6833,0.6738,0.8083,0.804,0.7974,0.6738,0.9062,0.9787,188.6,Reach max iteration 50 | best_iter=5
roberta,sum,fb237_v2_ind_seed7005,75,100.0,16,7005,0.6884,0.6702,0.8143,0.8036,0.7973,0.6702,0.9202,0.9748,190.9,Reach max iteration 50 | best_iter=38
roberta,sum,fb237_v2_ind_seed7009,75,100.0,16,7009,0.6424,0.6293,0.8265,0.7812,0.7632,0.6293,0.8728,0.9591,187.5,Reach max iteration 50 | best_iter=29
roberta,sum,fb237_v2_ind_seed7001,75,100.0,32,7001,0.6833,0.6652,0.7987,0.8059,0.7931,0.6652,0.9041,0.9744,190.3,Reach max iteration 50 | best_iter=3
roberta,sum,fb237_v2_ind_seed7005,75,100.0,32,7005,0.7032,0.6765,0.8206,0.8133,0.8048,0.6765,0.9307,0.9832,190.6,Reach max iteration 50 | best_iter=34
roberta,sum,fb237_v2_ind_seed7009,75,100.0,32,7009,0.6424,0.6466,0.8359,0.7811,0.776,0.6466,0.8836,0.9698,190.9,Reach max iteration 50 | best_iter=39
roberta,sum,fb237_v2_ind_seed7001,75,100.0,48,7001,0.6725,0.678,0.816,0.8044,0.8018,0.678,0.9126,0.9829,189.4,Reach max iteration 50 | best_iter=4
roberta,sum,fb237_v2_ind_seed7005,75,100.0,48,7005,0.7095,0.6765,0.8307,0.8198,0.8036,0.6765,0.9181,0.9769,191.1,Reach max iteration 50 | best_iter=43
roberta,sum,fb237_v2_ind_seed7009,75,100.0,48,7009,0.636,0.6444,0.8426,0.7806,0.7769,0.6444,0.8815,0.972,188.9,Reach max iteration 50 | best_iter=49
roberta,sum,fb237_v2_ind_seed7001,75,100.0,64,7001,0.679,0.6759,0.8164,0.806,0.7999,0.6759,0.9062,0.9765,189.5,Reach max iteration 50 | best_iter=4
roberta,sum,fb237_v2_ind_seed7005,75,100.0,64,7005,0.7032,0.6849,0.8269,0.817,0.8087,0.6849,0.9286,0.979,188.5,Reach max iteration 50 | best_iter=8
roberta,sum,fb237_v2_ind_seed7009,75,100.0,64,7009,0.6317,0.653,0.8486,0.7793,0.7801,0.653,0.8858,0.972,189.2,Reach max iteration 50 | best_iter=21
roberta,sum,fb237_v2_ind_seed7001,75,100.0,80,7001,0.6811,0.6738,0.8157,0.8056,0.8001,0.6738,0.9126,0.9829,190.8,Reach max iteration 50 | best_iter=4
roberta,sum,fb237_v2_ind_seed7005,75,100.0,80,7005,0.6968,0.6786,0.8384,0.8144,0.8058,0.6786,0.9244,0.979,192.7,Reach max iteration 50 | best_iter=26
roberta,sum,fb237_v2_ind_seed7009,75,100.0,80,7009,0.6403,0.6401,0.8484,0.7809,0.7749,0.6401,0.8815,0.9698,192.7,Reach max iteration 50 | best_iter=8
roberta,sum,fb237_v2_ind_seed7001,75,100.0,96,7001,0.6725,0.6738,0.8075,0.8032,0.7982,0.6738,0.9083,0.9744,189.9,Reach max iteration 50 | best_iter=4
roberta,sum,fb237_v2_ind_seed7005,75,100.0,96,7005,0.7032,0.6744,0.844,0.8156,0.8048,0.6744,0.9265,0.9832,190.9,Reach max iteration 50 | best_iter=15
roberta,sum,fb237_v2_ind_seed7009,75,100.0,96,7009,0.6467,0.6379,0.8563,0.7844,0.7715,0.6379,0.8793,0.972,192.3,Reach max iteration 50 | best_iter=26
roberta,sum,fb237_v2_ind_seed7001,75,500.0,16,7001,0.6139,0.6141,0.6189,0.7377,0.7307,0.6141,0.8209,0.919,93.1,Reach max iteration 50 | best_iter=16
roberta,sum,fb237_v2_ind_seed7005,75,500.0,16,7005,0.6042,0.5903,0.6064,0.7217,0.7206,0.5903,0.8256,0.9139,93.0,Reach max iteration 50 | best_iter=6
roberta,sum,fb237_v2_ind_seed7009,75,500.0,16,7009,0.5846,0.5582,0.614,0.7164,0.692,0.5582,0.7931,0.903,92.9,Reach max iteration 50 | best_iter=22
roberta,sum,fb237_v2_ind_seed7001,75,500.0,32,7001,0.6247,0.6525,0.6562,0.7563,0.766,0.6525,0.855,0.951,104.7,Reach max iteration 50 | best_iter=27
roberta,sum,fb237_v2_ind_seed7005,75,500.0,32,7005,0.6316,0.6471,0.6511,0.7497,0.7627,0.6471,0.8466,0.9412,104.8,Reach max iteration 50 | best_iter=11
roberta,sum,fb237_v2_ind_seed7009,75,500.0,32,7009,0.621,0.5905,0.651,0.7441,0.7172,0.5905,0.806,0.9246,109.0,Reach max iteration 50 | best_iter=50
roberta,sum,fb237_v2_ind_seed7001,75,500.0,48,7001,0.6356,0.661,0.6713,0.7646,0.7732,0.661,0.8699,0.9531,124.0,Reach max iteration 50 | best_iter=33
roberta,sum,fb237_v2_ind_seed7005,75,500.0,48,7005,0.64,0.6387,0.6728,0.757,0.7617,0.6387,0.8634,0.9496,122.5,Reach max iteration 50 | best_iter=16
roberta,sum,fb237_v2_ind_seed7009,75,500.0,48,7009,0.636,0.6056,0.6671,0.7568,0.7336,0.6056,0.8427,0.931,123.2,Reach max iteration 50 | best_iter=11
roberta,sum,fb237_v2_ind_seed7001,75,500.0,64,7001,0.6421,0.6652,0.6852,0.7703,0.7782,0.6652,0.8635,0.951,130.3,Reach max iteration 50 | best_iter=30
roberta,sum,fb237_v2_ind_seed7005,75,500.0,64,7005,0.6526,0.6576,0.6762,0.7661,0.7775,0.6576,0.8824,0.958,132.5,Reach max iteration 50 | best_iter=11
roberta,sum,fb237_v2_ind_seed7009,75,500.0,64,7009,0.6381,0.6142,0.6748,0.7623,0.7393,0.6142,0.8362,0.9332,128.1,Reach max iteration 50 | best_iter=41
roberta,sum,fb237_v2_ind_seed7001,75,500.0,80,7001,0.6399,0.6588,0.6877,0.7696,0.776,0.6588,0.8763,0.9552,146.2,Reach max iteration 50 | best_iter=50
roberta,sum,fb237_v2_ind_seed7005,75,500.0,80,7005,0.6568,0.6639,0.687,0.7702,0.7813,0.6639,0.8803,0.9601,139.3,Reach max iteration 50 | best_iter=31
roberta,sum,fb237_v2_ind_seed7009,75,500.0,80,7009,0.6424,0.6228,0.6878,0.7678,0.7449,0.6228,0.8405,0.9418,145.5,Reach max iteration 50 | best_iter=43
roberta,sum,fb237_v2_ind_seed7001,75,500.0,96,7001,0.6421,0.661,0.6989,0.7736,0.7787,0.661,0.8657,0.9595,162.6,Reach max iteration 50 | best_iter=32
roberta,sum,fb237_v2_ind_seed7005,75,500.0,96,7005,0.6653,0.6576,0.6921,0.7783,0.7792,0.6576,0.8782,0.9643,167.5,Reach max iteration 50 | best_iter=12
roberta,sum,fb237_v2_ind_seed7009,75,500.0,96,7009,0.6445,0.6272,0.6945,0.7703,0.7508,0.6272,0.8513,0.9418,162.1,Reach max iteration 50 | best_iter=26
roberta,sum,fb237_v2_ind_seed7001,75,1000.0,16,7001,0.5033,0.5288,0.5014,0.6336,0.6465,0.5288,0.7122,0.8422,88.4,Reach max iteration 50 | best_iter=19
roberta,sum,fb237_v2_ind_seed7005,75,1000.0,16,7005,0.4884,0.5084,0.4984,0.6145,0.6328,0.5084,0.7206,0.8508,90.2,Reach max iteration 50 | best_iter=25
roberta,sum,fb237_v2_ind_seed7009,75,1000.0,16,7009,0.5075,0.5,0.509,0.6298,0.6129,0.5,0.6703,0.806,90.3,Reach max iteration 50 | best_iter=19
roberta,sum,fb237_v2_ind_seed7001,75,1000.0,32,7001,0.5466,0.5565,0.5308,0.6784,0.678,0.5565,0.7591,0.8657,91.9,Reach max iteration 50 | best_iter=27
roberta,sum,fb237_v2_ind_seed7005,75,1000.0,32,7005,0.5242,0.542,0.5284,0.6485,0.6716,0.542,0.7584,0.8845,89.7,Reach max iteration 50 | best_iter=42
roberta,sum,fb237_v2_ind_seed7009,75,1000.0,32,7009,0.531,0.5108,0.5302,0.6555,0.6346,0.5108,0.7091,0.8513,92.2,Reach max iteration 50 | best_iter=23
roberta,sum,fb237_v2_ind_seed7001,75,1000.0,48,7001,0.551,0.58,0.5581,0.686,0.6987,0.58,0.7804,0.8934,92.8,Reach max iteration 50 | best_iter=13
roberta,sum,fb237_v2_ind_seed7005,75,1000.0,48,7005,0.5347,0.5483,0.5465,0.664,0.6819,0.5483,0.7731,0.8887,92.3,Reach max iteration 50 | best_iter=17
roberta,sum,fb237_v2_ind_seed7009,75,1000.0,48,7009,0.5353,0.5151,0.5489,0.6642,0.6468,0.5151,0.7263,0.875,92.9,Reach max iteration 50 | best_iter=19
roberta,sum,fb237_v2_ind_seed7001,75,1000.0,64,7001,0.5575,0.597,0.5718,0.6972,0.7123,0.597,0.7953,0.8934,95.8,Reach max iteration 50 | best_iter=17
roberta,sum,fb237_v2_ind_seed7005,75,1000.0,64,7005,0.5579,0.5714,0.5644,0.6846,0.6989,0.5714,0.7962,0.9076,129.8,Reach max iteration 50 | best_iter=11
roberta,sum,fb237_v2_ind_seed7009,75,1000.0,64,7009,0.5589,0.5431,0.578,0.6856,0.6699,0.5431,0.7586,0.8987,93.4,Reach max iteration 50 | best_iter=32
roberta,sum,fb237_v2_ind_seed7001,75,1000.0,80,7001,0.5705,0.6077,0.581,0.7055,0.7229,0.6077,0.8017,0.9083,97.7,Reach max iteration 50 | best_iter=41
roberta,sum,fb237_v2_ind_seed7005,75,1000.0,80,7005,0.5621,0.5861,0.5825,0.6928,0.7151,0.5861,0.813,0.9202,101.6,Reach max iteration 50 | best_iter=46
roberta,sum,fb237_v2_ind_seed7009,75,1000.0,80,7009,0.5889,0.5366,0.5914,0.7055,0.6707,0.5366,0.7737,0.8944,105.1,Reach max iteration 50 | best_iter=10
roberta,sum,fb237_v2_ind_seed7001,75,1000.0,96,7001,0.5879,0.6055,0.5889,0.7169,0.7244,0.6055,0.8081,0.9126,109.1,Reach max iteration 50 | best_iter=45
roberta,sum,fb237_v2_ind_seed7005,75,1000.0,96,7005,0.5747,0.5945,0.5871,0.701,0.7204,0.5945,0.8109,0.9265,113.2,Reach max iteration 50 | best_iter=8
roberta,sum,fb237_v2_ind_seed7009,75,1000.0,96,7009,0.5803,0.556,0.6025,0.7067,0.6859,0.556,0.778,0.9116,121.3,Reach max iteration 50 | best_iter=9
roberta,sum,fb237_v2_ind_seed7001,100,1.0,16,7001,0.6074,0.5821,0.9046,0.7368,0.7248,0.5821,0.8486,0.951,233.9,Reach max iteration 50 | best_iter=3
roberta,sum,fb237_v2_ind_seed7005,100,1.0,16,7005,0.6274,0.5651,0.9126,0.7621,0.7214,0.5651,0.8676,0.9559,228.4,Reach max iteration 50 | best_iter=50
roberta,sum,fb237_v2_ind_seed7009,100,1.0,16,7009,0.5696,0.5819,0.8822,0.7213,0.7312,0.5819,0.8621,0.9397,233.5,Reach max iteration 50 | best_iter=3
roberta,sum,fb237_v2_ind_seed7001,100,1.0,32,7001,0.6182,0.5949,0.8522,0.7467,0.7329,0.5949,0.8593,0.936,232.8,Reach max iteration 50 | best_iter=3
roberta,sum,fb237_v2_ind_seed7005,100,1.0,32,7005,0.6063,0.5861,0.9126,0.7457,0.735,0.5861,0.8718,0.9412,232.3,Reach max iteration 50 | best_iter=50
roberta,sum,fb237_v2_ind_seed7009,100,1.0,32,7009,0.5567,0.5625,0.9144,0.7119,0.713,0.5625,0.8362,0.944,232.2,Reach max iteration 50 | best_iter=41
roberta,sum,fb237_v2_ind_seed7001,100,1.0,48,7001,0.5922,0.5842,0.9154,0.7336,0.7302,0.5842,0.8507,0.9531,235.7,Reach max iteration 50 | best_iter=47
roberta,sum,fb237_v2_ind_seed7005,100,1.0,48,7005,0.6211,0.5903,0.9119,0.7587,0.7401,0.5903,0.8739,0.9517,239.5,Reach max iteration 50 | best_iter=15
roberta,sum,fb237_v2_ind_seed7009,100,1.0,48,7009,0.5653,0.5733,0.8212,0.7224,0.7176,0.5733,0.8427,0.9289,235.8,Reach max iteration 50 | best_iter=2
roberta,sum,fb237_v2_ind_seed7001,100,1.0,64,7001,0.6161,0.6226,0.8513,0.7522,0.7439,0.6226,0.8401,0.9318,228.9,Reach max iteration 50 | best_iter=3
roberta,sum,fb237_v2_ind_seed7005,100,1.0,64,7005,0.6337,0.605,0.9017,0.7686,0.7554,0.605,0.895,0.9622,236.1,Reach max iteration 50 | best_iter=5
roberta,sum,fb237_v2_ind_seed7009,100,1.0,64,7009,0.5782,0.5862,0.8532,0.7292,0.7261,0.5862,0.8448,0.9375,232.0,Reach max iteration 50 | best_iter=3
roberta,sum,fb237_v2_ind_seed7001,100,1.0,80,7001,0.6399,0.6141,0.8395,0.7669,0.7482,0.6141,0.8571,0.9531,237.9,Reach max iteration 50 | best_iter=2
roberta,sum,fb237_v2_ind_seed7005,100,1.0,80,7005,0.6337,0.5861,0.9085,0.7685,0.7397,0.5861,0.8803,0.9517,240.3,Reach max iteration 50 | best_iter=5
roberta,sum,fb237_v2_ind_seed7009,100,1.0,80,7009,0.5782,0.5754,0.9056,0.7354,0.7257,0.5754,0.8556,0.944,241.4,Reach max iteration 50 | best_iter=3
roberta,sum,fb237_v2_ind_seed7001,100,1.0,96,7001,0.6095,0.6098,0.8775,0.757,0.7498,0.6098,0.8678,0.9659,240.4,Reach max iteration 50 | best_iter=3
roberta,sum,fb237_v2_ind_seed7005,100,1.0,96,7005,0.6568,0.605,0.8824,0.7787,0.7513,0.605,0.8824,0.9601,237.2,Reach max iteration 50 | best_iter=4
roberta,sum,fb237_v2_ind_seed7009,100,1.0,96,7009,0.5696,0.5862,0.9015,0.7232,0.7317,0.5862,0.8534,0.9375,240.6,Reach max iteration 50 | best_iter=4
roberta,sum,fb237_v2_ind_seed7001,100,5.0,16,7001,0.6161,0.6141,0.9152,0.7582,0.7541,0.6141,0.8827,0.9659,235.0,Reach max iteration 50 | best_iter=22
roberta,sum,fb237_v2_ind_seed7005,100,5.0,16,7005,0.6358,0.5945,0.9121,0.7723,0.7482,0.5945,0.8866,0.9643,228.8,Reach max iteration 50 | best_iter=39
roberta,sum,fb237_v2_ind_seed7009,100,5.0,16,7009,0.5675,0.569,0.9142,0.7286,0.7197,0.569,0.8448,0.9397,232.3,Reach max iteration 50 | best_iter=38
roberta,sum,fb237_v2_ind_seed7001,100,5.0,32,7001,0.6247,0.6034,0.9154,0.7631,0.7546,0.6034,0.8913,0.9616,233.0,Reach max iteration 50 | best_iter=40
roberta,sum,fb237_v2_ind_seed7005,100,5.0,32,7005,0.6505,0.6008,0.9121,0.7809,0.753,0.6008,0.895,0.9559,222.1,Reach max iteration 50 | best_iter=44
roberta,sum,fb237_v2_ind_seed7009,100,5.0,32,7009,0.5824,0.569,0.9144,0.7392,0.7229,0.569,0.8621,0.9569,237.4,Reach max iteration 50 | best_iter=38
roberta,sum,fb237_v2_ind_seed7001,100,5.0,48,7001,0.6226,0.629,0.9154,0.7638,0.7688,0.629,0.8934,0.9638,240.9,Reach max iteration 50 | best_iter=46
roberta,sum,fb237_v2_ind_seed7005,100,5.0,48,7005,0.6379,0.6113,0.9119,0.7778,0.7623,0.6113,0.9034,0.9601,241.7,Reach max iteration 50 | best_iter=21
roberta,sum,fb237_v2_ind_seed7009,100,5.0,48,7009,0.5803,0.5841,0.9144,0.7395,0.7329,0.5841,0.8556,0.9526,234.3,Reach max iteration 50 | best_iter=49
roberta,sum,fb237_v2_ind_seed7001,100,5.0,64,7001,0.6182,0.6183,0.9154,0.7649,0.7622,0.6183,0.8849,0.9723,234.1,Reach max iteration 50 | best_iter=49
roberta,sum,fb237_v2_ind_seed7005,100,5.0,64,7005,0.6526,0.6134,0.9119,0.7836,0.7623,0.6134,0.8992,0.9685,236.9,Reach max iteration 50 | best_iter=22
roberta,sum,fb237_v2_ind_seed7009,100,5.0,64,7009,0.576,0.5819,0.9142,0.7371,0.7315,0.5819,0.8599,0.9526,229.2,Reach max iteration 50 | best_iter=35
roberta,sum,fb237_v2_ind_seed7001,100,5.0,80,7001,0.6269,0.6055,0.9152,0.7674,0.7506,0.6055,0.8806,0.9595,240.4,Reach max iteration 50 | best_iter=20
roberta,sum,fb237_v2_ind_seed7005,100,5.0,80,7005,0.6379,0.6092,0.9121,0.7757,0.76,0.6092,0.9013,0.9664,239.5,Reach max iteration 50 | best_iter=50
roberta,sum,fb237_v2_ind_seed7009,100,5.0,80,7009,0.6017,0.6185,0.8411,0.7458,0.7489,0.6185,0.8621,0.9397,238.3,Reach max iteration 50 | best_iter=2
roberta,sum,fb237_v2_ind_seed7001,100,5.0,96,7001,0.6204,0.6247,0.9152,0.7663,0.7628,0.6247,0.8913,0.9701,242.4,Reach max iteration 50 | best_iter=48
roberta,sum,fb237_v2_ind_seed7005,100,5.0,96,7005,0.6632,0.605,0.8595,0.7845,0.7482,0.605,0.8761,0.9538,242.5,Reach max iteration 50 | best_iter=2
roberta,sum,fb237_v2_ind_seed7009,100,5.0,96,7009,0.5824,0.6013,0.8935,0.7378,0.7461,0.6013,0.875,0.944,237.4,Reach max iteration 50 | best_iter=4
roberta,sum,fb237_v2_ind_seed7001,100,10.0,16,7001,0.6139,0.6098,0.9152,0.7594,0.7544,0.6098,0.8849,0.9638,231.8,Reach max iteration 50 | best_iter=9
roberta,sum,fb237_v2_ind_seed7005,100,10.0,16,7005,0.6547,0.5903,0.9119,0.782,0.7458,0.5903,0.8908,0.9643,233.0,Reach max iteration 50 | best_iter=41
roberta,sum,fb237_v2_ind_seed7009,100,10.0,16,7009,0.5782,0.5733,0.914,0.7394,0.7254,0.5733,0.8513,0.9461,237.4,Reach max iteration 50 | best_iter=22
roberta,sum,fb237_v2_ind_seed7001,100,10.0,32,7001,0.6204,0.6034,0.9147,0.7614,0.7538,0.6034,0.8827,0.968,230.0,Reach max iteration 50 | best_iter=13
roberta,sum,fb237_v2_ind_seed7005,100,10.0,32,7005,0.6611,0.6155,0.9116,0.7918,0.7617,0.6155,0.895,0.9664,232.8,Reach max iteration 50 | best_iter=31
roberta,sum,fb237_v2_ind_seed7009,100,10.0,32,7009,0.5846,0.5711,0.9137,0.7422,0.7276,0.5711,0.8534,0.9655,235.3,Reach max iteration 50 | best_iter=21
roberta,sum,fb237_v2_ind_seed7001,100,10.0,48,7001,0.6204,0.6226,0.9149,0.7679,0.7691,0.6226,0.8998,0.9765,239.6,Reach max iteration 50 | best_iter=45
roberta,sum,fb237_v2_ind_seed7005,100,10.0,48,7005,0.6484,0.6029,0.9106,0.7872,0.7596,0.6029,0.9118,0.9643,235.7,Reach max iteration 50 | best_iter=9
roberta,sum,fb237_v2_ind_seed7009,100,10.0,48,7009,0.591,0.597,0.914,0.7473,0.7408,0.597,0.8621,0.9569,236.2,Reach max iteration 50 | best_iter=30
roberta,sum,fb237_v2_ind_seed7001,100,10.0,64,7001,0.6356,0.6311,0.9149,0.7759,0.7716,0.6311,0.8977,0.9701,239.0,Reach max iteration 50 | best_iter=50
roberta,sum,fb237_v2_ind_seed7005,100,10.0,64,7005,0.6568,0.605,0.9119,0.7856,0.7588,0.605,0.8992,0.9706,240.1,Reach max iteration 50 | best_iter=13
roberta,sum,fb237_v2_ind_seed7009,100,10.0,64,7009,0.5931,0.5841,0.914,0.7519,0.737,0.5841,0.8578,0.9612,233.4,Reach max iteration 50 | best_iter=36
roberta,sum,fb237_v2_ind_seed7001,100,10.0,80,7001,0.6377,0.6269,0.9149,0.7763,0.7722,0.6269,0.9019,0.9723,239.7,Reach max iteration 50 | best_iter=31
roberta,sum,fb237_v2_ind_seed7005,100,10.0,80,7005,0.6547,0.6113,0.9121,0.7856,0.7628,0.6113,0.9013,0.9748,243.3,Reach max iteration 50 | best_iter=35
roberta,sum,fb237_v2_ind_seed7009,100,10.0,80,7009,0.5803,0.5647,0.9135,0.7448,0.7225,0.5647,0.8534,0.9547,239.3,Reach max iteration 50 | best_iter=13
roberta,sum,fb237_v2_ind_seed7001,100,10.0,96,7001,0.6291,0.6205,0.9145,0.7741,0.765,0.6205,0.8891,0.9765,242.8,Reach max iteration 50 | best_iter=17
roberta,sum,fb237_v2_ind_seed7005,100,10.0,96,7005,0.6716,0.6218,0.8913,0.791,0.7602,0.6218,0.8739,0.9643,242.8,Reach max iteration 50 | best_iter=3
roberta,sum,fb237_v2_ind_seed7009,100,10.0,96,7009,0.5846,0.5754,0.9142,0.7447,0.7302,0.5754,0.8621,0.9526,240.8,Reach max iteration 50 | best_iter=28
roberta,sum,fb237_v2_ind_seed7001,100,50.0,16,7001,0.6659,0.6418,0.8688,0.7942,0.7805,0.6418,0.8998,0.9787,243.0,Reach max iteration 50 | best_iter=4
roberta,sum,fb237_v2_ind_seed7005,100,50.0,16,7005,0.6863,0.6639,0.8541,0.8048,0.796,0.6639,0.916,0.9706,238.9,Reach max iteration 50 | best_iter=4
roberta,sum,fb237_v2_ind_seed7009,100,50.0,16,7009,0.606,0.6142,0.8541,0.7565,0.7518,0.6142,0.8621,0.9634,237.3,Reach max iteration 50 | best_iter=4
roberta,sum,fb237_v2_ind_seed7001,100,50.0,32,7001,0.6725,0.6461,0.8897,0.8009,0.785,0.6461,0.9083,0.9787,235.0,Reach max iteration 50 | best_iter=24
roberta,sum,fb237_v2_ind_seed7005,100,50.0,32,7005,0.6737,0.6576,0.865,0.8018,0.7893,0.6576,0.9055,0.9706,239.8,Reach max iteration 50 | best_iter=4
roberta,sum,fb237_v2_ind_seed7009,100,50.0,32,7009,0.606,0.6315,0.894,0.7613,0.7649,0.6315,0.8772,0.9677,233.1,Reach max iteration 50 | best_iter=45
roberta,sum,fb237_v2_ind_seed7001,100,50.0,48,7001,0.6616,0.6482,0.8957,0.7933,0.7879,0.6482,0.919,0.9787,242.9,Reach max iteration 50 | best_iter=37
roberta,sum,fb237_v2_ind_seed7005,100,50.0,48,7005,0.68,0.6513,0.8735,0.8068,0.7894,0.6513,0.9202,0.9727,235.3,Reach max iteration 50 | best_iter=6
roberta,sum,fb237_v2_ind_seed7009,100,50.0,48,7009,0.6124,0.6185,0.8861,0.7661,0.761,0.6185,0.8772,0.9634,237.2,Reach max iteration 50 | best_iter=6
roberta,sum,fb237_v2_ind_seed7001,100,50.0,64,7001,0.6681,0.6546,0.8563,0.7948,0.7872,0.6546,0.9019,0.9787,237.8,Reach max iteration 50 | best_iter=4
roberta,sum,fb237_v2_ind_seed7005,100,50.0,64,7005,0.6905,0.6471,0.8317,0.8084,0.7816,0.6471,0.9013,0.9643,241.2,Reach max iteration 50 | best_iter=3
roberta,sum,fb237_v2_ind_seed7009,100,50.0,64,7009,0.621,0.6207,0.8986,0.7693,0.7613,0.6207,0.875,0.9591,239.9,Reach max iteration 50 | best_iter=47
roberta,sum,fb237_v2_ind_seed7001,100,50.0,80,7001,0.6659,0.6525,0.8928,0.7966,0.7913,0.6525,0.9126,0.9829,238.8,Reach max iteration 50 | best_iter=19
roberta,sum,fb237_v2_ind_seed7005,100,50.0,80,7005,0.6905,0.6534,0.8831,0.8096,0.7907,0.6534,0.9223,0.979,237.9,Reach max iteration 50 | best_iter=12
roberta,sum,fb237_v2_ind_seed7009,100,50.0,80,7009,0.6167,0.6228,0.8861,0.7706,0.7632,0.6228,0.8836,0.972,240.5,Reach max iteration 50 | best_iter=6
roberta,sum,fb237_v2_ind_seed7001,100,50.0,96,7001,0.6725,0.6461,0.8469,0.8025,0.7817,0.6461,0.9041,0.9808,235.9,Reach max iteration 50 | best_iter=4
roberta,sum,fb237_v2_ind_seed7005,100,50.0,96,7005,0.6842,0.6534,0.8916,0.8038,0.7909,0.6534,0.9202,0.979,236.7,Reach max iteration 50 | best_iter=48
roberta,sum,fb237_v2_ind_seed7009,100,50.0,96,7009,0.6167,0.6293,0.8957,0.7693,0.7641,0.6293,0.8901,0.9634,243.2,Reach max iteration 50 | best_iter=19
roberta,sum,fb237_v2_ind_seed7001,100,100.0,16,7001,0.6855,0.6588,0.8083,0.8069,0.7875,0.6588,0.9019,0.9744,236.1,Reach max iteration 50 | best_iter=6
roberta,sum,fb237_v2_ind_seed7005,100,100.0,16,7005,0.7032,0.6681,0.8145,0.8146,0.7979,0.6681,0.9202,0.9706,231.7,Reach max iteration 50 | best_iter=15
roberta,sum,fb237_v2_ind_seed7009,100,100.0,16,7009,0.6403,0.6379,0.8205,0.7802,0.7708,0.6379,0.8793,0.9741,232.6,Reach max iteration 50 | best_iter=44
roberta,sum,fb237_v2_ind_seed7001,100,100.0,32,7001,0.679,0.6695,0.826,0.8054,0.8,0.6695,0.9211,0.9872,233.1,Reach max iteration 50 | best_iter=9
roberta,sum,fb237_v2_ind_seed7005,100,100.0,32,7005,0.7053,0.6849,0.8223,0.8161,0.8083,0.6849,0.9244,0.979,239.4,Reach max iteration 50 | best_iter=45
roberta,sum,fb237_v2_ind_seed7009,100,100.0,32,7009,0.6445,0.6466,0.838,0.786,0.774,0.6466,0.8772,0.9763,238.7,Reach max iteration 50 | best_iter=14
roberta,sum,fb237_v2_ind_seed7001,100,100.0,48,7001,0.679,0.6716,0.8248,0.8042,0.7987,0.6716,0.9104,0.9829,236.6,Reach max iteration 50 | best_iter=6
roberta,sum,fb237_v2_ind_seed7005,100,100.0,48,7005,0.7011,0.687,0.8298,0.8142,0.8085,0.687,0.916,0.9769,237.0,Reach max iteration 50 | best_iter=47
roberta,sum,fb237_v2_ind_seed7009,100,100.0,48,7009,0.6403,0.6444,0.838,0.784,0.7785,0.6444,0.8944,0.9741,235.7,Reach max iteration 50 | best_iter=9
roberta,sum,fb237_v2_ind_seed7001,100,100.0,64,7001,0.6855,0.661,0.8095,0.8075,0.7925,0.661,0.9019,0.9765,234.2,Reach max iteration 50 | best_iter=6
roberta,sum,fb237_v2_ind_seed7005,100,100.0,64,7005,0.7158,0.6912,0.8336,0.8216,0.8127,0.6912,0.9286,0.979,238.6,Reach max iteration 50 | best_iter=41
roberta,sum,fb237_v2_ind_seed7009,100,100.0,64,7009,0.6488,0.653,0.8274,0.786,0.7792,0.653,0.8793,0.9741,236.8,Reach max iteration 50 | best_iter=6
roberta,sum,fb237_v2_ind_seed7001,100,100.0,80,7001,0.6725,0.6738,0.8354,0.8031,0.8032,0.6738,0.919,0.9851,229.8,Reach max iteration 50 | best_iter=7
roberta,sum,fb237_v2_ind_seed7005,100,100.0,80,7005,0.72,0.6849,0.8377,0.8241,0.8086,0.6849,0.9202,0.979,239.8,Reach max iteration 50 | best_iter=33
roberta,sum,fb237_v2_ind_seed7009,100,100.0,80,7009,0.6424,0.6466,0.8157,0.7845,0.7773,0.6466,0.8836,0.9763,236.6,Reach max iteration 50 | best_iter=4
roberta,sum,fb237_v2_ind_seed7001,100,100.0,96,7001,0.6725,0.6802,0.8222,0.8024,0.8043,0.6802,0.9147,0.9808,235.1,Reach max iteration 50 | best_iter=6
roberta,sum,fb237_v2_ind_seed7005,100,100.0,96,7005,0.7011,0.6828,0.8457,0.8162,0.8082,0.6828,0.9223,0.9811,239.1,Reach max iteration 50 | best_iter=20
roberta,sum,fb237_v2_ind_seed7009,100,100.0,96,7009,0.6424,0.6358,0.8551,0.7811,0.7687,0.6358,0.8793,0.9677,236.6,Reach max iteration 50 | best_iter=38
roberta,sum,fb237_v2_ind_seed7001,100,500.0,16,7001,0.6074,0.6162,0.6233,0.7374,0.7315,0.6162,0.8188,0.9168,117.4,Reach max iteration 50 | best_iter=13
roberta,sum,fb237_v2_ind_seed7005,100,500.0,16,7005,0.5979,0.6092,0.6238,0.7193,0.7327,0.6092,0.8298,0.9286,118.8,Reach max iteration 50 | best_iter=26
roberta,sum,fb237_v2_ind_seed7009,100,500.0,16,7009,0.5974,0.5625,0.6224,0.717,0.6909,0.5625,0.7866,0.9052,114.7,Reach max iteration 50 | best_iter=9
roberta,sum,fb237_v2_ind_seed7001,100,500.0,32,7001,0.6291,0.6375,0.6521,0.7562,0.7547,0.6375,0.8465,0.951,129.6,Reach max iteration 50 | best_iter=12
roberta,sum,fb237_v2_ind_seed7005,100,500.0,32,7005,0.6295,0.6408,0.6501,0.7509,0.7627,0.6408,0.8634,0.9454,119.6,Reach max iteration 50 | best_iter=47
roberta,sum,fb237_v2_ind_seed7009,100,500.0,32,7009,0.6231,0.5927,0.6551,0.7463,0.7186,0.5927,0.8125,0.9289,132.5,Reach max iteration 50 | best_iter=19
roberta,sum,fb237_v2_ind_seed7001,100,500.0,48,7001,0.6334,0.6546,0.6716,0.763,0.7698,0.6546,0.8614,0.9552,156.1,Reach max iteration 50 | best_iter=27
roberta,sum,fb237_v2_ind_seed7005,100,500.0,48,7005,0.64,0.6534,0.6663,0.7605,0.771,0.6534,0.8613,0.9496,155.1,Reach max iteration 50 | best_iter=22
roberta,sum,fb237_v2_ind_seed7009,100,500.0,48,7009,0.6381,0.6056,0.6667,0.7592,0.7326,0.6056,0.8276,0.9289,154.1,Reach max iteration 50 | best_iter=15
roberta,sum,fb237_v2_ind_seed7001,100,500.0,64,7001,0.6486,0.6461,0.6725,0.7722,0.7606,0.6461,0.8486,0.9552,165.8,Reach max iteration 50 | best_iter=6
roberta,sum,fb237_v2_ind_seed7005,100,500.0,64,7005,0.64,0.6534,0.6735,0.7617,0.7745,0.6534,0.8782,0.958,160.2,Reach max iteration 50 | best_iter=48
roberta,sum,fb237_v2_ind_seed7009,100,500.0,64,7009,0.6445,0.6099,0.678,0.7628,0.734,0.6099,0.8405,0.9332,172.2,Reach max iteration 50 | best_iter=7
roberta,sum,fb237_v2_ind_seed7001,100,500.0,80,7001,0.6443,0.661,0.6886,0.7724,0.7757,0.661,0.8635,0.9552,179.4,Reach max iteration 50 | best_iter=14
roberta,sum,fb237_v2_ind_seed7005,100,500.0,80,7005,0.6547,0.6555,0.6868,0.771,0.7774,0.6555,0.8761,0.9622,178.6,Reach max iteration 50 | best_iter=28
roberta,sum,fb237_v2_ind_seed7009,100,500.0,80,7009,0.6445,0.6185,0.69,0.7656,0.7447,0.6185,0.8491,0.9375,180.6,Reach max iteration 50 | best_iter=10
roberta,sum,fb237_v2_ind_seed7001,100,500.0,96,7001,0.6464,0.6546,0.6997,0.7732,0.7741,0.6546,0.8742,0.9595,204.7,Reach max iteration 50 | best_iter=12
roberta,sum,fb237_v2_ind_seed7005,100,500.0,96,7005,0.6568,0.6681,0.6914,0.7753,0.7837,0.6681,0.8739,0.9601,200.3,Reach max iteration 50 | best_iter=23
roberta,sum,fb237_v2_ind_seed7009,100,500.0,96,7009,0.651,0.6142,0.6965,0.7712,0.7435,0.6142,0.8448,0.944,200.9,Reach max iteration 50 | best_iter=12
roberta,sum,fb237_v2_ind_seed7001,100,1000.0,16,7001,0.4967,0.5139,0.4786,0.6157,0.6283,0.5139,0.6887,0.8209,114.2,Reach max iteration 50 | best_iter=38
roberta,sum,fb237_v2_ind_seed7005,100,1000.0,16,7005,0.4863,0.5105,0.5021,0.6099,0.6329,0.5105,0.7185,0.8403,113.9,Reach max iteration 50 | best_iter=45
roberta,sum,fb237_v2_ind_seed7009,100,1000.0,16,7009,0.5182,0.472,0.5056,0.6374,0.6028,0.472,0.6789,0.8211,113.9,Reach max iteration 50 | best_iter=12
roberta,sum,fb237_v2_ind_seed7001,100,1000.0,32,7001,0.5358,0.5544,0.5228,0.664,0.6692,0.5544,0.7399,0.8635,115.1,Reach max iteration 50 | best_iter=45
roberta,sum,fb237_v2_ind_seed7005,100,1000.0,32,7005,0.5137,0.5273,0.5221,0.6383,0.6603,0.5273,0.75,0.8739,113.9,Reach max iteration 50 | best_iter=15
roberta,sum,fb237_v2_ind_seed7009,100,1000.0,32,7009,0.5203,0.4957,0.5133,0.6456,0.6212,0.4957,0.6918,0.8427,115.6,Reach max iteration 50 | best_iter=9
roberta,sum,fb237_v2_ind_seed7001,100,1000.0,48,7001,0.5553,0.5693,0.5536,0.6865,0.693,0.5693,0.7783,0.8827,115.9,Reach max iteration 50 | best_iter=38
roberta,sum,fb237_v2_ind_seed7005,100,1000.0,48,7005,0.5453,0.5609,0.5552,0.6722,0.6927,0.5609,0.7878,0.8992,118.0,Reach max iteration 50 | best_iter=43
roberta,sum,fb237_v2_ind_seed7009,100,1000.0,48,7009,0.5289,0.4978,0.5383,0.6602,0.6299,0.4978,0.7091,0.8621,116.8,Reach max iteration 50 | best_iter=12
roberta,sum,fb237_v2_ind_seed7001,100,1000.0,64,7001,0.5662,0.597,0.5778,0.7004,0.7145,0.597,0.7996,0.9019,123.6,Reach max iteration 50 | best_iter=14
roberta,sum,fb237_v2_ind_seed7005,100,1000.0,64,7005,0.5263,0.5483,0.5513,0.6614,0.6812,0.5483,0.7752,0.8992,119.7,Reach max iteration 50 | best_iter=20
roberta,sum,fb237_v2_ind_seed7009,100,1000.0,64,7009,0.5396,0.5259,0.5667,0.6747,0.6628,0.5259,0.7608,0.8901,119.3,Reach max iteration 50 | best_iter=29
roberta,sum,fb237_v2_ind_seed7001,100,1000.0,80,7001,0.5683,0.6013,0.5827,0.7061,0.7193,0.6013,0.8038,0.9062,132.2,Reach max iteration 50 | best_iter=49
roberta,sum,fb237_v2_ind_seed7005,100,1000.0,80,7005,0.5747,0.5945,0.589,0.7021,0.7207,0.5945,0.8193,0.9181,136.5,Reach max iteration 50 | best_iter=12
roberta,sum,fb237_v2_ind_seed7009,100,1000.0,80,7009,0.5782,0.5496,0.5924,0.7011,0.6787,0.5496,0.7651,0.9116,137.6,Reach max iteration 50 | best_iter=45
roberta,sum,fb237_v2_ind_seed7001,100,1000.0,96,7001,0.5944,0.6098,0.5903,0.7215,0.7275,0.6098,0.8124,0.919,151.4,Reach max iteration 50 | best_iter=38
roberta,sum,fb237_v2_ind_seed7005,100,1000.0,96,7005,0.5811,0.5903,0.6011,0.7072,0.7216,0.5903,0.8256,0.9328,139.2,Reach max iteration 50 | best_iter=34
roberta,sum,fb237_v2_ind_seed7009,100,1000.0,96,7009,0.5782,0.556,0.5967,0.7073,0.6869,0.556,0.7802,0.9138,141.4,Reach max iteration 50 | best_iter=11
roberta,sum,fb237_v2_ind_seed7001,125,1.0,16,7001,0.5857,0.6077,0.9154,0.7347,0.7483,0.6077,0.8635,0.9616,280.3,Reach max iteration 50 | best_iter=50
roberta,sum,fb237_v2_ind_seed7005,125,1.0,16,7005,0.6253,0.6071,0.9128,0.7591,0.7496,0.6071,0.8782,0.9496,273.5,Reach max iteration 50 | best_iter=50
roberta,sum,fb237_v2_ind_seed7009,125,1.0,16,7009,0.5332,0.5603,0.9147,0.7054,0.7107,0.5603,0.8362,0.9375,285.3,Reach max iteration 50 | best_iter=47
roberta,sum,fb237_v2_ind_seed7001,125,1.0,32,7001,0.603,0.6055,0.8801,0.745,0.7441,0.6055,0.8614,0.9488,283.5,Reach max iteration 50 | best_iter=3
roberta,sum,fb237_v2_ind_seed7005,125,1.0,32,7005,0.6211,0.6197,0.9123,0.7586,0.7589,0.6197,0.8866,0.9622,285.6,Reach max iteration 50 | best_iter=50
roberta,sum,fb237_v2_ind_seed7009,125,1.0,32,7009,0.5525,0.5539,0.9147,0.7183,0.7106,0.5539,0.8427,0.9397,283.7,Reach max iteration 50 | best_iter=50
roberta,sum,fb237_v2_ind_seed7001,125,1.0,48,7001,0.5965,0.5991,0.9154,0.7481,0.7455,0.5991,0.8721,0.9531,286.4,Reach max iteration 50 | best_iter=48
roberta,sum,fb237_v2_ind_seed7005,125,1.0,48,7005,0.6168,0.6008,0.9123,0.7598,0.748,0.6008,0.8739,0.9601,280.2,Reach max iteration 50 | best_iter=47
roberta,sum,fb237_v2_ind_seed7009,125,1.0,48,7009,0.5632,0.5625,0.9144,0.7254,0.7174,0.5625,0.8578,0.9418,286.4,Reach max iteration 50 | best_iter=50
roberta,sum,fb237_v2_ind_seed7001,125,1.0,64,7001,0.6334,0.6055,0.9154,0.7643,0.7448,0.6055,0.8635,0.9488,293.2,Reach max iteration 50 | best_iter=50
roberta,sum,fb237_v2_ind_seed7005,125,1.0,64,7005,0.64,0.5966,0.9085,0.7711,0.7437,0.5966,0.8697,0.958,279.1,Reach max iteration 50 | best_iter=6
roberta,sum,fb237_v2_ind_seed7009,125,1.0,64,7009,0.5503,0.5668,0.9144,0.7172,0.7163,0.5668,0.8341,0.9375,288.4,Reach max iteration 50 | best_iter=46
roberta,sum,fb237_v2_ind_seed7001,125,1.0,80,7001,0.6226,0.5864,0.9109,0.765,0.7371,0.5864,0.8678,0.9574,284.3,Reach max iteration 50 | best_iter=5
roberta,sum,fb237_v2_ind_seed7005,125,1.0,80,7005,0.6274,0.6261,0.8819,0.7628,0.7625,0.6261,0.8908,0.9559,289.6,Reach max iteration 50 | best_iter=3
roberta,sum,fb237_v2_ind_seed7009,125,1.0,80,7009,0.5567,0.5668,0.9144,0.7183,0.7224,0.5668,0.8685,0.9483,289.6,Reach max iteration 50 | best_iter=50
roberta,sum,fb237_v2_ind_seed7001,125,1.0,96,7001,0.6356,0.6311,0.79,0.7638,0.757,0.6311,0.8657,0.9424,289.9,Reach max iteration 50 | best_iter=2
roberta,sum,fb237_v2_ind_seed7005,125,1.0,96,7005,0.6295,0.5798,0.9123,0.766,0.7352,0.5798,0.8613,0.9517,291.7,Reach max iteration 50 | best_iter=43
roberta,sum,fb237_v2_ind_seed7009,125,1.0,96,7009,0.5782,0.5927,0.8623,0.7296,0.7317,0.5927,0.847,0.9526,287.2,Reach max iteration 50 | best_iter=2
roberta,sum,fb237_v2_ind_seed7001,125,5.0,16,7001,0.6161,0.6098,0.9152,0.759,0.7571,0.6098,0.8891,0.9659,275.8,Reach max iteration 50 | best_iter=19
roberta,sum,fb237_v2_ind_seed7005,125,5.0,16,7005,0.6463,0.6113,0.9121,0.7757,0.7585,0.6113,0.8992,0.958,274.3,Reach max iteration 50 | best_iter=45
roberta,sum,fb237_v2_ind_seed7009,125,5.0,16,7009,0.5567,0.5776,0.9142,0.7238,0.7265,0.5776,0.8362,0.9591,284.7,Reach max iteration 50 | best_iter=16
roberta,sum,fb237_v2_ind_seed7001,125,5.0,32,7001,0.6052,0.6098,0.9154,0.756,0.7572,0.6098,0.8827,0.9659,284.6,Reach max iteration 50 | best_iter=33
roberta,sum,fb237_v2_ind_seed7005,125,5.0,32,7005,0.6421,0.6176,0.9121,0.7792,0.763,0.6176,0.8992,0.9622,287.2,Reach max iteration 50 | best_iter=26
roberta,sum,fb237_v2_ind_seed7009,125,5.0,32,7009,0.5803,0.5841,0.9142,0.7406,0.7341,0.5841,0.8642,0.9547,277.9,Reach max iteration 50 | best_iter=26
roberta,sum,fb237_v2_ind_seed7001,125,5.0,48,7001,0.6139,0.6055,0.8693,0.7618,0.7556,0.6055,0.8891,0.9723,277.3,Reach max iteration 50 | best_iter=3
roberta,sum,fb237_v2_ind_seed7005,125,5.0,48,7005,0.6379,0.6071,0.9121,0.7772,0.7589,0.6071,0.8971,0.9685,282.3,Reach max iteration 50 | best_iter=20
roberta,sum,fb237_v2_ind_seed7009,125,5.0,48,7009,0.576,0.5841,0.9142,0.7368,0.7335,0.5841,0.8707,0.9526,285.7,Reach max iteration 50 | best_iter=21
roberta,sum,fb237_v2_ind_seed7001,125,5.0,64,7001,0.6356,0.6183,0.9149,0.7717,0.7599,0.6183,0.8849,0.9616,289.8,Reach max iteration 50 | best_iter=14
roberta,sum,fb237_v2_ind_seed7005,125,5.0,64,7005,0.6463,0.5987,0.9119,0.781,0.7517,0.5987,0.8929,0.9622,283.6,Reach max iteration 50 | best_iter=15
roberta,sum,fb237_v2_ind_seed7009,125,5.0,64,7009,0.5739,0.5862,0.9144,0.7369,0.7351,0.5862,0.8578,0.9612,277.3,Reach max iteration 50 | best_iter=48
roberta,sum,fb237_v2_ind_seed7001,125,5.0,80,7001,0.6182,0.6162,0.9152,0.765,0.7588,0.6162,0.8849,0.9616,288.4,Reach max iteration 50 | best_iter=24
roberta,sum,fb237_v2_ind_seed7005,125,5.0,80,7005,0.6442,0.6197,0.9121,0.7775,0.7653,0.6197,0.9013,0.9643,287.0,Reach max iteration 50 | best_iter=43
roberta,sum,fb237_v2_ind_seed7009,125,5.0,80,7009,0.5931,0.5733,0.9142,0.7459,0.7272,0.5733,0.8578,0.9612,288.5,Reach max iteration 50 | best_iter=40
roberta,sum,fb237_v2_ind_seed7001,125,5.0,96,7001,0.6486,0.6439,0.8191,0.7748,0.767,0.6439,0.8721,0.9616,286.8,Reach max iteration 50 | best_iter=2
roberta,sum,fb237_v2_ind_seed7005,125,5.0,96,7005,0.6379,0.6092,0.9121,0.7759,0.7599,0.6092,0.8992,0.9664,292.1,Reach max iteration 50 | best_iter=50
roberta,sum,fb237_v2_ind_seed7009,125,5.0,96,7009,0.5846,0.569,0.9142,0.743,0.7305,0.569,0.8772,0.9698,285.9,Reach max iteration 50 | best_iter=50
roberta,sum,fb237_v2_ind_seed7001,125,10.0,16,7001,0.6269,0.6269,0.9149,0.7638,0.7639,0.6269,0.8934,0.968,280.4,Reach max iteration 50 | best_iter=27
roberta,sum,fb237_v2_ind_seed7005,125,10.0,16,7005,0.6484,0.6008,0.9119,0.7797,0.7519,0.6008,0.8887,0.9559,283.4,Reach max iteration 50 | best_iter=24
roberta,sum,fb237_v2_ind_seed7009,125,10.0,16,7009,0.5846,0.569,0.914,0.7375,0.7242,0.569,0.8534,0.9504,279.9,Reach max iteration 50 | best_iter=21
roberta,sum,fb237_v2_ind_seed7001,125,10.0,32,7001,0.6139,0.6098,0.9149,0.7634,0.7563,0.6098,0.8891,0.9701,286.1,Reach max iteration 50 | best_iter=35
roberta,sum,fb237_v2_ind_seed7005,125,10.0,32,7005,0.6463,0.6155,0.9119,0.7816,0.7613,0.6155,0.9034,0.9643,291.5,Reach max iteration 50 | best_iter=24
roberta,sum,fb237_v2_ind_seed7009,125,10.0,32,7009,0.591,0.5797,0.914,0.7474,0.7301,0.5797,0.8534,0.9591,288.3,Reach max iteration 50 | best_iter=22
roberta,sum,fb237_v2_ind_seed7001,125,10.0,48,7001,0.6161,0.6269,0.9149,0.7648,0.7708,0.6269,0.9062,0.9765,280.7,Reach max iteration 50 | best_iter=40
roberta,sum,fb237_v2_ind_seed7005,125,10.0,48,7005,0.6484,0.6155,0.9119,0.7847,0.7658,0.6155,0.9055,0.9727,283.2,Reach max iteration 50 | best_iter=17
roberta,sum,fb237_v2_ind_seed7009,125,10.0,48,7009,0.5782,0.5948,0.8894,0.7381,0.7346,0.5948,0.8534,0.9526,286.6,Reach max iteration 50 | best_iter=3
roberta,sum,fb237_v2_ind_seed7001,125,10.0,64,7001,0.6356,0.6205,0.9142,0.775,0.7637,0.6205,0.8934,0.968,289.9,Reach max iteration 50 | best_iter=8
roberta,sum,fb237_v2_ind_seed7005,125,10.0,64,7005,0.6505,0.6092,0.9114,0.7876,0.7592,0.6092,0.895,0.9685,283.9,Reach max iteration 50 | best_iter=12
roberta,sum,fb237_v2_ind_seed7009,125,10.0,64,7009,0.5846,0.5905,0.914,0.7435,0.7402,0.5905,0.8621,0.9569,286.8,Reach max iteration 50 | best_iter=36
roberta,sum,fb237_v2_ind_seed7001,125,10.0,80,7001,0.6356,0.6354,0.9149,0.7765,0.7727,0.6354,0.8977,0.9744,285.4,Reach max iteration 50 | best_iter=38
roberta,sum,fb237_v2_ind_seed7005,125,10.0,80,7005,0.6442,0.6218,0.9119,0.7789,0.7685,0.6218,0.9076,0.9685,285.7,Reach max iteration 50 | best_iter=18
roberta,sum,fb237_v2_ind_seed7009,125,10.0,80,7009,0.5953,0.5797,0.9142,0.7507,0.7314,0.5797,0.8621,0.9612,286.1,Reach max iteration 50 | best_iter=39
roberta,sum,fb237_v2_ind_seed7001,125,10.0,96,7001,0.6291,0.6162,0.9149,0.774,0.7654,0.6162,0.9083,0.968,286.1,Reach max iteration 50 | best_iter=40
roberta,sum,fb237_v2_ind_seed7005,125,10.0,96,7005,0.6632,0.6197,0.9119,0.7913,0.7673,0.6197,0.9097,0.9685,290.1,Reach max iteration 50 | best_iter=45
roberta,sum,fb237_v2_ind_seed7009,125,10.0,96,7009,0.5889,0.5927,0.9142,0.7503,0.744,0.5927,0.8772,0.9677,291.1,Reach max iteration 50 | best_iter=30
roberta,sum,fb237_v2_ind_seed7001,125,50.0,16,7001,0.6551,0.6397,0.8722,0.7916,0.7821,0.6397,0.9104,0.9787,285.8,Reach max iteration 50 | best_iter=5
roberta,sum,fb237_v2_ind_seed7005,125,50.0,16,7005,0.68,0.6597,0.8471,0.8026,0.7938,0.6597,0.916,0.979,282.0,Reach max iteration 50 | best_iter=5
roberta,sum,fb237_v2_ind_seed7009,125,50.0,16,7009,0.5974,0.6034,0.8923,0.7551,0.7525,0.6034,0.8772,0.9547,279.5,Reach max iteration 50 | best_iter=46
roberta,sum,fb237_v2_ind_seed7001,125,50.0,32,7001,0.6551,0.6652,0.8789,0.7913,0.7964,0.6652,0.9126,0.9808,284.8,Reach max iteration 50 | best_iter=6
roberta,sum,fb237_v2_ind_seed7005,125,50.0,32,7005,0.6758,0.6555,0.8694,0.8045,0.7917,0.6555,0.9223,0.9727,288.0,Reach max iteration 50 | best_iter=6
roberta,sum,fb237_v2_ind_seed7009,125,50.0,32,7009,0.6146,0.6185,0.8693,0.766,0.7587,0.6185,0.8664,0.9677,287.6,Reach max iteration 50 | best_iter=3
roberta,sum,fb237_v2_ind_seed7001,125,50.0,48,7001,0.6616,0.6567,0.883,0.7945,0.7915,0.6567,0.9147,0.9787,287.7,Reach max iteration 50 | best_iter=7
roberta,sum,fb237_v2_ind_seed7005,125,50.0,48,7005,0.6947,0.645,0.8754,0.8141,0.7867,0.645,0.9202,0.979,280.2,Reach max iteration 50 | best_iter=8
roberta,sum,fb237_v2_ind_seed7009,125,50.0,48,7009,0.6124,0.6185,0.8868,0.7669,0.7627,0.6185,0.8793,0.9741,286.8,Reach max iteration 50 | best_iter=10
roberta,sum,fb237_v2_ind_seed7001,125,50.0,64,7001,0.6659,0.661,0.8784,0.799,0.7942,0.661,0.9126,0.9787,285.6,Reach max iteration 50 | best_iter=6
roberta,sum,fb237_v2_ind_seed7005,125,50.0,64,7005,0.7032,0.6576,0.8667,0.8204,0.794,0.6576,0.9181,0.9811,277.6,Reach max iteration 50 | best_iter=8
roberta,sum,fb237_v2_ind_seed7009,125,50.0,64,7009,0.6317,0.6401,0.8399,0.773,0.7693,0.6401,0.875,0.9677,278.8,Reach max iteration 50 | best_iter=5
roberta,sum,fb237_v2_ind_seed7001,125,50.0,80,7001,0.6703,0.6588,0.859,0.8019,0.7913,0.6588,0.9168,0.9787,284.9,Reach max iteration 50 | best_iter=5
roberta,sum,fb237_v2_ind_seed7005,125,50.0,80,7005,0.6926,0.6618,0.8662,0.8104,0.7973,0.6618,0.9244,0.9832,287.9,Reach max iteration 50 | best_iter=5
roberta,sum,fb237_v2_ind_seed7009,125,50.0,80,7009,0.606,0.6207,0.8947,0.764,0.7635,0.6207,0.8858,0.9677,288.9,Reach max iteration 50 | best_iter=16
roberta,sum,fb237_v2_ind_seed7001,125,50.0,96,7001,0.6616,0.6567,0.8755,0.7959,0.791,0.6567,0.9104,0.9787,279.7,Reach max iteration 50 | best_iter=8
roberta,sum,fb237_v2_ind_seed7005,125,50.0,96,7005,0.6842,0.6576,0.8901,0.8045,0.7937,0.6576,0.9286,0.9769,288.9,Reach max iteration 50 | best_iter=21
roberta,sum,fb237_v2_ind_seed7009,125,50.0,96,7009,0.6381,0.653,0.8238,0.7755,0.7699,0.653,0.8578,0.9569,280.5,Reach max iteration 50 | best_iter=4
roberta,sum,fb237_v2_ind_seed7001,125,100.0,16,7001,0.6898,0.6738,0.8063,0.8098,0.7972,0.6738,0.8998,0.9744,280.6,Reach max iteration 50 | best_iter=7
roberta,sum,fb237_v2_ind_seed7005,125,100.0,16,7005,0.6926,0.6744,0.8095,0.8085,0.8016,0.6744,0.9202,0.9769,287.9,Reach max iteration 50 | best_iter=45
roberta,sum,fb237_v2_ind_seed7009,125,100.0,16,7009,0.6381,0.6487,0.8219,0.7806,0.777,0.6487,0.8772,0.9677,279.5,Reach max iteration 50 | best_iter=48
roberta,sum,fb237_v2_ind_seed7001,125,100.0,32,7001,0.679,0.6716,0.82,0.8066,0.7987,0.6716,0.9126,0.9808,286.1,Reach max iteration 50 | best_iter=7
roberta,sum,fb237_v2_ind_seed7005,125,100.0,32,7005,0.6926,0.6849,0.8244,0.8109,0.8094,0.6849,0.9265,0.9811,287.1,Reach max iteration 50 | best_iter=26
roberta,sum,fb237_v2_ind_seed7009,125,100.0,32,7009,0.651,0.6422,0.8219,0.7885,0.7756,0.6422,0.8901,0.9784,282.9,Reach max iteration 50 | best_iter=7
roberta,sum,fb237_v2_ind_seed7001,125,100.0,48,7001,0.6811,0.6652,0.84,0.805,0.798,0.6652,0.919,0.9851,285.1,Reach max iteration 50 | best_iter=36
roberta,sum,fb237_v2_ind_seed7005,125,100.0,48,7005,0.6926,0.6807,0.8288,0.8096,0.8052,0.6807,0.9244,0.9727,287.5,Reach max iteration 50 | best_iter=47
roberta,sum,fb237_v2_ind_seed7009,125,100.0,48,7009,0.6488,0.6401,0.8416,0.7886,0.7722,0.6401,0.8815,0.972,284.1,Reach max iteration 50 | best_iter=37
roberta,sum,fb237_v2_ind_seed7001,125,100.0,64,7001,0.6746,0.6588,0.8373,0.8032,0.7961,0.6588,0.919,0.9808,288.2,Reach max iteration 50 | best_iter=11
roberta,sum,fb237_v2_ind_seed7005,125,100.0,64,7005,0.7032,0.6702,0.8281,0.8175,0.8013,0.6702,0.9328,0.9769,286.2,Reach max iteration 50 | best_iter=8
roberta,sum,fb237_v2_ind_seed7009,125,100.0,64,7009,0.6488,0.6336,0.8484,0.7857,0.7698,0.6336,0.8772,0.972,285.6,Reach max iteration 50 | best_iter=43
roberta,sum,fb237_v2_ind_seed7001,125,100.0,80,7001,0.6681,0.6695,0.8412,0.8023,0.7988,0.6695,0.919,0.9808,283.4,Reach max iteration 50 | best_iter=11
roberta,sum,fb237_v2_ind_seed7005,125,100.0,80,7005,0.7074,0.6828,0.8416,0.8195,0.807,0.6828,0.9223,0.9769,290.4,Reach max iteration 50 | best_iter=31
roberta,sum,fb237_v2_ind_seed7009,125,100.0,80,7009,0.6403,0.6509,0.8496,0.7818,0.7767,0.6509,0.8815,0.9698,289.3,Reach max iteration 50 | best_iter=42
roberta,sum,fb237_v2_ind_seed7001,125,100.0,96,7001,0.6725,0.6716,0.8496,0.803,0.8035,0.6716,0.9254,0.9829,287.2,Reach max iteration 50 | best_iter=17
roberta,sum,fb237_v2_ind_seed7005,125,100.0,96,7005,0.7053,0.6849,0.8413,0.8176,0.8109,0.6849,0.9328,0.9832,291.2,Reach max iteration 50 | best_iter=49
roberta,sum,fb237_v2_ind_seed7009,125,100.0,96,7009,0.6381,0.6422,0.8402,0.782,0.7759,0.6422,0.8858,0.9698,287.4,Reach max iteration 50 | best_iter=9
roberta,sum,fb237_v2_ind_seed7001,125,500.0,16,7001,0.6161,0.6119,0.6201,0.7397,0.7305,0.6119,0.823,0.9211,141.3,Reach max iteration 50 | best_iter=9
roberta,sum,fb237_v2_ind_seed7005,125,500.0,16,7005,0.6,0.6113,0.6199,0.7199,0.7353,0.6113,0.8298,0.9265,145.6,Reach max iteration 50 | best_iter=17
roberta,sum,fb237_v2_ind_seed7009,125,500.0,16,7009,0.5889,0.5582,0.616,0.7157,0.6917,0.5582,0.7888,0.9116,142.6,Reach max iteration 50 | best_iter=50
roberta,sum,fb237_v2_ind_seed7001,125,500.0,32,7001,0.6312,0.6503,0.6492,0.7601,0.7628,0.6503,0.8486,0.9467,151.2,Reach max iteration 50 | best_iter=17
roberta,sum,fb237_v2_ind_seed7005,125,500.0,32,7005,0.6211,0.6408,0.6484,0.7452,0.7628,0.6408,0.8697,0.9433,151.4,Reach max iteration 50 | best_iter=41
roberta,sum,fb237_v2_ind_seed7009,125,500.0,32,7009,0.6253,0.597,0.6496,0.7478,0.7219,0.597,0.8103,0.9224,146.8,Reach max iteration 50 | best_iter=17
roberta,sum,fb237_v2_ind_seed7001,125,500.0,48,7001,0.6421,0.6546,0.6737,0.7665,0.7703,0.6546,0.8593,0.951,186.1,Reach max iteration 50 | best_iter=10
roberta,sum,fb237_v2_ind_seed7005,125,500.0,48,7005,0.6484,0.645,0.6682,0.7623,0.7657,0.645,0.8613,0.9496,183.2,Reach max iteration 50 | best_iter=8
roberta,sum,fb237_v2_ind_seed7009,125,500.0,48,7009,0.6381,0.6078,0.6671,0.7609,0.7336,0.6078,0.8254,0.9246,186.0,Reach max iteration 50 | best_iter=38
roberta,sum,fb237_v2_ind_seed7001,125,500.0,64,7001,0.6421,0.6525,0.6838,0.7715,0.771,0.6525,0.8635,0.951,193.0,Reach max iteration 50 | best_iter=22
roberta,sum,fb237_v2_ind_seed7005,125,500.0,64,7005,0.6568,0.6513,0.6769,0.7682,0.7731,0.6513,0.8739,0.9517,189.3,Reach max iteration 50 | best_iter=8
roberta,sum,fb237_v2_ind_seed7009,125,500.0,64,7009,0.6531,0.6142,0.6816,0.7731,0.7412,0.6142,0.8448,0.9397,191.3,Reach max iteration 50 | best_iter=31
roberta,sum,fb237_v2_ind_seed7001,125,500.0,80,7001,0.6377,0.6631,0.6929,0.769,0.7785,0.6631,0.8678,0.9552,215.4,Reach max iteration 50 | best_iter=21
roberta,sum,fb237_v2_ind_seed7005,125,500.0,80,7005,0.6505,0.6618,0.6837,0.7676,0.7801,0.6618,0.8697,0.9622,211.9,Reach max iteration 50 | best_iter=14
roberta,sum,fb237_v2_ind_seed7009,125,500.0,80,7009,0.6445,0.6164,0.6859,0.7701,0.7421,0.6164,0.8448,0.944,215.9,Reach max iteration 50 | best_iter=38
roberta,sum,fb237_v2_ind_seed7001,125,500.0,96,7001,0.6399,0.661,0.6985,0.7709,0.78,0.661,0.8742,0.9595,244.1,Reach max iteration 50 | best_iter=41
roberta,sum,fb237_v2_ind_seed7005,125,500.0,96,7005,0.6674,0.6534,0.6887,0.7791,0.776,0.6534,0.8739,0.9622,240.3,Reach max iteration 50 | best_iter=38
roberta,sum,fb237_v2_ind_seed7009,125,500.0,96,7009,0.6445,0.6272,0.6965,0.7721,0.7512,0.6272,0.8491,0.944,238.9,Reach max iteration 50 | best_iter=43
roberta,sum,fb237_v2_ind_seed7001,125,1000.0,16,7001,0.4989,0.5245,0.4832,0.6194,0.6327,0.5245,0.6887,0.8273,135.6,Reach max iteration 50 | best_iter=48
roberta,sum,fb237_v2_ind_seed7005,125,1000.0,16,7005,0.4863,0.5021,0.4878,0.6029,0.6151,0.5021,0.6681,0.8151,136.9,Reach max iteration 50 | best_iter=27
roberta,sum,fb237_v2_ind_seed7009,125,1000.0,16,7009,0.5118,0.4741,0.4941,0.6277,0.5981,0.4741,0.6616,0.8103,136.1,Reach max iteration 50 | best_iter=20
roberta,sum,fb237_v2_ind_seed7001,125,1000.0,32,7001,0.5336,0.5544,0.536,0.6693,0.6749,0.5544,0.7569,0.8763,139.2,Reach max iteration 50 | best_iter=16
roberta,sum,fb237_v2_ind_seed7005,125,1000.0,32,7005,0.52,0.5315,0.5192,0.6437,0.6599,0.5315,0.7542,0.8655,138.6,Reach max iteration 50 | best_iter=32
roberta,sum,fb237_v2_ind_seed7009,125,1000.0,32,7009,0.5225,0.5043,0.5258,0.6488,0.6297,0.5043,0.7047,0.847,137.7,Reach max iteration 50 | best_iter=17
roberta,sum,fb237_v2_ind_seed7001,125,1000.0,48,7001,0.5575,0.58,0.5615,0.6903,0.7008,0.58,0.7932,0.8806,140.2,Reach max iteration 50 | best_iter=47
roberta,sum,fb237_v2_ind_seed7005,125,1000.0,48,7005,0.5474,0.5693,0.5542,0.6749,0.6955,0.5693,0.7815,0.8866,139.0,Reach max iteration 50 | best_iter=27
roberta,sum,fb237_v2_ind_seed7009,125,1000.0,48,7009,0.5439,0.5216,0.5405,0.6665,0.6482,0.5216,0.7284,0.8642,138.6,Reach max iteration 50 | best_iter=35
roberta,sum,fb237_v2_ind_seed7001,125,1000.0,64,7001,0.5662,0.5949,0.5752,0.6996,0.7144,0.5949,0.806,0.8998,143.0,Reach max iteration 50 | best_iter=38
roberta,sum,fb237_v2_ind_seed7005,125,1000.0,64,7005,0.5558,0.5777,0.5629,0.6804,0.7013,0.5777,0.7899,0.9055,140.2,Reach max iteration 50 | best_iter=21
roberta,sum,fb237_v2_ind_seed7009,125,1000.0,64,7009,0.5546,0.5237,0.5715,0.6845,0.6574,0.5237,0.75,0.8858,142.2,Reach max iteration 50 | best_iter=45
roberta,sum,fb237_v2_ind_seed7001,125,1000.0,80,7001,0.5683,0.5991,0.5704,0.7034,0.7142,0.5991,0.7953,0.8977,162.1,Reach max iteration 50 | best_iter=30
roberta,sum,fb237_v2_ind_seed7005,125,1000.0,80,7005,0.5642,0.5882,0.5839,0.6935,0.716,0.5882,0.8109,0.9202,163.2,Reach max iteration 50 | best_iter=18
roberta,sum,fb237_v2_ind_seed7009,125,1000.0,80,7009,0.5653,0.5409,0.5862,0.6935,0.6759,0.5409,0.7759,0.903,159.0,Reach max iteration 50 | best_iter=45
roberta,sum,fb237_v2_ind_seed7001,125,1000.0,96,7001,0.5944,0.6141,0.5882,0.7222,0.7281,0.6141,0.8145,0.9083,163.7,Reach max iteration 50 | best_iter=17
roberta,sum,fb237_v2_ind_seed7005,125,1000.0,96,7005,0.5684,0.5966,0.596,0.6981,0.7245,0.5966,0.8193,0.9244,182.5,Reach max iteration 50 | best_iter=16
roberta,sum,fb237_v2_ind_seed7009,125,1000.0,96,7009,0.5803,0.5453,0.596,0.7066,0.6813,0.5453,0.7802,0.9159,179.9,Reach max iteration 50 | best_iter=26
roberta,sum,fb237_v2_ind_seed7001,150,1.0,16,7001,0.5944,0.5928,0.9154,0.7377,0.7423,0.5928,0.8763,0.951,333.1,Reach max iteration 50 | best_iter=47
roberta,sum,fb237_v2_ind_seed7005,150,1.0,16,7005,0.6232,0.5819,0.9123,0.7595,0.7345,0.5819,0.8718,0.9538,334.0,Reach max iteration 50 | best_iter=43
roberta,sum,fb237_v2_ind_seed7009,150,1.0,16,7009,0.5696,0.6099,0.8037,0.717,0.737,0.6099,0.8513,0.9159,327.3,Reach max iteration 50 | best_iter=2
roberta,sum,fb237_v2_ind_seed7001,150,1.0,32,7001,0.5879,0.5885,0.9154,0.7392,0.7361,0.5885,0.8678,0.9446,331.9,Reach max iteration 50 | best_iter=47
roberta,sum,fb237_v2_ind_seed7005,150,1.0,32,7005,0.6189,0.6008,0.9123,0.7567,0.7441,0.6008,0.8718,0.9559,342.1,Reach max iteration 50 | best_iter=34
roberta,sum,fb237_v2_ind_seed7009,150,1.0,32,7009,0.5589,0.5754,0.9147,0.7211,0.7237,0.5754,0.8427,0.9483,333.8,Reach max iteration 50 | best_iter=49
roberta,sum,fb237_v2_ind_seed7001,150,1.0,48,7001,0.6052,0.5949,0.9154,0.7514,0.7426,0.5949,0.8806,0.9531,328.8,Reach max iteration 50 | best_iter=48
roberta,sum,fb237_v2_ind_seed7005,150,1.0,48,7005,0.6568,0.6134,0.8515,0.7779,0.7547,0.6134,0.8782,0.9706,333.3,Reach max iteration 50 | best_iter=3
roberta,sum,fb237_v2_ind_seed7009,150,1.0,48,7009,0.5867,0.6142,0.7626,0.7266,0.731,0.6142,0.8254,0.9009,337.1,Reach max iteration 50 | best_iter=2
roberta,sum,fb237_v2_ind_seed7001,150,1.0,64,7001,0.6486,0.6439,0.8546,0.7756,0.7678,0.6439,0.8742,0.9574,339.1,Reach max iteration 50 | best_iter=3
roberta,sum,fb237_v2_ind_seed7005,150,1.0,64,7005,0.6358,0.6071,0.9123,0.77,0.7517,0.6071,0.8887,0.9496,346.0,Reach max iteration 50 | best_iter=50
roberta,sum,fb237_v2_ind_seed7009,150,1.0,64,7009,0.5418,0.5668,0.9144,0.7109,0.7205,0.5668,0.8599,0.944,338.4,Reach max iteration 50 | best_iter=50
roberta,sum,fb237_v2_ind_seed7001,150,1.0,80,7001,0.6074,0.6034,0.9104,0.7561,0.7503,0.6034,0.8763,0.9574,338.6,Reach max iteration 50 | best_iter=4
roberta,sum,fb237_v2_ind_seed7005,150,1.0,80,7005,0.64,0.6218,0.8947,0.7693,0.7632,0.6218,0.8929,0.958,345.8,Reach max iteration 50 | best_iter=3
roberta,sum,fb237_v2_ind_seed7009,150,1.0,80,7009,0.561,0.5668,0.9144,0.7256,0.7233,0.5668,0.8664,0.9397,338.9,Reach max iteration 50 | best_iter=50
roberta,sum,fb237_v2_ind_seed7001,150,1.0,96,7001,0.6139,0.6119,0.877,0.7569,0.749,0.6119,0.8657,0.9638,344.5,Reach max iteration 50 | best_iter=2
roberta,sum,fb237_v2_ind_seed7005,150,1.0,96,7005,0.6147,0.5966,0.907,0.7556,0.7458,0.5966,0.8782,0.9475,349.4,Reach max iteration 50 | best_iter=4
roberta,sum,fb237_v2_ind_seed7009,150,1.0,96,7009,0.5953,0.6034,0.7986,0.7369,0.7366,0.6034,0.8405,0.9375,337.3,Reach max iteration 50 | best_iter=2
roberta,sum,fb237_v2_ind_seed7001,150,5.0,16,7001,0.6226,0.6077,0.9154,0.7648,0.7523,0.6077,0.8849,0.9574,322.1,Reach max iteration 50 | best_iter=33
roberta,sum,fb237_v2_ind_seed7005,150,5.0,16,7005,0.6358,0.5966,0.9114,0.7715,0.749,0.5966,0.8866,0.9643,330.7,Reach max iteration 50 | best_iter=9
roberta,sum,fb237_v2_ind_seed7009,150,5.0,16,7009,0.5824,0.6121,0.7972,0.7247,0.7424,0.6121,0.8578,0.9246,329.2,Reach max iteration 50 | best_iter=2
roberta,sum,fb237_v2_ind_seed7001,150,5.0,32,7001,0.6204,0.6162,0.9149,0.7652,0.7587,0.6162,0.8891,0.9552,321.3,Reach max iteration 50 | best_iter=27
roberta,sum,fb237_v2_ind_seed7005,150,5.0,32,7005,0.6505,0.6134,0.9121,0.7818,0.7613,0.6134,0.8992,0.9664,343.7,Reach max iteration 50 | best_iter=22
roberta,sum,fb237_v2_ind_seed7009,150,5.0,32,7009,0.5739,0.5819,0.9142,0.7333,0.734,0.5819,0.875,0.9526,339.5,Reach max iteration 50 | best_iter=48
roberta,sum,fb237_v2_ind_seed7001,150,5.0,48,7001,0.6269,0.6098,0.9149,0.7681,0.7572,0.6098,0.8891,0.9616,331.4,Reach max iteration 50 | best_iter=20
roberta,sum,fb237_v2_ind_seed7005,150,5.0,48,7005,0.6421,0.6176,0.9121,0.7798,0.7641,0.6176,0.8992,0.9643,321.5,Reach max iteration 50 | best_iter=40
roberta,sum,fb237_v2_ind_seed7009,150,5.0,48,7009,0.5846,0.5582,0.9142,0.7399,0.7147,0.5582,0.8448,0.9483,327.6,Reach max iteration 50 | best_iter=41
roberta,sum,fb237_v2_ind_seed7001,150,5.0,64,7001,0.6291,0.6119,0.9152,0.7685,0.7579,0.6119,0.8849,0.9552,335.1,Reach max iteration 50 | best_iter=31
roberta,sum,fb237_v2_ind_seed7005,150,5.0,64,7005,0.6505,0.6155,0.9121,0.7811,0.7641,0.6155,0.8971,0.9706,341.1,Reach max iteration 50 | best_iter=30
roberta,sum,fb237_v2_ind_seed7009,150,5.0,64,7009,0.591,0.5733,0.9142,0.745,0.729,0.5733,0.8664,0.9526,339.7,Reach max iteration 50 | best_iter=44
roberta,sum,fb237_v2_ind_seed7001,150,5.0,80,7001,0.6247,0.6034,0.9149,0.7646,0.7534,0.6034,0.8913,0.9659,335.4,Reach max iteration 50 | best_iter=15
roberta,sum,fb237_v2_ind_seed7005,150,5.0,80,7005,0.6526,0.605,0.9121,0.7813,0.7576,0.605,0.9034,0.9706,342.7,Reach max iteration 50 | best_iter=35
roberta,sum,fb237_v2_ind_seed7009,150,5.0,80,7009,0.5867,0.5862,0.9142,0.7443,0.7356,0.5862,0.8621,0.9569,339.0,Reach max iteration 50 | best_iter=48
roberta,sum,fb237_v2_ind_seed7001,150,5.0,96,7001,0.6204,0.6098,0.9154,0.7645,0.7583,0.6098,0.8977,0.9701,346.2,Reach max iteration 50 | best_iter=41
roberta,sum,fb237_v2_ind_seed7005,150,5.0,96,7005,0.6253,0.6029,0.9119,0.7705,0.7548,0.6029,0.8908,0.9622,335.3,Reach max iteration 50 | best_iter=38
roberta,sum,fb237_v2_ind_seed7009,150,5.0,96,7009,0.5953,0.6034,0.8736,0.7469,0.7442,0.6034,0.8664,0.9591,333.5,Reach max iteration 50 | best_iter=3
roberta,sum,fb237_v2_ind_seed7001,150,10.0,16,7001,0.6247,0.6119,0.9149,0.7664,0.7528,0.6119,0.8806,0.9595,333.4,Reach max iteration 50 | best_iter=48
roberta,sum,fb237_v2_ind_seed7005,150,10.0,16,7005,0.6463,0.6071,0.9119,0.7801,0.7579,0.6071,0.8992,0.9685,327.8,Reach max iteration 50 | best_iter=14
roberta,sum,fb237_v2_ind_seed7009,150,10.0,16,7009,0.5803,0.5776,0.9142,0.7332,0.725,0.5776,0.8448,0.9461,328.2,Reach max iteration 50 | best_iter=31
roberta,sum,fb237_v2_ind_seed7001,150,10.0,32,7001,0.6226,0.6311,0.9149,0.7689,0.7716,0.6311,0.8977,0.968,328.5,Reach max iteration 50 | best_iter=26
roberta,sum,fb237_v2_ind_seed7005,150,10.0,32,7005,0.6568,0.6134,0.9114,0.7871,0.7633,0.6134,0.9034,0.9664,341.5,Reach max iteration 50 | best_iter=14
roberta,sum,fb237_v2_ind_seed7009,150,10.0,32,7009,0.5867,0.5841,0.914,0.7435,0.7338,0.5841,0.8642,0.9504,329.1,Reach max iteration 50 | best_iter=25
roberta,sum,fb237_v2_ind_seed7001,150,10.0,48,7001,0.6291,0.6162,0.9147,0.7706,0.7648,0.6162,0.9062,0.9701,336.3,Reach max iteration 50 | best_iter=25
roberta,sum,fb237_v2_ind_seed7005,150,10.0,48,7005,0.6547,0.6134,0.9119,0.7866,0.7611,0.6134,0.8971,0.9727,337.0,Reach max iteration 50 | best_iter=19
roberta,sum,fb237_v2_ind_seed7009,150,10.0,48,7009,0.5867,0.5797,0.914,0.745,0.7294,0.5797,0.8556,0.9526,334.0,Reach max iteration 50 | best_iter=35
roberta,sum,fb237_v2_ind_seed7001,150,10.0,64,7001,0.6377,0.6311,0.9149,0.7781,0.7716,0.6311,0.9019,0.9659,333.8,Reach max iteration 50 | best_iter=25
roberta,sum,fb237_v2_ind_seed7005,150,10.0,64,7005,0.6547,0.6197,0.9119,0.7857,0.7692,0.6197,0.9118,0.9706,341.8,Reach max iteration 50 | best_iter=41
roberta,sum,fb237_v2_ind_seed7009,150,10.0,64,7009,0.5846,0.5841,0.9142,0.7452,0.7373,0.5841,0.8793,0.9547,338.7,Reach max iteration 50 | best_iter=33
roberta,sum,fb237_v2_ind_seed7001,150,10.0,80,7001,0.6226,0.6247,0.9147,0.7701,0.768,0.6247,0.9019,0.9638,332.8,Reach max iteration 50 | best_iter=26
roberta,sum,fb237_v2_ind_seed7005,150,10.0,80,7005,0.6484,0.6176,0.9121,0.7813,0.7667,0.6176,0.9055,0.9706,338.3,Reach max iteration 50 | best_iter=33
roberta,sum,fb237_v2_ind_seed7009,150,10.0,80,7009,0.5867,0.5905,0.9142,0.7474,0.7415,0.5905,0.8685,0.9612,342.8,Reach max iteration 50 | best_iter=23
roberta,sum,fb237_v2_ind_seed7001,150,10.0,96,7001,0.6334,0.6205,0.914,0.7745,0.7681,0.6205,0.9083,0.9723,340.6,Reach max iteration 50 | best_iter=13
roberta,sum,fb237_v2_ind_seed7005,150,10.0,96,7005,0.6421,0.6197,0.9109,0.7789,0.7643,0.6197,0.9055,0.9685,334.8,Reach max iteration 50 | best_iter=22
roberta,sum,fb237_v2_ind_seed7009,150,10.0,96,7009,0.5867,0.5927,0.914,0.7467,0.7462,0.5927,0.8793,0.9655,335.9,Reach max iteration 50 | best_iter=22
roberta,sum,fb237_v2_ind_seed7001,150,50.0,16,7001,0.6573,0.6525,0.8549,0.7908,0.7879,0.6525,0.9083,0.9808,322.2,Reach max iteration 50 | best_iter=6
roberta,sum,fb237_v2_ind_seed7005,150,50.0,16,7005,0.6716,0.6492,0.864,0.7992,0.7869,0.6492,0.916,0.9748,325.3,Reach max iteration 50 | best_iter=8
roberta,sum,fb237_v2_ind_seed7009,150,50.0,16,7009,0.6103,0.6185,0.8825,0.7588,0.7531,0.6185,0.8513,0.9634,337.1,Reach max iteration 50 | best_iter=8
roberta,sum,fb237_v2_ind_seed7001,150,50.0,32,7001,0.6681,0.6482,0.8818,0.797,0.7864,0.6482,0.9104,0.9808,339.6,Reach max iteration 50 | best_iter=8
roberta,sum,fb237_v2_ind_seed7005,150,50.0,32,7005,0.6884,0.6555,0.8532,0.8076,0.793,0.6555,0.9265,0.9811,335.8,Reach max iteration 50 | best_iter=5
roberta,sum,fb237_v2_ind_seed7009,150,50.0,32,7009,0.6081,0.6185,0.8911,0.7652,0.7604,0.6185,0.8836,0.9569,330.2,Reach max iteration 50 | best_iter=43
roberta,sum,fb237_v2_ind_seed7001,150,50.0,48,7001,0.6616,0.6418,0.8662,0.7952,0.7793,0.6418,0.9019,0.9723,335.0,Reach max iteration 50 | best_iter=6
roberta,sum,fb237_v2_ind_seed7005,150,50.0,48,7005,0.6842,0.6471,0.8853,0.809,0.7893,0.6471,0.9307,0.9748,325.8,Reach max iteration 50 | best_iter=26
roberta,sum,fb237_v2_ind_seed7009,150,50.0,48,7009,0.6296,0.6315,0.8736,0.7762,0.7687,0.6315,0.8728,0.972,332.6,Reach max iteration 50 | best_iter=7
roberta,sum,fb237_v2_ind_seed7001,150,50.0,64,7001,0.6659,0.6588,0.8888,0.7973,0.791,0.6588,0.9019,0.9829,338.9,Reach max iteration 50 | best_iter=13
roberta,sum,fb237_v2_ind_seed7005,150,50.0,64,7005,0.6926,0.6492,0.8843,0.8106,0.79,0.6492,0.9265,0.979,335.3,Reach max iteration 50 | best_iter=13
roberta,sum,fb237_v2_ind_seed7009,150,50.0,64,7009,0.6231,0.6293,0.8765,0.7717,0.7656,0.6293,0.8793,0.9677,340.1,Reach max iteration 50 | best_iter=6
roberta,sum,fb237_v2_ind_seed7001,150,50.0,80,7001,0.6659,0.6418,0.8972,0.7966,0.7858,0.6418,0.919,0.9829,342.5,Reach max iteration 50 | best_iter=49
roberta,sum,fb237_v2_ind_seed7005,150,50.0,80,7005,0.6905,0.6681,0.8744,0.8087,0.7985,0.6681,0.9181,0.9748,344.1,Reach max iteration 50 | best_iter=7
roberta,sum,fb237_v2_ind_seed7009,150,50.0,80,7009,0.6124,0.6422,0.8702,0.7679,0.7768,0.6422,0.8879,0.972,335.7,Reach max iteration 50 | best_iter=6
roberta,sum,fb237_v2_ind_seed7001,150,50.0,96,7001,0.6573,0.6525,0.8679,0.7963,0.7899,0.6525,0.9168,0.9851,338.7,Reach max iteration 50 | best_iter=5
roberta,sum,fb237_v2_ind_seed7005,150,50.0,96,7005,0.6863,0.666,0.8759,0.8084,0.7993,0.666,0.9307,0.979,341.9,Reach max iteration 50 | best_iter=9
roberta,sum,fb237_v2_ind_seed7009,150,50.0,96,7009,0.6296,0.6336,0.8796,0.7768,0.7698,0.6336,0.8815,0.9698,336.7,Reach max iteration 50 | best_iter=8
roberta,sum,fb237_v2_ind_seed7001,150,100.0,16,7001,0.6811,0.6525,0.8203,0.8049,0.7886,0.6525,0.9083,0.9851,327.3,Reach max iteration 50 | best_iter=15
roberta,sum,fb237_v2_ind_seed7005,150,100.0,16,7005,0.6905,0.6702,0.8109,0.8071,0.7963,0.6702,0.916,0.9706,339.5,Reach max iteration 50 | best_iter=17
roberta,sum,fb237_v2_ind_seed7009,150,100.0,16,7009,0.6552,0.6272,0.8231,0.7892,0.7638,0.6272,0.8728,0.9677,330.9,Reach max iteration 50 | best_iter=17
roberta,sum,fb237_v2_ind_seed7001,150,100.0,32,7001,0.6855,0.6567,0.8277,0.8112,0.7939,0.6567,0.9211,0.9872,341.1,Reach max iteration 50 | best_iter=9
roberta,sum,fb237_v2_ind_seed7005,150,100.0,32,7005,0.7053,0.6765,0.8225,0.8162,0.8055,0.6765,0.9202,0.9811,339.3,Reach max iteration 50 | best_iter=14
roberta,sum,fb237_v2_ind_seed7009,150,100.0,32,7009,0.6403,0.6422,0.8236,0.7799,0.7737,0.6422,0.8836,0.9698,336.1,Reach max iteration 50 | best_iter=7
roberta,sum,fb237_v2_ind_seed7001,150,100.0,48,7001,0.6746,0.6716,0.8349,0.8045,0.8001,0.6716,0.9126,0.9829,340.4,Reach max iteration 50 | best_iter=13
roberta,sum,fb237_v2_ind_seed7005,150,100.0,48,7005,0.7074,0.687,0.8182,0.8181,0.8083,0.687,0.9286,0.9832,332.9,Reach max iteration 50 | best_iter=8
roberta,sum,fb237_v2_ind_seed7009,150,100.0,48,7009,0.636,0.6466,0.8395,0.78,0.7731,0.6466,0.8772,0.9763,339.3,Reach max iteration 50 | best_iter=13
roberta,sum,fb237_v2_ind_seed7001,150,100.0,64,7001,0.679,0.6823,0.8376,0.8061,0.8058,0.6823,0.9168,0.9808,335.9,Reach max iteration 50 | best_iter=10
roberta,sum,fb237_v2_ind_seed7005,150,100.0,64,7005,0.7074,0.6702,0.8252,0.8182,0.8014,0.6702,0.9265,0.9769,340.4,Reach max iteration 50 | best_iter=7
roberta,sum,fb237_v2_ind_seed7009,150,100.0,64,7009,0.636,0.6358,0.8452,0.7783,0.7695,0.6358,0.8772,0.9698,334.7,Reach max iteration 50 | best_iter=43
roberta,sum,fb237_v2_ind_seed7001,150,100.0,80,7001,0.6941,0.6716,0.8191,0.8127,0.7984,0.6716,0.9019,0.9829,329.6,Reach max iteration 50 | best_iter=8
roberta,sum,fb237_v2_ind_seed7005,150,100.0,80,7005,0.7095,0.6891,0.8249,0.8186,0.81,0.6891,0.9223,0.9853,342.4,Reach max iteration 50 | best_iter=6
roberta,sum,fb237_v2_ind_seed7009,150,100.0,80,7009,0.6403,0.653,0.8546,0.7827,0.7795,0.653,0.8815,0.9655,343.6,Reach max iteration 50 | best_iter=44
roberta,sum,fb237_v2_ind_seed7001,150,100.0,96,7001,0.6811,0.6802,0.8275,0.808,0.8045,0.6802,0.919,0.9829,329.4,Reach max iteration 50 | best_iter=8
roberta,sum,fb237_v2_ind_seed7005,150,100.0,96,7005,0.7032,0.6786,0.8445,0.8151,0.8072,0.6786,0.9265,0.979,335.7,Reach max iteration 50 | best_iter=27
roberta,sum,fb237_v2_ind_seed7009,150,100.0,96,7009,0.6381,0.6401,0.8464,0.7851,0.7751,0.6401,0.8922,0.9806,336.8,Reach max iteration 50 | best_iter=10
roberta,sum,fb237_v2_ind_seed7001,150,500.0,16,7001,0.6052,0.6205,0.6153,0.7343,0.7345,0.6205,0.8209,0.9254,164.1,Reach max iteration 50 | best_iter=38
roberta,sum,fb237_v2_ind_seed7005,150,500.0,16,7005,0.5916,0.6071,0.6114,0.7163,0.7307,0.6071,0.8256,0.9307,164.0,Reach max iteration 50 | best_iter=8
roberta,sum,fb237_v2_ind_seed7009,150,500.0,16,7009,0.591,0.5668,0.6193,0.7195,0.6947,0.5668,0.7823,0.9138,163.7,Reach max iteration 50 | best_iter=50
roberta,sum,fb237_v2_ind_seed7001,150,500.0,32,7001,0.6247,0.6546,0.6545,0.7543,0.766,0.6546,0.855,0.951,189.7,Reach max iteration 50 | best_iter=49
roberta,sum,fb237_v2_ind_seed7005,150,500.0,32,7005,0.6211,0.6471,0.6503,0.7451,0.7667,0.6471,0.8655,0.9433,170.2,Reach max iteration 50 | best_iter=50
roberta,sum,fb237_v2_ind_seed7009,150,500.0,32,7009,0.6274,0.6013,0.6537,0.7478,0.725,0.6013,0.8082,0.9267,194.0,Reach max iteration 50 | best_iter=45
roberta,sum,fb237_v2_ind_seed7001,150,500.0,48,7001,0.6334,0.6525,0.6716,0.7633,0.765,0.6525,0.8529,0.951,223.8,Reach max iteration 50 | best_iter=10
roberta,sum,fb237_v2_ind_seed7005,150,500.0,48,7005,0.6463,0.6471,0.6638,0.7609,0.7647,0.6471,0.8529,0.9475,213.6,Reach max iteration 50 | best_iter=10
roberta,sum,fb237_v2_ind_seed7009,150,500.0,48,7009,0.6467,0.6121,0.676,0.7637,0.7367,0.6121,0.8427,0.9353,221.8,Reach max iteration 50 | best_iter=36
roberta,sum,fb237_v2_ind_seed7001,150,500.0,64,7001,0.6399,0.661,0.6848,0.7688,0.7715,0.661,0.855,0.951,227.3,Reach max iteration 50 | best_iter=11
roberta,sum,fb237_v2_ind_seed7005,150,500.0,64,7005,0.6442,0.6555,0.6832,0.7646,0.774,0.6555,0.8739,0.9517,232.5,Reach max iteration 50 | best_iter=15
roberta,sum,fb237_v2_ind_seed7009,150,500.0,64,7009,0.636,0.6207,0.6837,0.7614,0.743,0.6207,0.8405,0.9353,240.3,Reach max iteration 50 | best_iter=46
roberta,sum,fb237_v2_ind_seed7001,150,500.0,80,7001,0.6399,0.6567,0.6913,0.7689,0.7756,0.6567,0.8785,0.9552,276.3,Reach max iteration 50 | best_iter=10
roberta,sum,fb237_v2_ind_seed7005,150,500.0,80,7005,0.6547,0.6492,0.6839,0.7712,0.7728,0.6492,0.8739,0.9601,253.5,Reach max iteration 50 | best_iter=12
roberta,sum,fb237_v2_ind_seed7009,150,500.0,80,7009,0.6488,0.6228,0.6883,0.7706,0.7461,0.6228,0.8491,0.9397,257.0,Reach max iteration 50 | best_iter=10
roberta,sum,fb237_v2_ind_seed7001,150,500.0,96,7001,0.6443,0.6631,0.6977,0.7738,0.7801,0.6631,0.8742,0.9552,286.9,Reach max iteration 50 | best_iter=27
roberta,sum,fb237_v2_ind_seed7005,150,500.0,96,7005,0.6653,0.6555,0.6948,0.7787,0.7769,0.6555,0.8697,0.9622,282.1,Reach max iteration 50 | best_iter=14
roberta,sum,fb237_v2_ind_seed7009,150,500.0,96,7009,0.6467,0.6336,0.7003,0.7719,0.7541,0.6336,0.8513,0.9418,282.2,Reach max iteration 50 | best_iter=15
roberta,sum,fb237_v2_ind_seed7001,150,1000.0,16,7001,0.5011,0.5096,0.4834,0.6225,0.6283,0.5096,0.693,0.8316,159.6,Reach max iteration 50 | best_iter=14
roberta,sum,fb237_v2_ind_seed7005,150,1000.0,16,7005,0.4926,0.5168,0.4938,0.6111,0.6325,0.5168,0.6933,0.8382,160.3,Reach max iteration 50 | best_iter=47
roberta,sum,fb237_v2_ind_seed7009,150,1000.0,16,7009,0.4989,0.4569,0.4879,0.6217,0.5844,0.4569,0.6573,0.8017,160.6,Reach max iteration 50 | best_iter=48
roberta,sum,fb237_v2_ind_seed7001,150,1000.0,32,7001,0.5358,0.5586,0.5315,0.6655,0.6744,0.5586,0.7399,0.8785,163.6,Reach max iteration 50 | best_iter=18
roberta,sum,fb237_v2_ind_seed7005,150,1000.0,32,7005,0.5074,0.521,0.5134,0.6339,0.6521,0.521,0.7395,0.8655,163.2,Reach max iteration 50 | best_iter=24
roberta,sum,fb237_v2_ind_seed7009,150,1000.0,32,7009,0.5268,0.4914,0.5215,0.6512,0.6236,0.4914,0.7069,0.8362,162.2,Reach max iteration 50 | best_iter=18
roberta,sum,fb237_v2_ind_seed7001,150,1000.0,48,7001,0.551,0.5693,0.555,0.6833,0.6911,0.5693,0.774,0.887,166.2,Reach max iteration 50 | best_iter=49
roberta,sum,fb237_v2_ind_seed7005,150,1000.0,48,7005,0.5411,0.5462,0.5467,0.6678,0.6796,0.5462,0.7794,0.8887,164.2,Reach max iteration 50 | best_iter=41
roberta,sum,fb237_v2_ind_seed7009,150,1000.0,48,7009,0.5482,0.5108,0.5638,0.6743,0.6412,0.5108,0.722,0.8707,165.3,Reach max iteration 50 | best_iter=38
roberta,sum,fb237_v2_ind_seed7001,150,1000.0,64,7001,0.5618,0.5778,0.5675,0.6941,0.6981,0.5778,0.7804,0.8977,167.7,Reach max iteration 50 | best_iter=11
roberta,sum,fb237_v2_ind_seed7005,150,1000.0,64,7005,0.5474,0.5651,0.566,0.6783,0.6968,0.5651,0.7962,0.8971,166.6,Reach max iteration 50 | best_iter=25
roberta,sum,fb237_v2_ind_seed7009,150,1000.0,64,7009,0.5525,0.5237,0.5708,0.6807,0.6512,0.5237,0.7306,0.8728,172.7,Reach max iteration 50 | best_iter=24
roberta,sum,fb237_v2_ind_seed7001,150,1000.0,80,7001,0.5748,0.6055,0.5815,0.7073,0.7192,0.6055,0.7996,0.8998,182.5,Reach max iteration 50 | best_iter=15
roberta,sum,fb237_v2_ind_seed7005,150,1000.0,80,7005,0.5579,0.5756,0.5772,0.6889,0.7076,0.5756,0.8067,0.9202,183.8,Reach max iteration 50 | best_iter=38
roberta,sum,fb237_v2_ind_seed7009,150,1000.0,80,7009,0.5717,0.5496,0.5931,0.6971,0.6798,0.5496,0.7802,0.903,191.3,Reach max iteration 50 | best_iter=12
roberta,sum,fb237_v2_ind_seed7001,150,1000.0,96,7001,0.5922,0.6183,0.5978,0.7228,0.7316,0.6183,0.8166,0.9126,219.9,Reach max iteration 50 | best_iter=18
roberta,sum,fb237_v2_ind_seed7005,150,1000.0,96,7005,0.5832,0.6029,0.5931,0.7073,0.7264,0.6029,0.8172,0.9307,210.7,Reach max iteration 50 | best_iter=10
roberta,sum,fb237_v2_ind_seed7009,150,1000.0,96,7009,0.5824,0.5582,0.6027,0.7094,0.6909,0.5582,0.7931,0.9138,201.9,Reach max iteration 50 | best_iter=34
roberta,sum,fb237_v2_ind_seed7001,175,1.0,16,7001,0.6095,0.6119,0.9154,0.7523,0.7497,0.6119,0.8678,0.9638,381.7,Reach max iteration 50 | best_iter=50
roberta,sum,fb237_v2_ind_seed7005,175,1.0,16,7005,0.6253,0.5987,0.9128,0.7606,0.7468,0.5987,0.8803,0.9622,384.9,Reach max iteration 50 | best_iter=49
roberta,sum,fb237_v2_ind_seed7009,175,1.0,16,7009,0.5439,0.5668,0.9147,0.7144,0.7213,0.5668,0.8534,0.9375,377.1,Reach max iteration 50 | best_iter=50
roberta,sum,fb237_v2_ind_seed7001,175,1.0,32,7001,0.5987,0.6034,0.9154,0.7455,0.7453,0.6034,0.8721,0.9424,395.5,Reach max iteration 50 | best_iter=50
roberta,sum,fb237_v2_ind_seed7005,175,1.0,32,7005,0.6568,0.5987,0.7788,0.765,0.7347,0.5987,0.8466,0.9349,385.2,Reach max iteration 50 | best_iter=2
roberta,sum,fb237_v2_ind_seed7009,175,1.0,32,7009,0.561,0.5733,0.9144,0.7255,0.7225,0.5733,0.8448,0.944,387.4,Reach max iteration 50 | best_iter=32
roberta,sum,fb237_v2_ind_seed7001,175,1.0,48,7001,0.5987,0.5991,0.9154,0.751,0.7425,0.5991,0.8614,0.9552,398.5,Reach max iteration 50 | best_iter=50
roberta,sum,fb237_v2_ind_seed7005,175,1.0,48,7005,0.6442,0.6092,0.851,0.7676,0.7546,0.6092,0.8887,0.9643,386.7,Reach max iteration 50 | best_iter=3
roberta,sum,fb237_v2_ind_seed7009,175,1.0,48,7009,0.5889,0.5991,0.7955,0.7235,0.7181,0.5991,0.8039,0.9138,396.1,Reach max iteration 50 | best_iter=1
roberta,sum,fb237_v2_ind_seed7001,175,1.0,64,7001,0.6204,0.6077,0.9068,0.76,0.743,0.6077,0.855,0.9595,383.6,Reach max iteration 50 | best_iter=5
roberta,sum,fb237_v2_ind_seed7005,175,1.0,64,7005,0.6358,0.584,0.9123,0.7682,0.7342,0.584,0.8676,0.9496,393.9,Reach max iteration 50 | best_iter=47
roberta,sum,fb237_v2_ind_seed7009,175,1.0,64,7009,0.5503,0.5711,0.9144,0.7177,0.7205,0.5711,0.8491,0.944,385.9,Reach max iteration 50 | best_iter=50
roberta,sum,fb237_v2_ind_seed7001,175,1.0,80,7001,0.6161,0.6034,0.9154,0.7573,0.7531,0.6034,0.887,0.9616,391.0,Reach max iteration 50 | best_iter=21
roberta,sum,fb237_v2_ind_seed7005,175,1.0,80,7005,0.6358,0.6239,0.8933,0.7655,0.7657,0.6239,0.8908,0.958,384.9,Reach max iteration 50 | best_iter=4
roberta,sum,fb237_v2_ind_seed7009,175,1.0,80,7009,0.5632,0.5819,0.858,0.7216,0.7244,0.5819,0.8448,0.944,387.7,Reach max iteration 50 | best_iter=2
roberta,sum,fb237_v2_ind_seed7001,175,1.0,96,7001,0.6204,0.6034,0.8402,0.7596,0.7386,0.6034,0.8529,0.9531,388.3,Reach max iteration 50 | best_iter=2
roberta,sum,fb237_v2_ind_seed7005,175,1.0,96,7005,0.6379,0.5798,0.9123,0.7694,0.74,0.5798,0.8803,0.958,387.1,Reach max iteration 50 | best_iter=41
roberta,sum,fb237_v2_ind_seed7009,175,1.0,96,7009,0.5803,0.569,0.8741,0.7314,0.7225,0.569,0.8534,0.9375,384.8,Reach max iteration 50 | best_iter=3
roberta,sum,fb237_v2_ind_seed7001,175,5.0,16,7001,0.6117,0.6205,0.9149,0.7584,0.7593,0.6205,0.8763,0.968,382.0,Reach max iteration 50 | best_iter=19
roberta,sum,fb237_v2_ind_seed7005,175,5.0,16,7005,0.64,0.6029,0.9121,0.7726,0.7537,0.6029,0.8887,0.9622,371.5,Reach max iteration 50 | best_iter=28
roberta,sum,fb237_v2_ind_seed7009,175,5.0,16,7009,0.5696,0.5668,0.9142,0.73,0.7228,0.5668,0.8491,0.944,372.3,Reach max iteration 50 | best_iter=21
roberta,sum,fb237_v2_ind_seed7001,175,5.0,32,7001,0.6117,0.6098,0.9154,0.7616,0.7577,0.6098,0.8913,0.9659,390.3,Reach max iteration 50 | best_iter=45
roberta,sum,fb237_v2_ind_seed7005,175,5.0,32,7005,0.6526,0.6029,0.9116,0.7765,0.7569,0.6029,0.8929,0.9643,386.7,Reach max iteration 50 | best_iter=13
roberta,sum,fb237_v2_ind_seed7009,175,5.0,32,7009,0.5846,0.5754,0.9142,0.7417,0.7274,0.5754,0.8621,0.9569,388.2,Reach max iteration 50 | best_iter=18
roberta,sum,fb237_v2_ind_seed7001,175,5.0,48,7001,0.6247,0.6226,0.9149,0.768,0.7604,0.6226,0.8806,0.9595,390.5,Reach max iteration 50 | best_iter=14
roberta,sum,fb237_v2_ind_seed7005,175,5.0,48,7005,0.6442,0.6071,0.9121,0.779,0.757,0.6071,0.8929,0.9748,391.3,Reach max iteration 50 | best_iter=13
roberta,sum,fb237_v2_ind_seed7009,175,5.0,48,7009,0.5889,0.5603,0.9144,0.7451,0.7185,0.5603,0.8405,0.9526,388.5,Reach max iteration 50 | best_iter=38
roberta,sum,fb237_v2_ind_seed7001,175,5.0,64,7001,0.6247,0.6247,0.9154,0.7711,0.765,0.6247,0.8827,0.9765,386.6,Reach max iteration 50 | best_iter=48
roberta,sum,fb237_v2_ind_seed7005,175,5.0,64,7005,0.6589,0.6008,0.9119,0.7848,0.7494,0.6008,0.8803,0.9643,389.5,Reach max iteration 50 | best_iter=15
roberta,sum,fb237_v2_ind_seed7009,175,5.0,64,7009,0.5889,0.5884,0.9142,0.7449,0.7376,0.5884,0.8599,0.9569,388.9,Reach max iteration 50 | best_iter=38
roberta,sum,fb237_v2_ind_seed7001,175,5.0,80,7001,0.6226,0.6098,0.9154,0.767,0.7584,0.6098,0.8934,0.968,386.5,Reach max iteration 50 | best_iter=31
roberta,sum,fb237_v2_ind_seed7005,175,5.0,80,7005,0.6442,0.6155,0.9121,0.7777,0.767,0.6155,0.9034,0.9664,391.6,Reach max iteration 50 | best_iter=49
roberta,sum,fb237_v2_ind_seed7009,175,5.0,80,7009,0.5824,0.5862,0.9144,0.7409,0.7372,0.5862,0.875,0.9526,387.5,Reach max iteration 50 | best_iter=32
roberta,sum,fb237_v2_ind_seed7001,175,5.0,96,7001,0.6226,0.597,0.9135,0.7628,0.7496,0.597,0.8977,0.9552,385.7,Reach max iteration 50 | best_iter=6
roberta,sum,fb237_v2_ind_seed7005,175,5.0,96,7005,0.6526,0.5966,0.9121,0.7825,0.7543,0.5966,0.8908,0.9706,385.2,Reach max iteration 50 | best_iter=31
roberta,sum,fb237_v2_ind_seed7009,175,5.0,96,7009,0.5931,0.5797,0.9142,0.7444,0.7315,0.5797,0.8599,0.9569,387.1,Reach max iteration 50 | best_iter=48
roberta,sum,fb237_v2_ind_seed7001,175,10.0,16,7001,0.6269,0.6205,0.9149,0.7676,0.7628,0.6205,0.8913,0.9701,377.5,Reach max iteration 50 | best_iter=12
roberta,sum,fb237_v2_ind_seed7005,175,10.0,16,7005,0.64,0.5966,0.9119,0.7756,0.7523,0.5966,0.9034,0.9643,388.8,Reach max iteration 50 | best_iter=14
roberta,sum,fb237_v2_ind_seed7009,175,10.0,16,7009,0.5824,0.5819,0.9142,0.7341,0.7321,0.5819,0.8578,0.9569,361.4,Reach max iteration 50 | best_iter=48
roberta,sum,fb237_v2_ind_seed7001,175,10.0,32,7001,0.6204,0.6205,0.9149,0.767,0.7662,0.6205,0.9041,0.9723,378.2,Reach max iteration 50 | best_iter=35
roberta,sum,fb237_v2_ind_seed7005,175,10.0,32,7005,0.6653,0.6092,0.9119,0.7911,0.761,0.6092,0.9055,0.9685,392.5,Reach max iteration 50 | best_iter=15
roberta,sum,fb237_v2_ind_seed7009,175,10.0,32,7009,0.5889,0.5797,0.914,0.7458,0.7355,0.5797,0.8642,0.9569,379.9,Reach max iteration 50 | best_iter=18
roberta,sum,fb237_v2_ind_seed7001,175,10.0,48,7001,0.6291,0.6226,0.9135,0.77,0.7651,0.6226,0.8913,0.968,386.0,Reach max iteration 50 | best_iter=8
roberta,sum,fb237_v2_ind_seed7005,175,10.0,48,7005,0.6505,0.6134,0.9116,0.7844,0.7618,0.6134,0.8992,0.9748,388.0,Reach max iteration 50 | best_iter=11
roberta,sum,fb237_v2_ind_seed7009,175,10.0,48,7009,0.591,0.5797,0.914,0.7484,0.7309,0.5797,0.8534,0.9569,386.3,Reach max iteration 50 | best_iter=17
roberta,sum,fb237_v2_ind_seed7001,175,10.0,64,7001,0.6356,0.6375,0.9147,0.777,0.776,0.6375,0.9083,0.9701,375.6,Reach max iteration 50 | best_iter=23
roberta,sum,fb237_v2_ind_seed7005,175,10.0,64,7005,0.6611,0.6029,0.9116,0.7895,0.7554,0.6029,0.8887,0.9685,383.1,Reach max iteration 50 | best_iter=14
roberta,sum,fb237_v2_ind_seed7009,175,10.0,64,7009,0.5867,0.597,0.914,0.7475,0.743,0.597,0.8664,0.9591,382.5,Reach max iteration 50 | best_iter=26
roberta,sum,fb237_v2_ind_seed7001,175,10.0,80,7001,0.6356,0.6333,0.914,0.7757,0.7753,0.6333,0.9062,0.9744,388.9,Reach max iteration 50 | best_iter=12
roberta,sum,fb237_v2_ind_seed7005,175,10.0,80,7005,0.6547,0.6239,0.9121,0.7833,0.7708,0.6239,0.9097,0.9727,378.7,Reach max iteration 50 | best_iter=39
roberta,sum,fb237_v2_ind_seed7009,175,10.0,80,7009,0.5996,0.5884,0.914,0.7539,0.7383,0.5884,0.8707,0.9504,384.6,Reach max iteration 50 | best_iter=31
roberta,sum,fb237_v2_ind_seed7001,175,10.0,96,7001,0.6356,0.6183,0.9145,0.7763,0.7639,0.6183,0.8977,0.9701,393.7,Reach max iteration 50 | best_iter=24
roberta,sum,fb237_v2_ind_seed7005,175,10.0,96,7005,0.6632,0.6092,0.9119,0.7916,0.7661,0.6092,0.916,0.979,383.6,Reach max iteration 50 | best_iter=24
roberta,sum,fb237_v2_ind_seed7009,175,10.0,96,7009,0.5931,0.5905,0.913,0.7485,0.7434,0.5905,0.8772,0.9591,381.8,Reach max iteration 50 | best_iter=12
roberta,sum,fb237_v2_ind_seed7001,175,50.0,16,7001,0.6659,0.6482,0.8626,0.7947,0.7829,0.6482,0.9062,0.9787,373.9,Reach max iteration 50 | best_iter=7
roberta,sum,fb237_v2_ind_seed7005,175,50.0,16,7005,0.6716,0.6408,0.8621,0.7962,0.7817,0.6408,0.9097,0.9727,382.1,Reach max iteration 50 | best_iter=7
roberta,sum,fb237_v2_ind_seed7009,175,50.0,16,7009,0.6017,0.625,0.8721,0.7577,0.7638,0.625,0.8685,0.9698,379.3,Reach max iteration 50 | best_iter=6
roberta,sum,fb237_v2_ind_seed7001,175,50.0,32,7001,0.6659,0.6482,0.8854,0.7954,0.7877,0.6482,0.919,0.9744,391.4,Reach max iteration 50 | best_iter=9
roberta,sum,fb237_v2_ind_seed7005,175,50.0,32,7005,0.6737,0.6324,0.8846,0.7978,0.7815,0.6324,0.916,0.9811,384.6,Reach max iteration 50 | best_iter=25
roberta,sum,fb237_v2_ind_seed7009,175,50.0,32,7009,0.6081,0.6207,0.8921,0.7645,0.7637,0.6207,0.8836,0.9698,380.8,Reach max iteration 50 | best_iter=16
roberta,sum,fb237_v2_ind_seed7001,175,50.0,48,7001,0.6681,0.6546,0.8681,0.7996,0.7881,0.6546,0.9083,0.9808,392.9,Reach max iteration 50 | best_iter=4
roberta,sum,fb237_v2_ind_seed7005,175,50.0,48,7005,0.6989,0.666,0.8578,0.8146,0.7976,0.666,0.916,0.9769,382.4,Reach max iteration 50 | best_iter=6
roberta,sum,fb237_v2_ind_seed7009,175,50.0,48,7009,0.6274,0.6315,0.8645,0.7743,0.7649,0.6315,0.8707,0.9655,381.8,Reach max iteration 50 | best_iter=6
roberta,sum,fb237_v2_ind_seed7001,175,50.0,64,7001,0.6638,0.6525,0.8679,0.7975,0.7889,0.6525,0.9126,0.9829,388.3,Reach max iteration 50 | best_iter=5
roberta,sum,fb237_v2_ind_seed7005,175,50.0,64,7005,0.6968,0.6681,0.8616,0.8123,0.798,0.6681,0.9202,0.9832,388.6,Reach max iteration 50 | best_iter=6
roberta,sum,fb237_v2_ind_seed7009,175,50.0,64,7009,0.621,0.6509,0.8635,0.7715,0.7793,0.6509,0.8858,0.9741,372.6,Reach max iteration 50 | best_iter=7
roberta,sum,fb237_v2_ind_seed7001,175,50.0,80,7001,0.6659,0.6439,0.8455,0.7968,0.7808,0.6439,0.9019,0.9787,383.4,Reach max iteration 50 | best_iter=5
roberta,sum,fb237_v2_ind_seed7005,175,50.0,80,7005,0.6947,0.6765,0.8628,0.8127,0.8038,0.6765,0.9244,0.9769,394.8,Reach max iteration 50 | best_iter=5
roberta,sum,fb237_v2_ind_seed7009,175,50.0,80,7009,0.6124,0.6272,0.8907,0.7692,0.767,0.6272,0.8901,0.9634,388.9,Reach max iteration 50 | best_iter=11
roberta,sum,fb237_v2_ind_seed7001,175,50.0,96,7001,0.6551,0.6631,0.8707,0.7933,0.7961,0.6631,0.9083,0.9829,384.3,Reach max iteration 50 | best_iter=8
roberta,sum,fb237_v2_ind_seed7005,175,50.0,96,7005,0.6884,0.6702,0.8761,0.8087,0.8009,0.6702,0.9244,0.9811,386.3,Reach max iteration 50 | best_iter=12
roberta,sum,fb237_v2_ind_seed7009,175,50.0,96,7009,0.6296,0.6336,0.8772,0.7731,0.7699,0.6336,0.8879,0.9698,389.6,Reach max iteration 50 | best_iter=7
roberta,sum,fb237_v2_ind_seed7001,175,100.0,16,7001,0.679,0.6588,0.8126,0.8064,0.7893,0.6588,0.9041,0.9765,384.7,Reach max iteration 50 | best_iter=7
roberta,sum,fb237_v2_ind_seed7005,175,100.0,16,7005,0.7095,0.6681,0.8112,0.8153,0.7982,0.6681,0.9244,0.9769,390.4,Reach max iteration 50 | best_iter=37
roberta,sum,fb237_v2_ind_seed7009,175,100.0,16,7009,0.651,0.6293,0.8236,0.7856,0.7645,0.6293,0.8793,0.972,374.4,Reach max iteration 50 | best_iter=33
roberta,sum,fb237_v2_ind_seed7001,175,100.0,32,7001,0.679,0.6716,0.8186,0.804,0.798,0.6716,0.9083,0.9872,381.3,Reach max iteration 50 | best_iter=8
roberta,sum,fb237_v2_ind_seed7005,175,100.0,32,7005,0.7011,0.6786,0.8194,0.813,0.8039,0.6786,0.9181,0.979,383.5,Reach max iteration 50 | best_iter=13
roberta,sum,fb237_v2_ind_seed7009,175,100.0,32,7009,0.6381,0.6444,0.8366,0.7791,0.7748,0.6444,0.8772,0.9741,383.4,Reach max iteration 50 | best_iter=29
roberta,sum,fb237_v2_ind_seed7001,175,100.0,48,7001,0.679,0.6716,0.8304,0.8059,0.7998,0.6716,0.9168,0.9808,388.5,Reach max iteration 50 | best_iter=10
roberta,sum,fb237_v2_ind_seed7005,175,100.0,48,7005,0.6947,0.6807,0.8314,0.8111,0.8052,0.6807,0.916,0.9811,380.6,Reach max iteration 50 | best_iter=37
roberta,sum,fb237_v2_ind_seed7009,175,100.0,48,7009,0.6552,0.6336,0.782,0.7838,0.7572,0.6336,0.8578,0.9461,391.7,Reach max iteration 50 | best_iter=3
roberta,sum,fb237_v2_ind_seed7001,175,100.0,64,7001,0.6811,0.6652,0.8337,0.8056,0.7965,0.6652,0.9104,0.9787,379.9,Reach max iteration 50 | best_iter=8
roberta,sum,fb237_v2_ind_seed7005,175,100.0,64,7005,0.7095,0.6681,0.816,0.8188,0.7985,0.6681,0.9223,0.979,387.2,Reach max iteration 50 | best_iter=10
roberta,sum,fb237_v2_ind_seed7009,175,100.0,64,7009,0.6424,0.6466,0.8265,0.7832,0.7752,0.6466,0.8793,0.9741,386.2,Reach max iteration 50 | best_iter=8
roberta,sum,fb237_v2_ind_seed7001,175,100.0,80,7001,0.6898,0.678,0.8123,0.8112,0.7995,0.678,0.9062,0.9765,384.0,Reach max iteration 50 | best_iter=7
roberta,sum,fb237_v2_ind_seed7005,175,100.0,80,7005,0.6968,0.6849,0.8384,0.8148,0.8089,0.6849,0.9202,0.979,385.4,Reach max iteration 50 | best_iter=15
roberta,sum,fb237_v2_ind_seed7009,175,100.0,80,7009,0.6445,0.6466,0.8313,0.7851,0.7767,0.6466,0.8836,0.9784,370.7,Reach max iteration 50 | best_iter=9
roberta,sum,fb237_v2_ind_seed7001,175,100.0,96,7001,0.6876,0.6844,0.8176,0.8105,0.8055,0.6844,0.9126,0.9893,386.8,Reach max iteration 50 | best_iter=6
roberta,sum,fb237_v2_ind_seed7005,175,100.0,96,7005,0.7179,0.6933,0.8285,0.8239,0.8142,0.6933,0.9244,0.9874,392.2,Reach max iteration 50 | best_iter=9
roberta,sum,fb237_v2_ind_seed7009,175,100.0,96,7009,0.6403,0.6444,0.8267,0.7823,0.777,0.6444,0.8836,0.9784,389.3,Reach max iteration 50 | best_iter=7
roberta,sum,fb237_v2_ind_seed7001,175,500.0,16,7001,0.5944,0.6226,0.617,0.728,0.7378,0.6226,0.8273,0.9232,187.7,Reach max iteration 50 | best_iter=50
roberta,sum,fb237_v2_ind_seed7005,175,500.0,16,7005,0.5979,0.605,0.6172,0.7183,0.7287,0.605,0.8172,0.9244,187.5,Reach max iteration 50 | best_iter=14
roberta,sum,fb237_v2_ind_seed7009,175,500.0,16,7009,0.5889,0.5668,0.6174,0.7177,0.6959,0.5668,0.7888,0.9116,183.4,Reach max iteration 50 | best_iter=14
roberta,sum,fb237_v2_ind_seed7001,175,500.0,32,7001,0.6247,0.6482,0.655,0.7533,0.7617,0.6482,0.8422,0.9446,203.3,Reach max iteration 50 | best_iter=8
roberta,sum,fb237_v2_ind_seed7005,175,500.0,32,7005,0.6253,0.6324,0.6484,0.7473,0.7559,0.6324,0.8508,0.9433,193.2,Reach max iteration 50 | best_iter=11
roberta,sum,fb237_v2_ind_seed7009,175,500.0,32,7009,0.6253,0.5927,0.6501,0.7495,0.7195,0.5927,0.8125,0.9203,214.8,Reach max iteration 50 | best_iter=48
roberta,sum,fb237_v2_ind_seed7001,175,500.0,48,7001,0.6312,0.6546,0.6725,0.7634,0.7697,0.6546,0.8614,0.9531,254.6,Reach max iteration 50 | best_iter=13
roberta,sum,fb237_v2_ind_seed7005,175,500.0,48,7005,0.6484,0.645,0.6646,0.7623,0.7639,0.645,0.8592,0.9496,234.5,Reach max iteration 50 | best_iter=9
roberta,sum,fb237_v2_ind_seed7009,175,500.0,48,7009,0.6381,0.6121,0.6758,0.7591,0.7366,0.6121,0.8384,0.9332,252.3,Reach max iteration 50 | best_iter=23
roberta,sum,fb237_v2_ind_seed7001,175,500.0,64,7001,0.6377,0.6567,0.6836,0.7657,0.7711,0.6567,0.8678,0.951,263.9,Reach max iteration 50 | best_iter=15
roberta,sum,fb237_v2_ind_seed7005,175,500.0,64,7005,0.6589,0.6471,0.6791,0.7706,0.7671,0.6471,0.8655,0.9517,257.5,Reach max iteration 50 | best_iter=13
roberta,sum,fb237_v2_ind_seed7009,175,500.0,64,7009,0.6467,0.6185,0.6789,0.7667,0.7405,0.6185,0.8362,0.9397,273.9,Reach max iteration 50 | best_iter=50
roberta,sum,fb237_v2_ind_seed7001,175,500.0,80,7001,0.6486,0.6567,0.6742,0.7714,0.7661,0.6567,0.8465,0.951,303.5,Reach max iteration 50 | best_iter=7
roberta,sum,fb237_v2_ind_seed7005,175,500.0,80,7005,0.6611,0.6597,0.6902,0.7754,0.7795,0.6597,0.8761,0.9622,290.2,Reach max iteration 50 | best_iter=12
roberta,sum,fb237_v2_ind_seed7009,175,500.0,80,7009,0.6467,0.6207,0.6881,0.7693,0.7459,0.6207,0.847,0.944,295.1,Reach max iteration 50 | best_iter=48
roberta,sum,fb237_v2_ind_seed7001,175,500.0,96,7001,0.6377,0.661,0.7016,0.7698,0.7796,0.661,0.8785,0.9552,327.2,Reach max iteration 50 | best_iter=39
roberta,sum,fb237_v2_ind_seed7005,175,500.0,96,7005,0.6611,0.6555,0.695,0.7759,0.7787,0.6555,0.8782,0.9622,326.6,Reach max iteration 50 | best_iter=15
roberta,sum,fb237_v2_ind_seed7009,175,500.0,96,7009,0.6467,0.6207,0.6974,0.7711,0.7466,0.6207,0.8491,0.9418,322.4,Reach max iteration 50 | best_iter=30
roberta,sum,fb237_v2_ind_seed7001,175,1000.0,16,7001,0.5184,0.5203,0.4938,0.6361,0.6374,0.5203,0.7058,0.838,186.3,Reach max iteration 50 | best_iter=42
roberta,sum,fb237_v2_ind_seed7005,175,1000.0,16,7005,0.4905,0.5063,0.4941,0.612,0.6255,0.5063,0.6996,0.8487,183.6,Reach max iteration 50 | best_iter=50
roberta,sum,fb237_v2_ind_seed7009,175,1000.0,16,7009,0.5118,0.4763,0.4984,0.6293,0.5991,0.4763,0.6659,0.8103,185.1,Reach max iteration 50 | best_iter=42
roberta,sum,fb237_v2_ind_seed7001,175,1000.0,32,7001,0.5315,0.5522,0.5223,0.6606,0.6668,0.5522,0.7356,0.8699,182.8,Reach max iteration 50 | best_iter=41
roberta,sum,fb237_v2_ind_seed7005,175,1000.0,32,7005,0.52,0.5462,0.5325,0.6485,0.6689,0.5462,0.7542,0.8655,183.2,Reach max iteration 50 | best_iter=32
roberta,sum,fb237_v2_ind_seed7009,175,1000.0,32,7009,0.5268,0.5172,0.5285,0.6503,0.6359,0.5172,0.7047,0.8427,184.8,Reach max iteration 50 | best_iter=25
roberta,sum,fb237_v2_ind_seed7001,175,1000.0,48,7001,0.551,0.5778,0.5569,0.6854,0.6972,0.5778,0.7761,0.887,186.8,Reach max iteration 50 | best_iter=19
roberta,sum,fb237_v2_ind_seed7005,175,1000.0,48,7005,0.5347,0.5483,0.5501,0.6624,0.6799,0.5483,0.7773,0.8824,189.5,Reach max iteration 50 | best_iter=50
roberta,sum,fb237_v2_ind_seed7009,175,1000.0,48,7009,0.5375,0.5366,0.5674,0.6696,0.6621,0.5366,0.7392,0.8772,187.2,Reach max iteration 50 | best_iter=15
roberta,sum,fb237_v2_ind_seed7001,175,1000.0,64,7001,0.5727,0.597,0.568,0.7017,0.7096,0.597,0.7846,0.8913,190.7,Reach max iteration 50 | best_iter=50
roberta,sum,fb237_v2_ind_seed7005,175,1000.0,64,7005,0.5558,0.5735,0.5651,0.6813,0.7015,0.5735,0.7899,0.9076,192.1,Reach max iteration 50 | best_iter=43
roberta,sum,fb237_v2_ind_seed7009,175,1000.0,64,7009,0.5396,0.5302,0.5631,0.6734,0.663,0.5302,0.7543,0.8793,192.0,Reach max iteration 50 | best_iter=10
roberta,sum,fb237_v2_ind_seed7001,175,1000.0,80,7001,0.577,0.6013,0.5827,0.7113,0.72,0.6013,0.8102,0.9104,210.3,Reach max iteration 50 | best_iter=44
roberta,sum,fb237_v2_ind_seed7005,175,1000.0,80,7005,0.5621,0.5924,0.5834,0.6931,0.7181,0.5924,0.813,0.9202,228.3,Reach max iteration 50 | best_iter=50
roberta,sum,fb237_v2_ind_seed7009,175,1000.0,80,7009,0.5803,0.5409,0.5914,0.703,0.6743,0.5409,0.7694,0.9138,216.2,Reach max iteration 50 | best_iter=46
roberta,sum,fb237_v2_ind_seed7001,175,1000.0,96,7001,0.5922,0.6162,0.5961,0.7215,0.7316,0.6162,0.8102,0.9168,240.5,Reach max iteration 50 | best_iter=28
roberta,sum,fb237_v2_ind_seed7005,175,1000.0,96,7005,0.5874,0.5945,0.596,0.7107,0.7244,0.5945,0.8256,0.9244,223.0,Reach max iteration 50 | best_iter=13
roberta,sum,fb237_v2_ind_seed7009,175,1000.0,96,7009,0.5739,0.5409,0.591,0.7,0.6792,0.5409,0.7737,0.9116,233.9,Reach max iteration 50 | best_iter=28
roberta,sum,fb237_v2_ind_seed7001,200,1.0,16,7001,0.6009,0.6141,0.9154,0.7503,0.7529,0.6141,0.8699,0.9659,433.5,Reach max iteration 50 | best_iter=27
roberta,sum,fb237_v2_ind_seed7005,200,1.0,16,7005,0.64,0.605,0.8809,0.7668,0.7444,0.605,0.855,0.9559,430.8,Reach max iteration 50 | best_iter=3
roberta,sum,fb237_v2_ind_seed7009,200,1.0,16,7009,0.5567,0.5711,0.9147,0.7215,0.7213,0.5711,0.8427,0.9504,421.1,Reach max iteration 50 | best_iter=43
roberta,sum,fb237_v2_ind_seed7001,200,1.0,32,7001,0.6095,0.6034,0.9154,0.7553,0.7484,0.6034,0.8763,0.9659,441.7,Reach max iteration 50 | best_iter=46
roberta,sum,fb237_v2_ind_seed7005,200,1.0,32,7005,0.6316,0.6113,0.9123,0.7683,0.7538,0.6113,0.8761,0.9538,429.1,Reach max iteration 50 | best_iter=49
roberta,sum,fb237_v2_ind_seed7009,200,1.0,32,7009,0.5675,0.5819,0.914,0.7216,0.7298,0.5819,0.8707,0.9418,434.5,Reach max iteration 50 | best_iter=6
roberta,sum,fb237_v2_ind_seed7001,200,1.0,48,7001,0.603,0.6013,0.9154,0.7481,0.7482,0.6013,0.8827,0.951,436.4,Reach max iteration 50 | best_iter=48
roberta,sum,fb237_v2_ind_seed7005,200,1.0,48,7005,0.6189,0.6113,0.9123,0.759,0.7568,0.6113,0.8908,0.9517,427.8,Reach max iteration 50 | best_iter=48
roberta,sum,fb237_v2_ind_seed7009,200,1.0,48,7009,0.5739,0.5905,0.8705,0.7307,0.7314,0.5905,0.8405,0.9397,436.0,Reach max iteration 50 | best_iter=2
roberta,sum,fb237_v2_ind_seed7001,200,1.0,64,7001,0.6269,0.6226,0.9034,0.7677,0.7555,0.6226,0.8614,0.9595,434.0,Reach max iteration 50 | best_iter=3
roberta,sum,fb237_v2_ind_seed7005,200,1.0,64,7005,0.64,0.6218,0.8872,0.7705,0.7568,0.6218,0.8782,0.958,427.5,Reach max iteration 50 | best_iter=4
roberta,sum,fb237_v2_ind_seed7009,200,1.0,64,7009,0.5803,0.5797,0.8637,0.7256,0.7217,0.5797,0.8362,0.9246,435.2,Reach max iteration 50 | best_iter=3
roberta,sum,fb237_v2_ind_seed7001,200,1.0,80,7001,0.6226,0.6013,0.9058,0.7621,0.7491,0.6013,0.887,0.9659,440.4,Reach max iteration 50 | best_iter=3
roberta,sum,fb237_v2_ind_seed7005,200,1.0,80,7005,0.6463,0.6197,0.9015,0.7754,0.7593,0.6197,0.8824,0.9538,438.3,Reach max iteration 50 | best_iter=4
roberta,sum,fb237_v2_ind_seed7009,200,1.0,80,7009,0.5739,0.5733,0.9144,0.7324,0.7258,0.5733,0.8621,0.9483,427.4,Reach max iteration 50 | best_iter=44
roberta,sum,fb237_v2_ind_seed7001,200,1.0,96,7001,0.6269,0.6333,0.8075,0.7548,0.756,0.6333,0.8614,0.9488,443.3,Reach max iteration 50 | best_iter=2
roberta,sum,fb237_v2_ind_seed7005,200,1.0,96,7005,0.6274,0.6092,0.9123,0.7643,0.754,0.6092,0.8824,0.958,428.7,Reach max iteration 50 | best_iter=50
roberta,sum,fb237_v2_ind_seed7009,200,1.0,96,7009,0.576,0.5711,0.9144,0.7372,0.7237,0.5711,0.8513,0.9504,441.5,Reach max iteration 50 | best_iter=48
roberta,sum,fb237_v2_ind_seed7001,200,5.0,16,7001,0.6226,0.6205,0.9152,0.7671,0.7585,0.6205,0.8849,0.968,420.7,Reach max iteration 50 | best_iter=14
roberta,sum,fb237_v2_ind_seed7005,200,5.0,16,7005,0.6379,0.5945,0.9121,0.773,0.7467,0.5945,0.8908,0.9538,419.2,Reach max iteration 50 | best_iter=38
roberta,sum,fb237_v2_ind_seed7009,200,5.0,16,7009,0.5567,0.5603,0.9142,0.7206,0.7215,0.5603,0.8578,0.9461,401.9,Reach max iteration 50 | best_iter=21
roberta,sum,fb237_v2_ind_seed7001,200,5.0,32,7001,0.6269,0.6098,0.9154,0.7685,0.7553,0.6098,0.8955,0.9616,424.1,Reach max iteration 50 | best_iter=40
roberta,sum,fb237_v2_ind_seed7005,200,5.0,32,7005,0.6442,0.6176,0.9121,0.7792,0.7634,0.6176,0.8929,0.9706,417.8,Reach max iteration 50 | best_iter=25
roberta,sum,fb237_v2_ind_seed7009,200,5.0,32,7009,0.5803,0.5711,0.9144,0.7382,0.7229,0.5711,0.847,0.9547,425.7,Reach max iteration 50 | best_iter=50
roberta,sum,fb237_v2_ind_seed7001,200,5.0,48,7001,0.6312,0.6247,0.9152,0.7727,0.7628,0.6247,0.8806,0.9595,436.0,Reach max iteration 50 | best_iter=40
roberta,sum,fb237_v2_ind_seed7005,200,5.0,48,7005,0.6463,0.6197,0.9121,0.7804,0.7677,0.6197,0.9013,0.9664,425.5,Reach max iteration 50 | best_iter=17
roberta,sum,fb237_v2_ind_seed7009,200,5.0,48,7009,0.5717,0.5733,0.9142,0.7347,0.7299,0.5733,0.8664,0.9547,422.8,Reach max iteration 50 | best_iter=36
roberta,sum,fb237_v2_ind_seed7001,200,5.0,64,7001,0.6247,0.6183,0.9154,0.7697,0.7653,0.6183,0.9062,0.968,431.4,Reach max iteration 50 | best_iter=42
roberta,sum,fb237_v2_ind_seed7005,200,5.0,64,7005,0.6421,0.6218,0.9121,0.7784,0.767,0.6218,0.9097,0.9664,422.5,Reach max iteration 50 | best_iter=45
roberta,sum,fb237_v2_ind_seed7009,200,5.0,64,7009,0.5889,0.5819,0.9142,0.7444,0.7336,0.5819,0.8621,0.9569,430.1,Reach max iteration 50 | best_iter=36
roberta,sum,fb237_v2_ind_seed7001,200,5.0,80,7001,0.6182,0.6226,0.9154,0.7664,0.7665,0.6226,0.8977,0.9701,434.7,Reach max iteration 50 | best_iter=46
roberta,sum,fb237_v2_ind_seed7005,200,5.0,80,7005,0.6505,0.6155,0.9121,0.7816,0.7642,0.6155,0.895,0.9664,433.0,Reach max iteration 50 | best_iter=27
roberta,sum,fb237_v2_ind_seed7009,200,5.0,80,7009,0.5931,0.5862,0.914,0.7492,0.7372,0.5862,0.8728,0.9418,425.6,Reach max iteration 50 | best_iter=24
roberta,sum,fb237_v2_ind_seed7001,200,5.0,96,7001,0.6226,0.6205,0.9152,0.7656,0.7627,0.6205,0.8849,0.9616,446.9,Reach max iteration 50 | best_iter=35
roberta,sum,fb237_v2_ind_seed7005,200,5.0,96,7005,0.6463,0.6092,0.9121,0.7781,0.7617,0.6092,0.9055,0.9664,423.8,Reach max iteration 50 | best_iter=49
roberta,sum,fb237_v2_ind_seed7009,200,5.0,96,7009,0.5889,0.5862,0.9142,0.7494,0.7354,0.5862,0.8599,0.9569,435.4,Reach max iteration 50 | best_iter=22
roberta,sum,fb237_v2_ind_seed7001,200,10.0,16,7001,0.6247,0.6226,0.9106,0.7669,0.7636,0.6226,0.8977,0.9701,416.7,Reach max iteration 50 | best_iter=8
roberta,sum,fb237_v2_ind_seed7005,200,10.0,16,7005,0.6484,0.6029,0.9119,0.7796,0.7553,0.6029,0.8971,0.9517,416.1,Reach max iteration 50 | best_iter=18
roberta,sum,fb237_v2_ind_seed7009,200,10.0,16,7009,0.5675,0.5711,0.914,0.7333,0.7272,0.5711,0.8621,0.9483,420.5,Reach max iteration 50 | best_iter=45
roberta,sum,fb237_v2_ind_seed7001,200,10.0,32,7001,0.6247,0.6013,0.8849,0.7715,0.7491,0.6013,0.8806,0.9574,420.3,Reach max iteration 50 | best_iter=3
roberta,sum,fb237_v2_ind_seed7005,200,10.0,32,7005,0.6547,0.6155,0.9119,0.7856,0.7645,0.6155,0.8992,0.9643,416.6,Reach max iteration 50 | best_iter=18
roberta,sum,fb237_v2_ind_seed7009,200,10.0,32,7009,0.5889,0.5754,0.914,0.7488,0.7329,0.5754,0.8685,0.9547,421.8,Reach max iteration 50 | best_iter=38
roberta,sum,fb237_v2_ind_seed7001,200,10.0,48,7001,0.6334,0.6226,0.9149,0.7747,0.7649,0.6226,0.8913,0.9723,435.8,Reach max iteration 50 | best_iter=45
roberta,sum,fb237_v2_ind_seed7005,200,10.0,48,7005,0.6526,0.6197,0.9102,0.7865,0.7694,0.6197,0.9034,0.9706,417.0,Reach max iteration 50 | best_iter=12
roberta,sum,fb237_v2_ind_seed7009,200,10.0,48,7009,0.5867,0.5797,0.9135,0.7485,0.735,0.5797,0.8707,0.9569,418.9,Reach max iteration 50 | best_iter=16
roberta,sum,fb237_v2_ind_seed7001,200,10.0,64,7001,0.6226,0.6205,0.9149,0.7709,0.7673,0.6205,0.8934,0.968,431.7,Reach max iteration 50 | best_iter=42
roberta,sum,fb237_v2_ind_seed7005,200,10.0,64,7005,0.6568,0.6197,0.9119,0.7873,0.7685,0.6197,0.9076,0.9706,424.5,Reach max iteration 50 | best_iter=39
roberta,sum,fb237_v2_ind_seed7009,200,10.0,64,7009,0.5974,0.5905,0.9135,0.7509,0.7418,0.5905,0.8707,0.9547,415.5,Reach max iteration 50 | best_iter=20
roberta,sum,fb237_v2_ind_seed7001,200,10.0,80,7001,0.6247,0.6205,0.9149,0.7724,0.7676,0.6205,0.9041,0.9744,422.2,Reach max iteration 50 | best_iter=42
roberta,sum,fb237_v2_ind_seed7005,200,10.0,80,7005,0.6589,0.6282,0.9119,0.7872,0.772,0.6282,0.9055,0.9664,421.9,Reach max iteration 50 | best_iter=34
roberta,sum,fb237_v2_ind_seed7009,200,10.0,80,7009,0.5953,0.5905,0.9137,0.7505,0.7417,0.5905,0.8836,0.9504,429.6,Reach max iteration 50 | best_iter=20
roberta,sum,fb237_v2_ind_seed7001,200,10.0,96,7001,0.6226,0.6205,0.9149,0.7669,0.7678,0.6205,0.9062,0.9701,427.7,Reach max iteration 50 | best_iter=47
roberta,sum,fb237_v2_ind_seed7005,200,10.0,96,7005,0.6526,0.6113,0.9119,0.784,0.7646,0.6113,0.9034,0.9664,427.6,Reach max iteration 50 | best_iter=41
roberta,sum,fb237_v2_ind_seed7009,200,10.0,96,7009,0.5953,0.597,0.9132,0.7547,0.7447,0.597,0.8599,0.9547,442.1,Reach max iteration 50 | best_iter=10
roberta,sum,fb237_v2_ind_seed7001,200,50.0,16,7001,0.6594,0.6418,0.888,0.7941,0.7803,0.6418,0.9062,0.9765,432.2,Reach max iteration 50 | best_iter=22
roberta,sum,fb237_v2_ind_seed7005,200,50.0,16,7005,0.6716,0.6261,0.8809,0.7978,0.7714,0.6261,0.9097,0.9622,422.3,Reach max iteration 50 | best_iter=25
roberta,sum,fb237_v2_ind_seed7009,200,50.0,16,7009,0.6146,0.6228,0.8664,0.765,0.7618,0.6228,0.8836,0.9655,408.2,Reach max iteration 50 | best_iter=8
roberta,sum,fb237_v2_ind_seed7001,200,50.0,32,7001,0.6529,0.6588,0.8683,0.792,0.7919,0.6588,0.9104,0.9787,433.7,Reach max iteration 50 | best_iter=7
roberta,sum,fb237_v2_ind_seed7005,200,50.0,32,7005,0.6926,0.6702,0.8541,0.8102,0.8008,0.6702,0.9244,0.9748,418.9,Reach max iteration 50 | best_iter=7
roberta,sum,fb237_v2_ind_seed7009,200,50.0,32,7009,0.6146,0.6379,0.8645,0.7698,0.7721,0.6379,0.8836,0.9741,427.0,Reach max iteration 50 | best_iter=8
roberta,sum,fb237_v2_ind_seed7001,200,50.0,48,7001,0.6703,0.6631,0.845,0.8001,0.7896,0.6631,0.8955,0.9701,430.7,Reach max iteration 50 | best_iter=5
roberta,sum,fb237_v2_ind_seed7005,200,50.0,48,7005,0.6821,0.6576,0.8906,0.8041,0.7937,0.6576,0.9265,0.9769,426.6,Reach max iteration 50 | best_iter=45
roberta,sum,fb237_v2_ind_seed7009,200,50.0,48,7009,0.6103,0.6272,0.8981,0.7679,0.7651,0.6272,0.8793,0.9698,423.4,Reach max iteration 50 | best_iter=50
roberta,sum,fb237_v2_ind_seed7001,200,50.0,64,7001,0.6681,0.6482,0.8633,0.7977,0.7875,0.6482,0.9168,0.9787,424.0,Reach max iteration 50 | best_iter=7
roberta,sum,fb237_v2_ind_seed7005,200,50.0,64,7005,0.6926,0.6576,0.8669,0.8117,0.7958,0.6576,0.9328,0.9811,421.8,Reach max iteration 50 | best_iter=9
roberta,sum,fb237_v2_ind_seed7009,200,50.0,64,7009,0.6253,0.6207,0.8575,0.7729,0.7604,0.6207,0.8728,0.9655,423.4,Reach max iteration 50 | best_iter=6
roberta,sum,fb237_v2_ind_seed7001,200,50.0,80,7001,0.6703,0.6546,0.8573,0.8001,0.787,0.6546,0.9211,0.9829,437.5,Reach max iteration 50 | best_iter=4
roberta,sum,fb237_v2_ind_seed7005,200,50.0,80,7005,0.6989,0.6618,0.8544,0.8145,0.7937,0.6618,0.9202,0.9811,438.8,Reach max iteration 50 | best_iter=5
roberta,sum,fb237_v2_ind_seed7009,200,50.0,80,7009,0.6167,0.6401,0.8676,0.7702,0.7718,0.6401,0.8772,0.9763,426.8,Reach max iteration 50 | best_iter=8
roberta,sum,fb237_v2_ind_seed7001,200,50.0,96,7001,0.6638,0.6482,0.8753,0.7978,0.7876,0.6482,0.9211,0.9765,413.2,Reach max iteration 50 | best_iter=13
roberta,sum,fb237_v2_ind_seed7005,200,50.0,96,7005,0.6842,0.6723,0.8838,0.8063,0.8008,0.6723,0.9244,0.9769,428.9,Reach max iteration 50 | best_iter=16
roberta,sum,fb237_v2_ind_seed7009,200,50.0,96,7009,0.6338,0.6379,0.8683,0.7765,0.7681,0.6379,0.8793,0.9634,417.4,Reach max iteration 50 | best_iter=7
roberta,sum,fb237_v2_ind_seed7001,200,100.0,16,7001,0.6768,0.6695,0.8152,0.8031,0.7958,0.6695,0.9041,0.9829,425.3,Reach max iteration 50 | best_iter=49
roberta,sum,fb237_v2_ind_seed7005,200,100.0,16,7005,0.6947,0.6702,0.8116,0.8076,0.8004,0.6702,0.9286,0.9748,414.3,Reach max iteration 50 | best_iter=17
roberta,sum,fb237_v2_ind_seed7009,200,100.0,16,7009,0.6445,0.6228,0.8234,0.7804,0.763,0.6228,0.875,0.9741,419.4,Reach max iteration 50 | best_iter=28
roberta,sum,fb237_v2_ind_seed7001,200,100.0,32,7001,0.6811,0.6716,0.8268,0.8058,0.7995,0.6716,0.9168,0.9872,430.9,Reach max iteration 50 | best_iter=25
roberta,sum,fb237_v2_ind_seed7005,200,100.0,32,7005,0.6989,0.6933,0.8213,0.8136,0.8128,0.6933,0.9223,0.9769,438.5,Reach max iteration 50 | best_iter=25
roberta,sum,fb237_v2_ind_seed7009,200,100.0,32,7009,0.6595,0.6379,0.8296,0.7947,0.7743,0.6379,0.8879,0.9677,430.4,Reach max iteration 50 | best_iter=23
roberta,sum,fb237_v2_ind_seed7001,200,100.0,48,7001,0.6811,0.6802,0.8366,0.8066,0.8064,0.6802,0.9232,0.9808,431.1,Reach max iteration 50 | best_iter=31
roberta,sum,fb237_v2_ind_seed7005,200,100.0,48,7005,0.7011,0.6891,0.8314,0.8164,0.8109,0.6891,0.9244,0.9769,438.0,Reach max iteration 50 | best_iter=33
roberta,sum,fb237_v2_ind_seed7009,200,100.0,48,7009,0.6445,0.6379,0.8407,0.7845,0.7726,0.6379,0.8901,0.972,440.5,Reach max iteration 50 | best_iter=41
roberta,sum,fb237_v2_ind_seed7001,200,100.0,64,7001,0.6898,0.6652,0.8032,0.8113,0.796,0.6652,0.9104,0.9787,425.7,Reach max iteration 50 | best_iter=6
roberta,sum,fb237_v2_ind_seed7005,200,100.0,64,7005,0.7074,0.6807,0.8145,0.8166,0.8067,0.6807,0.9307,0.9832,427.7,Reach max iteration 50 | best_iter=11
roberta,sum,fb237_v2_ind_seed7009,200,100.0,64,7009,0.6338,0.6466,0.8464,0.7769,0.7757,0.6466,0.8815,0.9763,436.6,Reach max iteration 50 | best_iter=48
roberta,sum,fb237_v2_ind_seed7001,200,100.0,80,7001,0.6898,0.6759,0.8244,0.8128,0.8025,0.6759,0.919,0.9851,432.6,Reach max iteration 50 | best_iter=8
roberta,sum,fb237_v2_ind_seed7005,200,100.0,80,7005,0.7158,0.6891,0.8387,0.8236,0.8107,0.6891,0.9244,0.979,416.6,Reach max iteration 50 | best_iter=50
roberta,sum,fb237_v2_ind_seed7009,200,100.0,80,7009,0.6445,0.6422,0.8455,0.7829,0.7757,0.6422,0.8815,0.9741,438.6,Reach max iteration 50 | best_iter=11
roberta,sum,fb237_v2_ind_seed7001,200,100.0,96,7001,0.6746,0.6802,0.8188,0.806,0.806,0.6802,0.9211,0.9851,437.1,Reach max iteration 50 | best_iter=6
roberta,sum,fb237_v2_ind_seed7005,200,100.0,96,7005,0.7053,0.6723,0.8401,0.8206,0.8026,0.6723,0.9223,0.9811,430.6,Reach max iteration 50 | best_iter=12
roberta,sum,fb237_v2_ind_seed7009,200,100.0,96,7009,0.6467,0.6466,0.8556,0.783,0.7771,0.6466,0.8815,0.9655,425.1,Reach max iteration 50 | best_iter=43
roberta,sum,fb237_v2_ind_seed7001,200,500.0,16,7001,0.6074,0.6055,0.6045,0.7337,0.7267,0.6055,0.8188,0.919,211.3,Reach max iteration 50 | best_iter=41
roberta,sum,fb237_v2_ind_seed7005,200,500.0,16,7005,0.5937,0.5966,0.6078,0.717,0.7289,0.5966,0.8382,0.9286,209.1,Reach max iteration 50 | best_iter=28
roberta,sum,fb237_v2_ind_seed7009,200,500.0,16,7009,0.5867,0.5603,0.6193,0.7141,0.6927,0.5603,0.7953,0.9138,216.5,Reach max iteration 50 | best_iter=50
roberta,sum,fb237_v2_ind_seed7001,200,500.0,32,7001,0.6269,0.6588,0.6487,0.7559,0.7666,0.6588,0.8443,0.9531,226.5,Reach max iteration 50 | best_iter=41
roberta,sum,fb237_v2_ind_seed7005,200,500.0,32,7005,0.6253,0.645,0.6513,0.7456,0.7639,0.645,0.8634,0.9433,223.0,Reach max iteration 50 | best_iter=49
roberta,sum,fb237_v2_ind_seed7009,200,500.0,32,7009,0.6253,0.597,0.6513,0.7452,0.7232,0.597,0.8125,0.931,235.6,Reach max iteration 50 | best_iter=40
roberta,sum,fb237_v2_ind_seed7001,200,500.0,48,7001,0.6356,0.6567,0.673,0.763,0.7678,0.6567,0.8529,0.9531,286.7,Reach max iteration 50 | best_iter=12
roberta,sum,fb237_v2_ind_seed7005,200,500.0,48,7005,0.6442,0.6555,0.6682,0.7605,0.7727,0.6555,0.8655,0.9538,281.6,Reach max iteration 50 | best_iter=34
roberta,sum,fb237_v2_ind_seed7009,200,500.0,48,7009,0.636,0.6056,0.6698,0.7609,0.7306,0.6056,0.8254,0.9289,289.2,Reach max iteration 50 | best_iter=14
roberta,sum,fb237_v2_ind_seed7001,200,500.0,64,7001,0.6399,0.6567,0.6713,0.7658,0.7688,0.6567,0.8486,0.9595,294.7,Reach max iteration 50 | best_iter=8
roberta,sum,fb237_v2_ind_seed7005,200,500.0,64,7005,0.6442,0.6597,0.6788,0.7605,0.7779,0.6597,0.8718,0.9559,287.5,Reach max iteration 50 | best_iter=30
roberta,sum,fb237_v2_ind_seed7009,200,500.0,64,7009,0.6424,0.6056,0.6876,0.7623,0.7373,0.6056,0.8427,0.9375,296.2,Reach max iteration 50 | best_iter=14
roberta,sum,fb237_v2_ind_seed7001,200,500.0,80,7001,0.6399,0.6738,0.6896,0.7702,0.7842,0.6738,0.8742,0.9552,327.0,Reach max iteration 50 | best_iter=12
roberta,sum,fb237_v2_ind_seed7005,200,500.0,80,7005,0.6547,0.6555,0.6808,0.7702,0.775,0.6555,0.8592,0.9643,354.5,Reach max iteration 50 | best_iter=10
roberta,sum,fb237_v2_ind_seed7009,200,500.0,80,7009,0.6488,0.6315,0.6936,0.7707,0.7513,0.6315,0.8513,0.9397,329.3,Reach max iteration 50 | best_iter=12
roberta,sum,fb237_v2_ind_seed7001,200,500.0,96,7001,0.6377,0.661,0.7016,0.7694,0.7802,0.661,0.8785,0.9574,359.9,Reach max iteration 50 | best_iter=49
roberta,sum,fb237_v2_ind_seed7005,200,500.0,96,7005,0.6484,0.6534,0.695,0.7701,0.7761,0.6534,0.8803,0.9622,356.2,Reach max iteration 50 | best_iter=26
roberta,sum,fb237_v2_ind_seed7009,200,500.0,96,7009,0.651,0.6315,0.6953,0.7733,0.753,0.6315,0.8491,0.944,345.5,Reach max iteration 50 | best_iter=27
roberta,sum,fb237_v2_ind_seed7001,200,1000.0,16,7001,0.4946,0.5203,0.4825,0.6195,0.6365,0.5203,0.7036,0.838,207.8,Reach max iteration 50 | best_iter=35
roberta,sum,fb237_v2_ind_seed7005,200,1000.0,16,7005,0.4842,0.5084,0.5016,0.6105,0.6315,0.5084,0.7059,0.8529,204.9,Reach max iteration 50 | best_iter=46
roberta,sum,fb237_v2_ind_seed7009,200,1000.0,16,7009,0.5075,0.4698,0.4929,0.6246,0.5964,0.4698,0.6681,0.8082,207.6,Reach max iteration 50 | best_iter=23
roberta,sum,fb237_v2_ind_seed7001,200,1000.0,32,7001,0.5488,0.5565,0.536,0.6753,0.6779,0.5565,0.7655,0.8849,206.8,Reach max iteration 50 | best_iter=49
roberta,sum,fb237_v2_ind_seed7005,200,1000.0,32,7005,0.5137,0.5441,0.5305,0.6419,0.6687,0.5441,0.7521,0.8634,207.8,Reach max iteration 50 | best_iter=47
roberta,sum,fb237_v2_ind_seed7009,200,1000.0,32,7009,0.5203,0.4957,0.5234,0.6463,0.6206,0.4957,0.7004,0.8362,206.2,Reach max iteration 50 | best_iter=41
roberta,sum,fb237_v2_ind_seed7001,200,1000.0,48,7001,0.5597,0.5757,0.5476,0.6935,0.6952,0.5757,0.7846,0.8806,211.1,Reach max iteration 50 | best_iter=20
roberta,sum,fb237_v2_ind_seed7005,200,1000.0,48,7005,0.5347,0.5462,0.5528,0.6631,0.678,0.5462,0.7689,0.8761,210.8,Reach max iteration 50 | best_iter=29
roberta,sum,fb237_v2_ind_seed7009,200,1000.0,48,7009,0.5418,0.5216,0.5542,0.6698,0.6491,0.5216,0.7284,0.8621,209.8,Reach max iteration 50 | best_iter=31
roberta,sum,fb237_v2_ind_seed7001,200,1000.0,64,7001,0.5531,0.58,0.5605,0.6916,0.7019,0.58,0.791,0.8849,214.4,Reach max iteration 50 | best_iter=14
roberta,sum,fb237_v2_ind_seed7005,200,1000.0,64,7005,0.5453,0.5588,0.5496,0.6731,0.6924,0.5588,0.7899,0.8971,214.2,Reach max iteration 50 | best_iter=48
roberta,sum,fb237_v2_ind_seed7009,200,1000.0,64,7009,0.5589,0.5409,0.5773,0.6835,0.6674,0.5409,0.7543,0.903,215.1,Reach max iteration 50 | best_iter=12
roberta,sum,fb237_v2_ind_seed7001,200,1000.0,80,7001,0.5748,0.5991,0.5824,0.708,0.7185,0.5991,0.8081,0.9147,237.7,Reach max iteration 50 | best_iter=14
roberta,sum,fb237_v2_ind_seed7005,200,1000.0,80,7005,0.5663,0.5798,0.5786,0.6912,0.707,0.5798,0.7962,0.9139,222.0,Reach max iteration 50 | best_iter=25
roberta,sum,fb237_v2_ind_seed7009,200,1000.0,80,7009,0.576,0.5453,0.5972,0.7013,0.6781,0.5453,0.7716,0.9073,250.6,Reach max iteration 50 | best_iter=14
roberta,sum,fb237_v2_ind_seed7001,200,1000.0,96,7001,0.5879,0.6098,0.5913,0.7184,0.7273,0.6098,0.8102,0.9147,252.2,Reach max iteration 50 | best_iter=48
roberta,sum,fb237_v2_ind_seed7005,200,1000.0,96,7005,0.5832,0.6008,0.6035,0.7107,0.7252,0.6008,0.8214,0.9244,277.9,Reach max iteration 50 | best_iter=14
roberta,sum,fb237_v2_ind_seed7009,200,1000.0,96,7009,0.576,0.5474,0.5977,0.7045,0.6808,0.5474,0.778,0.9181,260.0,Reach max iteration 50 | best_iter=50
