model,aggregation,version,k,lambda,bias,seed,valid_acc,test_acc,train_acc,valid_mrr,test_mrr,hits_1,hits_3,hits_10,train_time,convergence
qwen,sum,fb237_v2_ind_seed7001,50,1.0,16,7001,0.5813,0.6247,0.9154,0.7316,0.7583,0.6247,0.8827,0.9467,149.7,Reach max iteration 50 | best_iter=50
qwen,sum,fb237_v2_ind_seed7005,50,1.0,16,7005,0.6232,0.5861,0.9128,0.7656,0.7379,0.5861,0.8655,0.9559,137.4,Reach max iteration 50 | best_iter=50
qwen,sum,fb237_v2_ind_seed7009,50,1.0,16,7009,0.5846,0.5603,0.9147,0.7337,0.7222,0.5603,0.8664,0.9418,137.2,Reach max iteration 50 | best_iter=49
qwen,sum,fb237_v2_ind_seed7001,50,1.0,32,7001,0.6161,0.6205,0.8522,0.7521,0.7524,0.6205,0.8742,0.9424,133.3,Reach max iteration 50 | best_iter=3
qwen,sum,fb237_v2_ind_seed7005,50,1.0,32,7005,0.6211,0.6029,0.9128,0.7574,0.7491,0.6029,0.8887,0.9496,136.6,Reach max iteration 50 | best_iter=50
qwen,sum,fb237_v2_ind_seed7009,50,1.0,32,7009,0.6231,0.6207,0.8599,0.755,0.7566,0.6207,0.8707,0.9397,133.9,Reach max iteration 50 | best_iter=2
qwen,sum,fb237_v2_ind_seed7001,50,1.0,48,7001,0.5965,0.6119,0.9154,0.7467,0.746,0.6119,0.855,0.951,136.9,Reach max iteration 50 | best_iter=20
qwen,sum,fb237_v2_ind_seed7005,50,1.0,48,7005,0.6211,0.6218,0.9128,0.7579,0.7586,0.6218,0.8761,0.958,137.6,Reach max iteration 50 | best_iter=31
qwen,sum,fb237_v2_ind_seed7009,50,1.0,48,7009,0.5974,0.556,0.9147,0.7431,0.7209,0.556,0.8685,0.9483,135.1,Reach max iteration 50 | best_iter=44
qwen,sum,fb237_v2_ind_seed7001,50,1.0,64,7001,0.6486,0.6247,0.8388,0.7755,0.7648,0.6247,0.8827,0.9659,132.4,Reach max iteration 50 | best_iter=2
qwen,sum,fb237_v2_ind_seed7005,50,1.0,64,7005,0.6674,0.6555,0.8476,0.7923,0.7858,0.6555,0.9013,0.9727,131.5,Reach max iteration 50 | best_iter=2
qwen,sum,fb237_v2_ind_seed7009,50,1.0,64,7009,0.6081,0.5797,0.9147,0.7508,0.7259,0.5797,0.8491,0.9483,130.5,Reach max iteration 50 | best_iter=50
qwen,sum,fb237_v2_ind_seed7001,50,1.0,80,7001,0.6182,0.6183,0.8856,0.7603,0.7578,0.6183,0.8806,0.9616,130.2,Reach max iteration 50 | best_iter=3
qwen,sum,fb237_v2_ind_seed7005,50,1.0,80,7005,0.6505,0.6029,0.9128,0.7786,0.7501,0.6029,0.8824,0.9559,130.7,Reach max iteration 50 | best_iter=50
qwen,sum,fb237_v2_ind_seed7009,50,1.0,80,7009,0.6338,0.6509,0.8532,0.7677,0.7753,0.6509,0.8793,0.9591,128.9,Reach max iteration 50 | best_iter=3
qwen,sum,fb237_v2_ind_seed7001,50,1.0,96,7001,0.6269,0.6119,0.8904,0.7623,0.7517,0.6119,0.8806,0.9574,130.9,Reach max iteration 50 | best_iter=3
qwen,sum,fb237_v2_ind_seed7005,50,1.0,96,7005,0.6358,0.6513,0.8802,0.7751,0.7796,0.6513,0.8929,0.9601,133.5,Reach max iteration 50 | best_iter=3
qwen,sum,fb237_v2_ind_seed7009,50,1.0,96,7009,0.5996,0.5733,0.9147,0.7451,0.7361,0.5733,0.8901,0.9569,135.1,Reach max iteration 50 | best_iter=50
qwen,sum,fb237_v2_ind_seed7001,50,5.0,16,7001,0.6052,0.6247,0.9154,0.7531,0.7645,0.6247,0.8934,0.9638,133.8,Reach max iteration 50 | best_iter=50
qwen,sum,fb237_v2_ind_seed7005,50,5.0,16,7005,0.6421,0.6071,0.9128,0.7812,0.7578,0.6071,0.8908,0.9601,133.8,Reach max iteration 50 | best_iter=26
qwen,sum,fb237_v2_ind_seed7009,50,5.0,16,7009,0.6017,0.5927,0.9147,0.751,0.7467,0.5927,0.8815,0.9591,132.9,Reach max iteration 50 | best_iter=48
qwen,sum,fb237_v2_ind_seed7001,50,5.0,32,7001,0.6139,0.629,0.9154,0.7636,0.7736,0.629,0.9104,0.9723,129.5,Reach max iteration 50 | best_iter=45
qwen,sum,fb237_v2_ind_seed7005,50,5.0,32,7005,0.6484,0.6282,0.9128,0.7845,0.7689,0.6282,0.895,0.9622,131.7,Reach max iteration 50 | best_iter=28
qwen,sum,fb237_v2_ind_seed7009,50,5.0,32,7009,0.6039,0.5862,0.9147,0.7538,0.7449,0.5862,0.8944,0.9612,134.9,Reach max iteration 50 | best_iter=45
qwen,sum,fb237_v2_ind_seed7001,50,5.0,48,7001,0.6247,0.6077,0.9154,0.7692,0.7525,0.6077,0.8849,0.9574,132.8,Reach max iteration 50 | best_iter=28
qwen,sum,fb237_v2_ind_seed7005,50,5.0,48,7005,0.6463,0.6261,0.9128,0.7805,0.7648,0.6261,0.8908,0.9622,134.0,Reach max iteration 50 | best_iter=36
qwen,sum,fb237_v2_ind_seed7009,50,5.0,48,7009,0.6017,0.5733,0.9068,0.7521,0.7337,0.5733,0.8858,0.9526,133.5,Reach max iteration 50 | best_iter=3
qwen,sum,fb237_v2_ind_seed7001,50,5.0,64,7001,0.6074,0.6311,0.9154,0.7613,0.7751,0.6311,0.9062,0.9723,130.7,Reach max iteration 50 | best_iter=50
qwen,sum,fb237_v2_ind_seed7005,50,5.0,64,7005,0.6821,0.666,0.7904,0.7976,0.7906,0.666,0.9118,0.9664,130.6,Reach max iteration 50 | best_iter=2
qwen,sum,fb237_v2_ind_seed7009,50,5.0,64,7009,0.6445,0.6401,0.8395,0.7696,0.7643,0.6401,0.875,0.9547,128.9,Reach max iteration 50 | best_iter=3
qwen,sum,fb237_v2_ind_seed7001,50,5.0,80,7001,0.6226,0.6269,0.9154,0.7707,0.7666,0.6269,0.8955,0.9616,130.1,Reach max iteration 50 | best_iter=40
qwen,sum,fb237_v2_ind_seed7005,50,5.0,80,7005,0.6589,0.6366,0.9128,0.7921,0.7711,0.6366,0.8887,0.9559,132.9,Reach max iteration 50 | best_iter=49
qwen,sum,fb237_v2_ind_seed7009,50,5.0,80,7009,0.6317,0.6164,0.8551,0.7702,0.7606,0.6164,0.8879,0.9591,128.8,Reach max iteration 50 | best_iter=4
qwen,sum,fb237_v2_ind_seed7001,50,5.0,96,7001,0.6269,0.6205,0.9154,0.7715,0.7644,0.6205,0.9019,0.9595,132.3,Reach max iteration 50 | best_iter=50
qwen,sum,fb237_v2_ind_seed7005,50,5.0,96,7005,0.6463,0.6282,0.9063,0.783,0.7702,0.6282,0.895,0.9706,132.9,Reach max iteration 50 | best_iter=4
qwen,sum,fb237_v2_ind_seed7009,50,5.0,96,7009,0.6338,0.6013,0.9147,0.7722,0.7531,0.6013,0.8922,0.9677,133.1,Reach max iteration 50 | best_iter=48
qwen,sum,fb237_v2_ind_seed7001,50,10.0,16,7001,0.6161,0.6269,0.9154,0.7617,0.7633,0.6269,0.8827,0.9531,134.3,Reach max iteration 50 | best_iter=12
qwen,sum,fb237_v2_ind_seed7005,50,10.0,16,7005,0.6421,0.6134,0.9128,0.7842,0.7635,0.6134,0.9055,0.9664,134.5,Reach max iteration 50 | best_iter=19
qwen,sum,fb237_v2_ind_seed7009,50,10.0,16,7009,0.6081,0.5905,0.9144,0.7615,0.749,0.5905,0.8987,0.9612,133.6,Reach max iteration 50 | best_iter=23
qwen,sum,fb237_v2_ind_seed7001,50,10.0,32,7001,0.6399,0.6333,0.8186,0.7716,0.7652,0.6333,0.8785,0.9638,129.7,Reach max iteration 50 | best_iter=2
qwen,sum,fb237_v2_ind_seed7005,50,10.0,32,7005,0.6505,0.6239,0.9128,0.786,0.7701,0.6239,0.9034,0.9664,133.6,Reach max iteration 50 | best_iter=49
qwen,sum,fb237_v2_ind_seed7009,50,10.0,32,7009,0.6231,0.6056,0.9144,0.7663,0.762,0.6056,0.9116,0.9677,134.1,Reach max iteration 50 | best_iter=46
qwen,sum,fb237_v2_ind_seed7001,50,10.0,48,7001,0.6573,0.6354,0.8417,0.7769,0.769,0.6354,0.8827,0.9659,134.1,Reach max iteration 50 | best_iter=2
qwen,sum,fb237_v2_ind_seed7005,50,10.0,48,7005,0.6589,0.6303,0.9126,0.7886,0.771,0.6303,0.8971,0.958,134.6,Reach max iteration 50 | best_iter=49
qwen,sum,fb237_v2_ind_seed7009,50,10.0,48,7009,0.6039,0.6013,0.9147,0.7557,0.7564,0.6013,0.903,0.9569,134.7,Reach max iteration 50 | best_iter=50
qwen,sum,fb237_v2_ind_seed7001,50,10.0,64,7001,0.6551,0.6631,0.8606,0.7835,0.7883,0.6631,0.8934,0.9808,130.8,Reach max iteration 50 | best_iter=3
qwen,sum,fb237_v2_ind_seed7005,50,10.0,64,7005,0.6611,0.6324,0.9126,0.7906,0.7725,0.6324,0.9034,0.9643,132.1,Reach max iteration 50 | best_iter=39
qwen,sum,fb237_v2_ind_seed7009,50,10.0,64,7009,0.6424,0.6228,0.8347,0.7702,0.7548,0.6228,0.8707,0.944,135.0,Reach max iteration 50 | best_iter=2
qwen,sum,fb237_v2_ind_seed7001,50,10.0,80,7001,0.6573,0.6652,0.865,0.7845,0.7884,0.6652,0.8891,0.9744,130.3,Reach max iteration 50 | best_iter=3
qwen,sum,fb237_v2_ind_seed7005,50,10.0,80,7005,0.6568,0.6324,0.9126,0.79,0.7741,0.6324,0.9055,0.9685,133.8,Reach max iteration 50 | best_iter=19
qwen,sum,fb237_v2_ind_seed7009,50,10.0,80,7009,0.6188,0.6142,0.8839,0.76,0.7579,0.6142,0.8879,0.9612,130.7,Reach max iteration 50 | best_iter=3
qwen,sum,fb237_v2_ind_seed7001,50,10.0,96,7001,0.6529,0.6013,0.8957,0.7825,0.7528,0.6013,0.8913,0.9701,132.7,Reach max iteration 50 | best_iter=3
qwen,sum,fb237_v2_ind_seed7005,50,10.0,96,7005,0.6505,0.6176,0.9123,0.7903,0.7633,0.6176,0.8908,0.9664,133.0,Reach max iteration 50 | best_iter=14
qwen,sum,fb237_v2_ind_seed7009,50,10.0,96,7009,0.6274,0.5905,0.9147,0.7683,0.7486,0.5905,0.8901,0.9612,134.5,Reach max iteration 50 | best_iter=29
qwen,sum,fb237_v2_ind_seed7001,50,50.0,16,7001,0.6746,0.6823,0.8688,0.7974,0.8008,0.6823,0.9062,0.9701,132.9,Reach max iteration 50 | best_iter=4
qwen,sum,fb237_v2_ind_seed7005,50,50.0,16,7005,0.6989,0.6702,0.8609,0.8141,0.799,0.6702,0.9118,0.979,134.0,Reach max iteration 50 | best_iter=3
qwen,sum,fb237_v2_ind_seed7009,50,50.0,16,7009,0.6809,0.653,0.85,0.8024,0.7839,0.653,0.8901,0.9655,135.4,Reach max iteration 50 | best_iter=2
qwen,sum,fb237_v2_ind_seed7001,50,50.0,32,7001,0.6659,0.6823,0.8414,0.7958,0.803,0.6823,0.9147,0.9723,131.5,Reach max iteration 50 | best_iter=3
qwen,sum,fb237_v2_ind_seed7005,50,50.0,32,7005,0.6926,0.6639,0.8846,0.8108,0.7988,0.6639,0.9265,0.9727,132.8,Reach max iteration 50 | best_iter=5
qwen,sum,fb237_v2_ind_seed7009,50,50.0,32,7009,0.6445,0.6724,0.8385,0.7825,0.7955,0.6724,0.903,0.9698,134.3,Reach max iteration 50 | best_iter=2
qwen,sum,fb237_v2_ind_seed7001,50,50.0,48,7001,0.6768,0.6695,0.8676,0.802,0.7953,0.6695,0.9019,0.9787,133.8,Reach max iteration 50 | best_iter=3
qwen,sum,fb237_v2_ind_seed7005,50,50.0,48,7005,0.6821,0.6534,0.893,0.8091,0.7895,0.6534,0.9244,0.9748,133.5,Reach max iteration 50 | best_iter=14
qwen,sum,fb237_v2_ind_seed7009,50,50.0,48,7009,0.6595,0.653,0.8748,0.7943,0.7864,0.653,0.9052,0.9655,134.5,Reach max iteration 50 | best_iter=3
qwen,sum,fb237_v2_ind_seed7001,50,50.0,64,7001,0.679,0.6823,0.8342,0.8017,0.7995,0.6823,0.9019,0.9701,132.5,Reach max iteration 50 | best_iter=3
qwen,sum,fb237_v2_ind_seed7005,50,50.0,64,7005,0.6926,0.6828,0.8677,0.8138,0.8064,0.6828,0.9139,0.9811,127.3,Reach max iteration 50 | best_iter=6
qwen,sum,fb237_v2_ind_seed7009,50,50.0,64,7009,0.6895,0.6659,0.8421,0.8035,0.7923,0.6659,0.8987,0.9677,132.7,Reach max iteration 50 | best_iter=3
qwen,sum,fb237_v2_ind_seed7001,50,50.0,80,7001,0.6898,0.6525,0.8777,0.8074,0.7896,0.6525,0.9168,0.9787,133.6,Reach max iteration 50 | best_iter=4
qwen,sum,fb237_v2_ind_seed7005,50,50.0,80,7005,0.6842,0.6618,0.894,0.8074,0.796,0.6618,0.9181,0.979,135.1,Reach max iteration 50 | best_iter=11
qwen,sum,fb237_v2_ind_seed7009,50,50.0,80,7009,0.6681,0.6595,0.8601,0.7952,0.7897,0.6595,0.9052,0.9763,134.1,Reach max iteration 50 | best_iter=3
qwen,sum,fb237_v2_ind_seed7001,50,50.0,96,7001,0.6703,0.6631,0.8691,0.7995,0.7918,0.6631,0.9019,0.9765,135.5,Reach max iteration 50 | best_iter=3
qwen,sum,fb237_v2_ind_seed7005,50,50.0,96,7005,0.6968,0.6702,0.8819,0.814,0.797,0.6702,0.9097,0.9706,129.8,Reach max iteration 50 | best_iter=7
qwen,sum,fb237_v2_ind_seed7009,50,50.0,96,7009,0.666,0.6444,0.8613,0.7946,0.7845,0.6444,0.9073,0.9784,135.6,Reach max iteration 50 | best_iter=3
qwen,sum,fb237_v2_ind_seed7001,50,100.0,16,7001,0.6855,0.678,0.8402,0.807,0.8007,0.678,0.9062,0.9744,132.4,Reach max iteration 50 | best_iter=36
qwen,sum,fb237_v2_ind_seed7005,50,100.0,16,7005,0.7095,0.6807,0.8314,0.823,0.8059,0.6807,0.9223,0.979,134.1,Reach max iteration 50 | best_iter=9
qwen,sum,fb237_v2_ind_seed7009,50,100.0,16,7009,0.6852,0.6659,0.808,0.8057,0.788,0.6659,0.8922,0.9634,133.9,Reach max iteration 50 | best_iter=3
qwen,sum,fb237_v2_ind_seed7001,50,100.0,32,7001,0.6876,0.693,0.845,0.8103,0.8095,0.693,0.9126,0.9765,132.4,Reach max iteration 50 | best_iter=13
qwen,sum,fb237_v2_ind_seed7005,50,100.0,32,7005,0.72,0.6891,0.8445,0.8285,0.8079,0.6891,0.9223,0.9748,133.6,Reach max iteration 50 | best_iter=47
qwen,sum,fb237_v2_ind_seed7009,50,100.0,32,7009,0.6767,0.6703,0.8416,0.8049,0.7986,0.6703,0.9073,0.9784,134.0,Reach max iteration 50 | best_iter=46
qwen,sum,fb237_v2_ind_seed7001,50,100.0,48,7001,0.7028,0.6844,0.8294,0.8157,0.8086,0.6844,0.9254,0.9765,132.9,Reach max iteration 50 | best_iter=5
qwen,sum,fb237_v2_ind_seed7005,50,100.0,48,7005,0.7179,0.6912,0.8498,0.8258,0.8099,0.6912,0.916,0.9727,135.1,Reach max iteration 50 | best_iter=48
qwen,sum,fb237_v2_ind_seed7009,50,100.0,48,7009,0.6809,0.6595,0.819,0.8046,0.7872,0.6595,0.9009,0.9677,134.2,Reach max iteration 50 | best_iter=3
qwen,sum,fb237_v2_ind_seed7001,50,100.0,64,7001,0.705,0.6866,0.7982,0.8133,0.8069,0.6866,0.9062,0.9744,130.1,Reach max iteration 50 | best_iter=4
qwen,sum,fb237_v2_ind_seed7005,50,100.0,64,7005,0.7053,0.6912,0.8498,0.8213,0.8102,0.6912,0.9223,0.9706,131.2,Reach max iteration 50 | best_iter=37
qwen,sum,fb237_v2_ind_seed7009,50,100.0,64,7009,0.6788,0.6746,0.8181,0.8052,0.7978,0.6746,0.9073,0.972,129.7,Reach max iteration 50 | best_iter=5
qwen,sum,fb237_v2_ind_seed7001,50,100.0,80,7001,0.6985,0.6823,0.8321,0.8157,0.8045,0.6823,0.9147,0.9787,133.1,Reach max iteration 50 | best_iter=4
qwen,sum,fb237_v2_ind_seed7005,50,100.0,80,7005,0.7032,0.6786,0.8476,0.8189,0.8055,0.6786,0.9202,0.9769,134.5,Reach max iteration 50 | best_iter=5
qwen,sum,fb237_v2_ind_seed7009,50,100.0,80,7009,0.6724,0.6767,0.8556,0.8004,0.8004,0.6767,0.9138,0.9698,133.4,Reach max iteration 50 | best_iter=9
qwen,sum,fb237_v2_ind_seed7001,50,100.0,96,7001,0.6898,0.6802,0.8618,0.8098,0.8053,0.6802,0.9211,0.9765,133.4,Reach max iteration 50 | best_iter=12
qwen,sum,fb237_v2_ind_seed7005,50,100.0,96,7005,0.7053,0.7038,0.858,0.8232,0.8184,0.7038,0.9244,0.979,134.1,Reach max iteration 50 | best_iter=9
qwen,sum,fb237_v2_ind_seed7009,50,100.0,96,7009,0.6617,0.6918,0.8606,0.7966,0.8085,0.6918,0.9116,0.972,135.0,Reach max iteration 50 | best_iter=14
qwen,sum,fb237_v2_ind_seed7001,50,500.0,16,7001,0.6182,0.6183,0.6348,0.7429,0.7345,0.6183,0.8252,0.9232,67.9,Reach max iteration 50 | best_iter=8
qwen,sum,fb237_v2_ind_seed7005,50,500.0,16,7005,0.6168,0.6134,0.6269,0.7409,0.7487,0.6134,0.8613,0.9307,69.8,Reach max iteration 50 | best_iter=22
qwen,sum,fb237_v2_ind_seed7009,50,500.0,16,7009,0.6317,0.5884,0.6373,0.7497,0.7207,0.5884,0.8168,0.9267,68.6,Reach max iteration 50 | best_iter=43
qwen,sum,fb237_v2_ind_seed7001,50,500.0,32,7001,0.6421,0.6418,0.6619,0.7674,0.7605,0.6418,0.855,0.9403,80.2,Reach max iteration 50 | best_iter=12
qwen,sum,fb237_v2_ind_seed7005,50,500.0,32,7005,0.64,0.6366,0.6576,0.7626,0.7653,0.6366,0.8824,0.9559,86.2,Reach max iteration 50 | best_iter=35
qwen,sum,fb237_v2_ind_seed7009,50,500.0,32,7009,0.6467,0.6078,0.6626,0.7651,0.7406,0.6078,0.8534,0.9461,84.3,Reach max iteration 50 | best_iter=36
qwen,sum,fb237_v2_ind_seed7001,50,500.0,48,7001,0.6421,0.6375,0.6747,0.7679,0.7606,0.6375,0.8529,0.951,89.9,Reach max iteration 50 | best_iter=21
qwen,sum,fb237_v2_ind_seed7005,50,500.0,48,7005,0.6484,0.6534,0.6779,0.773,0.7783,0.6534,0.8866,0.958,88.5,Reach max iteration 50 | best_iter=13
qwen,sum,fb237_v2_ind_seed7009,50,500.0,48,7009,0.6638,0.6078,0.6852,0.7784,0.7468,0.6078,0.8642,0.9461,89.6,Reach max iteration 50 | best_iter=24
qwen,sum,fb237_v2_ind_seed7001,50,500.0,64,7001,0.6486,0.6567,0.6831,0.7757,0.7719,0.6567,0.855,0.9531,96.6,Reach max iteration 50 | best_iter=15
qwen,sum,fb237_v2_ind_seed7005,50,500.0,64,7005,0.6632,0.6618,0.6875,0.7842,0.7875,0.6618,0.8992,0.958,97.2,Reach max iteration 50 | best_iter=11
qwen,sum,fb237_v2_ind_seed7009,50,500.0,64,7009,0.6724,0.6272,0.6926,0.7839,0.7575,0.6272,0.8707,0.9526,98.9,Reach max iteration 50 | best_iter=13
qwen,sum,fb237_v2_ind_seed7001,50,500.0,80,7001,0.6659,0.6631,0.6956,0.7852,0.7761,0.6631,0.8593,0.9595,112.6,Reach max iteration 50 | best_iter=12
qwen,sum,fb237_v2_ind_seed7005,50,500.0,80,7005,0.6589,0.6597,0.6894,0.7823,0.7868,0.6597,0.9013,0.958,107.9,Reach max iteration 50 | best_iter=47
qwen,sum,fb237_v2_ind_seed7009,50,500.0,80,7009,0.6681,0.625,0.6972,0.7835,0.7582,0.625,0.8707,0.9569,111.7,Reach max iteration 50 | best_iter=50
qwen,sum,fb237_v2_ind_seed7001,50,500.0,96,7001,0.6703,0.6631,0.7107,0.7888,0.7777,0.6631,0.8635,0.9638,114.8,Reach max iteration 50 | best_iter=15
qwen,sum,fb237_v2_ind_seed7005,50,500.0,96,7005,0.6737,0.6639,0.6984,0.7921,0.7904,0.6639,0.9076,0.9643,113.6,Reach max iteration 50 | best_iter=9
qwen,sum,fb237_v2_ind_seed7009,50,500.0,96,7009,0.6767,0.6379,0.7073,0.7884,0.765,0.6379,0.8728,0.9569,115.4,Reach max iteration 50 | best_iter=20
qwen,sum,fb237_v2_ind_seed7001,50,1000.0,16,7001,0.5011,0.516,0.5099,0.6378,0.6465,0.516,0.7377,0.8529,63.9,Reach max iteration 50 | best_iter=50
qwen,sum,fb237_v2_ind_seed7005,50,1000.0,16,7005,0.52,0.5231,0.5095,0.6466,0.6563,0.5231,0.75,0.8718,65.3,Reach max iteration 50 | best_iter=33
qwen,sum,fb237_v2_ind_seed7009,50,1000.0,16,7009,0.5225,0.4935,0.5095,0.645,0.6258,0.4935,0.7177,0.8534,64.5,Reach max iteration 50 | best_iter=50
qwen,sum,fb237_v2_ind_seed7001,50,1000.0,32,7001,0.538,0.5522,0.5545,0.6758,0.6793,0.5522,0.7697,0.8955,66.4,Reach max iteration 50 | best_iter=40
qwen,sum,fb237_v2_ind_seed7005,50,1000.0,32,7005,0.5474,0.5504,0.5593,0.6778,0.6888,0.5504,0.8025,0.895,66.9,Reach max iteration 50 | best_iter=47
qwen,sum,fb237_v2_ind_seed7009,50,1000.0,32,7009,0.5739,0.5453,0.571,0.6979,0.679,0.5453,0.7716,0.903,66.5,Reach max iteration 50 | best_iter=42
qwen,sum,fb237_v2_ind_seed7001,50,1000.0,48,7001,0.5683,0.5821,0.5846,0.7022,0.7046,0.5821,0.7932,0.9126,67.3,Reach max iteration 50 | best_iter=33
qwen,sum,fb237_v2_ind_seed7005,50,1000.0,48,7005,0.5811,0.5966,0.5861,0.7093,0.7278,0.5966,0.8382,0.916,68.5,Reach max iteration 50 | best_iter=38
qwen,sum,fb237_v2_ind_seed7009,50,1000.0,48,7009,0.6017,0.5603,0.5931,0.7174,0.6927,0.5603,0.7845,0.9116,68.3,Reach max iteration 50 | best_iter=16
qwen,sum,fb237_v2_ind_seed7001,50,1000.0,64,7001,0.5879,0.5864,0.5954,0.7136,0.7096,0.5864,0.7953,0.9147,72.3,Reach max iteration 50 | best_iter=15
qwen,sum,fb237_v2_ind_seed7005,50,1000.0,64,7005,0.5789,0.5966,0.5909,0.7072,0.7276,0.5966,0.8319,0.9139,73.0,Reach max iteration 50 | best_iter=17
qwen,sum,fb237_v2_ind_seed7009,50,1000.0,64,7009,0.591,0.569,0.596,0.713,0.6974,0.569,0.7866,0.9116,68.8,Reach max iteration 50 | best_iter=9
qwen,sum,fb237_v2_ind_seed7001,50,1000.0,80,7001,0.603,0.6013,0.6043,0.7241,0.7226,0.6013,0.8124,0.9168,82.4,Reach max iteration 50 | best_iter=9
qwen,sum,fb237_v2_ind_seed7005,50,1000.0,80,7005,0.5832,0.5987,0.6008,0.7144,0.7335,0.5987,0.8424,0.9265,71.1,Reach max iteration 50 | best_iter=24
qwen,sum,fb237_v2_ind_seed7009,50,1000.0,80,7009,0.6039,0.5668,0.6051,0.725,0.7001,0.5668,0.7909,0.9203,86.7,Reach max iteration 50 | best_iter=12
qwen,sum,fb237_v2_ind_seed7001,50,1000.0,96,7001,0.6074,0.6162,0.616,0.7295,0.7326,0.6162,0.823,0.919,89.0,Reach max iteration 50 | best_iter=14
qwen,sum,fb237_v2_ind_seed7005,50,1000.0,96,7005,0.5937,0.6155,0.6156,0.7254,0.7461,0.6155,0.8508,0.937,89.0,Reach max iteration 50 | best_iter=23
qwen,sum,fb237_v2_ind_seed7009,50,1000.0,96,7009,0.606,0.5841,0.6167,0.7309,0.7114,0.5841,0.7996,0.9246,88.8,Reach max iteration 50 | best_iter=17
qwen,sum,fb237_v2_ind_seed7001,75,1.0,16,7001,0.6226,0.6183,0.9154,0.759,0.7595,0.6183,0.887,0.9616,182.1,Reach max iteration 50 | best_iter=49
qwen,sum,fb237_v2_ind_seed7005,75,1.0,16,7005,0.6379,0.6029,0.9128,0.7744,0.7497,0.6029,0.8845,0.958,176.7,Reach max iteration 50 | best_iter=50
qwen,sum,fb237_v2_ind_seed7009,75,1.0,16,7009,0.6124,0.5647,0.9147,0.7575,0.7315,0.5647,0.8879,0.9526,182.5,Reach max iteration 50 | best_iter=46
qwen,sum,fb237_v2_ind_seed7001,75,1.0,32,7001,0.5813,0.6333,0.9154,0.7386,0.7673,0.6333,0.8913,0.9659,181.1,Reach max iteration 50 | best_iter=43
qwen,sum,fb237_v2_ind_seed7005,75,1.0,32,7005,0.6295,0.6029,0.9128,0.7717,0.7529,0.6029,0.8887,0.9685,176.2,Reach max iteration 50 | best_iter=33
qwen,sum,fb237_v2_ind_seed7009,75,1.0,32,7009,0.6017,0.5754,0.9147,0.7446,0.7332,0.5754,0.8772,0.9483,182.9,Reach max iteration 50 | best_iter=47
qwen,sum,fb237_v2_ind_seed7001,75,1.0,48,7001,0.6139,0.6013,0.852,0.7481,0.7408,0.6013,0.855,0.951,184.0,Reach max iteration 50 | best_iter=1
qwen,sum,fb237_v2_ind_seed7005,75,1.0,48,7005,0.6295,0.6239,0.9128,0.7706,0.7585,0.6239,0.8739,0.9538,184.1,Reach max iteration 50 | best_iter=50
qwen,sum,fb237_v2_ind_seed7009,75,1.0,48,7009,0.5824,0.569,0.9147,0.7389,0.7275,0.569,0.8707,0.9504,182.3,Reach max iteration 50 | best_iter=50
qwen,sum,fb237_v2_ind_seed7001,75,1.0,64,7001,0.6095,0.6183,0.89,0.753,0.7539,0.6183,0.8763,0.9616,174.9,Reach max iteration 50 | best_iter=5
qwen,sum,fb237_v2_ind_seed7005,75,1.0,64,7005,0.6126,0.6029,0.9128,0.7568,0.7464,0.6029,0.8697,0.9622,183.1,Reach max iteration 50 | best_iter=24
qwen,sum,fb237_v2_ind_seed7009,75,1.0,64,7009,0.5996,0.6034,0.9039,0.7441,0.7527,0.6034,0.8858,0.9612,182.7,Reach max iteration 50 | best_iter=3
qwen,sum,fb237_v2_ind_seed7001,75,1.0,80,7001,0.6377,0.6759,0.777,0.7664,0.7816,0.6759,0.8721,0.9403,180.9,Reach max iteration 50 | best_iter=2
qwen,sum,fb237_v2_ind_seed7005,75,1.0,80,7005,0.6589,0.6492,0.8104,0.7834,0.7699,0.6492,0.8676,0.9559,181.8,Reach max iteration 50 | best_iter=2
qwen,sum,fb237_v2_ind_seed7009,75,1.0,80,7009,0.636,0.6379,0.8496,0.7595,0.767,0.6379,0.8815,0.9569,183.6,Reach max iteration 50 | best_iter=2
qwen,sum,fb237_v2_ind_seed7001,75,1.0,96,7001,0.6594,0.6482,0.8592,0.7807,0.7768,0.6482,0.8913,0.9638,186.2,Reach max iteration 50 | best_iter=2
qwen,sum,fb237_v2_ind_seed7005,75,1.0,96,7005,0.64,0.6239,0.9128,0.7729,0.7614,0.6239,0.8824,0.9559,180.0,Reach max iteration 50 | best_iter=49
qwen,sum,fb237_v2_ind_seed7009,75,1.0,96,7009,0.6231,0.6056,0.8981,0.7589,0.7511,0.6056,0.8836,0.9483,183.6,Reach max iteration 50 | best_iter=3
qwen,sum,fb237_v2_ind_seed7001,75,5.0,16,7001,0.6356,0.6162,0.9154,0.7704,0.7574,0.6162,0.887,0.9574,179.6,Reach max iteration 50 | best_iter=22
qwen,sum,fb237_v2_ind_seed7005,75,5.0,16,7005,0.6547,0.6366,0.9128,0.7883,0.7732,0.6366,0.8929,0.9685,177.1,Reach max iteration 50 | best_iter=28
qwen,sum,fb237_v2_ind_seed7009,75,5.0,16,7009,0.6317,0.597,0.8589,0.768,0.7467,0.597,0.8815,0.9591,183.7,Reach max iteration 50 | best_iter=2
qwen,sum,fb237_v2_ind_seed7001,75,5.0,32,7001,0.6443,0.6247,0.8606,0.7721,0.7586,0.6247,0.8699,0.9701,181.0,Reach max iteration 50 | best_iter=2
qwen,sum,fb237_v2_ind_seed7005,75,5.0,32,7005,0.6463,0.6471,0.9128,0.7833,0.7802,0.6471,0.9034,0.958,179.0,Reach max iteration 50 | best_iter=46
qwen,sum,fb237_v2_ind_seed7009,75,5.0,32,7009,0.6188,0.5884,0.9147,0.7632,0.7516,0.5884,0.9009,0.9612,180.7,Reach max iteration 50 | best_iter=46
qwen,sum,fb237_v2_ind_seed7001,75,5.0,48,7001,0.6356,0.629,0.9154,0.7769,0.7671,0.629,0.8827,0.9701,184.7,Reach max iteration 50 | best_iter=48
qwen,sum,fb237_v2_ind_seed7005,75,5.0,48,7005,0.6547,0.6218,0.9128,0.7877,0.7655,0.6218,0.9055,0.958,185.3,Reach max iteration 50 | best_iter=40
qwen,sum,fb237_v2_ind_seed7009,75,5.0,48,7009,0.6253,0.5797,0.9147,0.7711,0.7387,0.5797,0.8815,0.9547,181.1,Reach max iteration 50 | best_iter=25
qwen,sum,fb237_v2_ind_seed7001,75,5.0,64,7001,0.6312,0.6354,0.9154,0.7715,0.7727,0.6354,0.8977,0.9638,179.4,Reach max iteration 50 | best_iter=34
qwen,sum,fb237_v2_ind_seed7005,75,5.0,64,7005,0.6568,0.6176,0.9128,0.7917,0.7654,0.6176,0.9055,0.9559,184.1,Reach max iteration 50 | best_iter=50
qwen,sum,fb237_v2_ind_seed7009,75,5.0,64,7009,0.6381,0.5819,0.9147,0.7735,0.7463,0.5819,0.903,0.9634,179.2,Reach max iteration 50 | best_iter=46
qwen,sum,fb237_v2_ind_seed7001,75,5.0,80,7001,0.6334,0.6525,0.8753,0.7711,0.7799,0.6525,0.9019,0.9638,182.1,Reach max iteration 50 | best_iter=3
qwen,sum,fb237_v2_ind_seed7005,75,5.0,80,7005,0.6611,0.6408,0.9128,0.7929,0.7777,0.6408,0.9055,0.9643,180.2,Reach max iteration 50 | best_iter=47
qwen,sum,fb237_v2_ind_seed7009,75,5.0,80,7009,0.6124,0.6099,0.9147,0.7605,0.7653,0.6099,0.9073,0.9655,186.2,Reach max iteration 50 | best_iter=49
qwen,sum,fb237_v2_ind_seed7001,75,5.0,96,7001,0.6594,0.6716,0.8508,0.7803,0.7881,0.6716,0.8934,0.9616,183.3,Reach max iteration 50 | best_iter=2
qwen,sum,fb237_v2_ind_seed7005,75,5.0,96,7005,0.6442,0.6345,0.9128,0.7807,0.7729,0.6345,0.8992,0.9643,181.0,Reach max iteration 50 | best_iter=24
qwen,sum,fb237_v2_ind_seed7009,75,5.0,96,7009,0.6296,0.5711,0.9147,0.7709,0.7387,0.5711,0.8944,0.9677,182.7,Reach max iteration 50 | best_iter=13
qwen,sum,fb237_v2_ind_seed7001,75,10.0,16,7001,0.6312,0.6141,0.9154,0.7717,0.7608,0.6141,0.8934,0.9616,178.7,Reach max iteration 50 | best_iter=21
qwen,sum,fb237_v2_ind_seed7005,75,10.0,16,7005,0.6674,0.6218,0.9128,0.7946,0.7667,0.6218,0.895,0.9601,178.0,Reach max iteration 50 | best_iter=26
qwen,sum,fb237_v2_ind_seed7009,75,10.0,16,7009,0.6146,0.5948,0.914,0.7641,0.7534,0.5948,0.8944,0.9698,182.3,Reach max iteration 50 | best_iter=6
qwen,sum,fb237_v2_ind_seed7001,75,10.0,32,7001,0.6356,0.6375,0.9154,0.7786,0.7789,0.6375,0.9062,0.9787,177.6,Reach max iteration 50 | best_iter=16
qwen,sum,fb237_v2_ind_seed7005,75,10.0,32,7005,0.6547,0.6429,0.9123,0.7909,0.7824,0.6429,0.916,0.9685,177.2,Reach max iteration 50 | best_iter=9
qwen,sum,fb237_v2_ind_seed7009,75,10.0,32,7009,0.636,0.6056,0.9147,0.776,0.7596,0.6056,0.9073,0.9591,181.5,Reach max iteration 50 | best_iter=45
qwen,sum,fb237_v2_ind_seed7001,75,10.0,48,7001,0.6421,0.6333,0.9154,0.7811,0.771,0.6333,0.8913,0.968,185.7,Reach max iteration 50 | best_iter=18
qwen,sum,fb237_v2_ind_seed7005,75,10.0,48,7005,0.6674,0.6408,0.9126,0.7953,0.7782,0.6408,0.9118,0.9643,183.9,Reach max iteration 50 | best_iter=35
qwen,sum,fb237_v2_ind_seed7009,75,10.0,48,7009,0.6253,0.5905,0.9147,0.7721,0.7524,0.5905,0.8987,0.9677,184.1,Reach max iteration 50 | best_iter=35
qwen,sum,fb237_v2_ind_seed7001,75,10.0,64,7001,0.6312,0.6333,0.9133,0.7744,0.7736,0.6333,0.9041,0.9744,183.0,Reach max iteration 50 | best_iter=4
qwen,sum,fb237_v2_ind_seed7005,75,10.0,64,7005,0.6632,0.6387,0.9126,0.7955,0.7798,0.6387,0.9055,0.9685,178.4,Reach max iteration 50 | best_iter=46
qwen,sum,fb237_v2_ind_seed7009,75,10.0,64,7009,0.636,0.597,0.9147,0.7734,0.7544,0.597,0.8966,0.9612,181.4,Reach max iteration 50 | best_iter=44
qwen,sum,fb237_v2_ind_seed7001,75,10.0,80,7001,0.6334,0.6311,0.9154,0.7762,0.7766,0.6311,0.9062,0.9765,184.0,Reach max iteration 50 | best_iter=37
qwen,sum,fb237_v2_ind_seed7005,75,10.0,80,7005,0.6653,0.6492,0.9128,0.7969,0.7826,0.6492,0.9013,0.9685,183.3,Reach max iteration 50 | best_iter=44
qwen,sum,fb237_v2_ind_seed7009,75,10.0,80,7009,0.6296,0.5927,0.9144,0.7741,0.753,0.5927,0.903,0.9655,185.9,Reach max iteration 50 | best_iter=41
qwen,sum,fb237_v2_ind_seed7001,75,10.0,96,7001,0.6508,0.6503,0.8993,0.7829,0.782,0.6503,0.9041,0.9659,182.9,Reach max iteration 50 | best_iter=4
qwen,sum,fb237_v2_ind_seed7005,75,10.0,96,7005,0.6611,0.6345,0.9128,0.7971,0.7751,0.6345,0.9034,0.9685,178.7,Reach max iteration 50 | best_iter=47
qwen,sum,fb237_v2_ind_seed7009,75,10.0,96,7009,0.6424,0.6121,0.9147,0.7776,0.7641,0.6121,0.9009,0.9655,182.8,Reach max iteration 50 | best_iter=50
qwen,sum,fb237_v2_ind_seed7001,75,50.0,16,7001,0.6659,0.6695,0.8703,0.7964,0.795,0.6695,0.9083,0.9765,184.6,Reach max iteration 50 | best_iter=3
qwen,sum,fb237_v2_ind_seed7005,75,50.0,16,7005,0.7011,0.6681,0.8575,0.8175,0.7981,0.6681,0.9097,0.9748,183.8,Reach max iteration 50 | best_iter=2
qwen,sum,fb237_v2_ind_seed7009,75,50.0,16,7009,0.666,0.6487,0.889,0.7957,0.7865,0.6487,0.9095,0.9698,181.0,Reach max iteration 50 | best_iter=7
qwen,sum,fb237_v2_ind_seed7001,75,50.0,32,7001,0.6833,0.6652,0.8777,0.806,0.796,0.6652,0.9211,0.9744,182.7,Reach max iteration 50 | best_iter=4
qwen,sum,fb237_v2_ind_seed7005,75,50.0,32,7005,0.6926,0.6828,0.8512,0.8111,0.8103,0.6828,0.9265,0.9853,181.9,Reach max iteration 50 | best_iter=3
qwen,sum,fb237_v2_ind_seed7009,75,50.0,32,7009,0.6617,0.6444,0.8414,0.7919,0.7843,0.6444,0.9138,0.9698,185.6,Reach max iteration 50 | best_iter=2
qwen,sum,fb237_v2_ind_seed7001,75,50.0,48,7001,0.6833,0.6738,0.8443,0.8037,0.8003,0.6738,0.9083,0.9851,184.0,Reach max iteration 50 | best_iter=2
qwen,sum,fb237_v2_ind_seed7005,75,50.0,48,7005,0.6968,0.6807,0.8686,0.817,0.8037,0.6807,0.9118,0.9727,181.2,Reach max iteration 50 | best_iter=4
qwen,sum,fb237_v2_ind_seed7009,75,50.0,48,7009,0.6467,0.653,0.8789,0.7894,0.7877,0.653,0.9138,0.9655,179.5,Reach max iteration 50 | best_iter=4
qwen,sum,fb237_v2_ind_seed7001,75,50.0,64,7001,0.6811,0.6738,0.8407,0.801,0.7971,0.6738,0.9041,0.9829,180.5,Reach max iteration 50 | best_iter=3
qwen,sum,fb237_v2_ind_seed7005,75,50.0,64,7005,0.6968,0.666,0.8928,0.8166,0.7979,0.666,0.9244,0.9685,181.9,Reach max iteration 50 | best_iter=15
qwen,sum,fb237_v2_ind_seed7009,75,50.0,64,7009,0.6467,0.6379,0.8976,0.7877,0.7795,0.6379,0.9052,0.972,179.2,Reach max iteration 50 | best_iter=12
qwen,sum,fb237_v2_ind_seed7001,75,50.0,80,7001,0.6746,0.6546,0.8936,0.8032,0.7913,0.6546,0.9318,0.9829,184.9,Reach max iteration 50 | best_iter=6
qwen,sum,fb237_v2_ind_seed7005,75,50.0,80,7005,0.6968,0.6702,0.887,0.8157,0.8013,0.6702,0.9118,0.9811,182.5,Reach max iteration 50 | best_iter=5
qwen,sum,fb237_v2_ind_seed7009,75,50.0,80,7009,0.6552,0.6422,0.901,0.7904,0.784,0.6422,0.9159,0.972,184.7,Reach max iteration 50 | best_iter=23
qwen,sum,fb237_v2_ind_seed7001,75,50.0,96,7001,0.6681,0.6588,0.8996,0.8005,0.7934,0.6588,0.9168,0.9787,184.0,Reach max iteration 50 | best_iter=18
qwen,sum,fb237_v2_ind_seed7005,75,50.0,96,7005,0.7011,0.6891,0.8469,0.8145,0.8101,0.6891,0.9202,0.9748,180.2,Reach max iteration 50 | best_iter=4
qwen,sum,fb237_v2_ind_seed7009,75,50.0,96,7009,0.6574,0.6358,0.9027,0.7914,0.7786,0.6358,0.9073,0.972,184.9,Reach max iteration 50 | best_iter=32
qwen,sum,fb237_v2_ind_seed7001,75,100.0,16,7001,0.6941,0.6866,0.8063,0.8089,0.8038,0.6866,0.9083,0.9701,183.7,Reach max iteration 50 | best_iter=3
qwen,sum,fb237_v2_ind_seed7005,75,100.0,16,7005,0.7116,0.6723,0.8109,0.824,0.7993,0.6723,0.916,0.9727,181.4,Reach max iteration 50 | best_iter=3
qwen,sum,fb237_v2_ind_seed7009,75,100.0,16,7009,0.6724,0.6659,0.8363,0.801,0.7915,0.6659,0.9009,0.9655,180.1,Reach max iteration 50 | best_iter=41
qwen,sum,fb237_v2_ind_seed7001,75,100.0,32,7001,0.7028,0.6823,0.8429,0.8149,0.8058,0.6823,0.9211,0.9765,178.0,Reach max iteration 50 | best_iter=50
qwen,sum,fb237_v2_ind_seed7005,75,100.0,32,7005,0.7095,0.6807,0.8433,0.8223,0.8049,0.6807,0.9181,0.9727,181.7,Reach max iteration 50 | best_iter=50
qwen,sum,fb237_v2_ind_seed7009,75,100.0,32,7009,0.6724,0.6703,0.8474,0.8001,0.797,0.6703,0.9095,0.9698,182.9,Reach max iteration 50 | best_iter=49
qwen,sum,fb237_v2_ind_seed7001,75,100.0,48,7001,0.6963,0.6738,0.8167,0.8103,0.8013,0.6738,0.9126,0.9808,184.5,Reach max iteration 50 | best_iter=3
qwen,sum,fb237_v2_ind_seed7005,75,100.0,48,7005,0.7074,0.666,0.8464,0.8212,0.7998,0.666,0.9265,0.9685,182.0,Reach max iteration 50 | best_iter=7
qwen,sum,fb237_v2_ind_seed7009,75,100.0,48,7009,0.666,0.6616,0.8534,0.7999,0.7922,0.6616,0.9138,0.9741,184.0,Reach max iteration 50 | best_iter=50
qwen,sum,fb237_v2_ind_seed7001,75,100.0,64,7001,0.692,0.6994,0.8546,0.8106,0.8148,0.6994,0.9254,0.9808,180.2,Reach max iteration 50 | best_iter=13
qwen,sum,fb237_v2_ind_seed7005,75,100.0,64,7005,0.7116,0.6807,0.8537,0.8239,0.8057,0.6807,0.9202,0.9748,181.7,Reach max iteration 50 | best_iter=38
qwen,sum,fb237_v2_ind_seed7009,75,100.0,64,7009,0.6809,0.6746,0.8267,0.8054,0.7986,0.6746,0.9095,0.972,184.0,Reach max iteration 50 | best_iter=3
qwen,sum,fb237_v2_ind_seed7001,75,100.0,80,7001,0.6898,0.6823,0.8558,0.8108,0.8054,0.6823,0.9211,0.9808,181.6,Reach max iteration 50 | best_iter=9
qwen,sum,fb237_v2_ind_seed7005,75,100.0,80,7005,0.7116,0.687,0.8595,0.8221,0.8084,0.687,0.9202,0.9748,181.4,Reach max iteration 50 | best_iter=31
qwen,sum,fb237_v2_ind_seed7009,75,100.0,80,7009,0.6724,0.6767,0.8498,0.8027,0.8015,0.6767,0.9181,0.9784,182.1,Reach max iteration 50 | best_iter=6
qwen,sum,fb237_v2_ind_seed7001,75,100.0,96,7001,0.6941,0.6738,0.8597,0.8129,0.802,0.6738,0.919,0.9808,177.2,Reach max iteration 50 | best_iter=14
qwen,sum,fb237_v2_ind_seed7005,75,100.0,96,7005,0.7137,0.6828,0.8556,0.826,0.8083,0.6828,0.9202,0.979,176.1,Reach max iteration 50 | best_iter=10
qwen,sum,fb237_v2_ind_seed7009,75,100.0,96,7009,0.6831,0.6681,0.8368,0.8049,0.7981,0.6681,0.9181,0.9763,181.4,Reach max iteration 50 | best_iter=5
qwen,sum,fb237_v2_ind_seed7001,75,500.0,16,7001,0.6226,0.6098,0.6329,0.7422,0.735,0.6098,0.8337,0.9296,99.5,Reach max iteration 50 | best_iter=36
qwen,sum,fb237_v2_ind_seed7005,75,500.0,16,7005,0.6295,0.6387,0.6286,0.7463,0.7623,0.6387,0.8718,0.9349,94.7,Reach max iteration 50 | best_iter=26
qwen,sum,fb237_v2_ind_seed7009,75,500.0,16,7009,0.6231,0.5927,0.639,0.7453,0.7227,0.5927,0.8254,0.9289,92.2,Reach max iteration 50 | best_iter=21
qwen,sum,fb237_v2_ind_seed7001,75,500.0,32,7001,0.6377,0.6354,0.6617,0.7641,0.7571,0.6354,0.8529,0.9403,109.0,Reach max iteration 50 | best_iter=11
qwen,sum,fb237_v2_ind_seed7005,75,500.0,32,7005,0.6442,0.6471,0.6576,0.7639,0.7706,0.6471,0.8718,0.9559,108.3,Reach max iteration 50 | best_iter=12
qwen,sum,fb237_v2_ind_seed7009,75,500.0,32,7009,0.6552,0.5991,0.6631,0.7688,0.7369,0.5991,0.8534,0.944,108.8,Reach max iteration 50 | best_iter=22
qwen,sum,fb237_v2_ind_seed7001,75,500.0,48,7001,0.6421,0.6439,0.6819,0.7695,0.7626,0.6439,0.855,0.9531,119.3,Reach max iteration 50 | best_iter=11
qwen,sum,fb237_v2_ind_seed7005,75,500.0,48,7005,0.6484,0.6513,0.6764,0.7745,0.7786,0.6513,0.8908,0.9559,120.5,Reach max iteration 50 | best_iter=16
qwen,sum,fb237_v2_ind_seed7009,75,500.0,48,7009,0.6574,0.6142,0.683,0.7744,0.7493,0.6142,0.8642,0.9526,120.1,Reach max iteration 50 | best_iter=46
qwen,sum,fb237_v2_ind_seed7001,75,500.0,64,7001,0.6594,0.6461,0.6927,0.781,0.7663,0.6461,0.8571,0.9531,130.7,Reach max iteration 50 | best_iter=10
qwen,sum,fb237_v2_ind_seed7005,75,500.0,64,7005,0.6589,0.6639,0.6875,0.7801,0.7878,0.6639,0.9034,0.9601,129.6,Reach max iteration 50 | best_iter=36
qwen,sum,fb237_v2_ind_seed7009,75,500.0,64,7009,0.6681,0.6358,0.6948,0.7828,0.7629,0.6358,0.8685,0.9569,127.3,Reach max iteration 50 | best_iter=25
qwen,sum,fb237_v2_ind_seed7001,75,500.0,80,7001,0.6616,0.6588,0.6982,0.7835,0.774,0.6588,0.8657,0.9574,151.8,Reach max iteration 50 | best_iter=11
qwen,sum,fb237_v2_ind_seed7005,75,500.0,80,7005,0.6716,0.6618,0.6977,0.7894,0.7864,0.6618,0.9013,0.9622,150.6,Reach max iteration 50 | best_iter=14
qwen,sum,fb237_v2_ind_seed7009,75,500.0,80,7009,0.6681,0.6336,0.7056,0.7836,0.7613,0.6336,0.8664,0.9591,152.8,Reach max iteration 50 | best_iter=9
qwen,sum,fb237_v2_ind_seed7001,75,500.0,96,7001,0.6703,0.6674,0.7081,0.7893,0.7792,0.6674,0.8657,0.9616,152.3,Reach max iteration 50 | best_iter=10
qwen,sum,fb237_v2_ind_seed7005,75,500.0,96,7005,0.6716,0.666,0.7001,0.7911,0.7905,0.666,0.9013,0.9622,160.4,Reach max iteration 50 | best_iter=32
qwen,sum,fb237_v2_ind_seed7009,75,500.0,96,7009,0.6681,0.6315,0.7075,0.7847,0.7638,0.6315,0.8728,0.9547,156.2,Reach max iteration 50 | best_iter=46
qwen,sum,fb237_v2_ind_seed7001,75,1000.0,16,7001,0.5033,0.5117,0.501,0.6384,0.645,0.5117,0.742,0.8507,86.4,Reach max iteration 50 | best_iter=18
qwen,sum,fb237_v2_ind_seed7005,75,1000.0,16,7005,0.5116,0.5378,0.5305,0.642,0.6672,0.5378,0.7542,0.8908,86.9,Reach max iteration 50 | best_iter=32
qwen,sum,fb237_v2_ind_seed7009,75,1000.0,16,7009,0.5225,0.4935,0.5102,0.6477,0.6249,0.4935,0.7134,0.8534,85.9,Reach max iteration 50 | best_iter=33
qwen,sum,fb237_v2_ind_seed7001,75,1000.0,32,7001,0.5553,0.5693,0.569,0.6886,0.6925,0.5693,0.7846,0.8998,89.6,Reach max iteration 50 | best_iter=32
qwen,sum,fb237_v2_ind_seed7005,75,1000.0,32,7005,0.56,0.5546,0.5697,0.6886,0.6952,0.5546,0.8025,0.9097,88.9,Reach max iteration 50 | best_iter=42
qwen,sum,fb237_v2_ind_seed7009,75,1000.0,32,7009,0.5632,0.5237,0.5525,0.6887,0.6608,0.5237,0.7586,0.875,88.7,Reach max iteration 50 | best_iter=46
qwen,sum,fb237_v2_ind_seed7001,75,1000.0,48,7001,0.564,0.5736,0.581,0.7005,0.7014,0.5736,0.7932,0.9147,91.2,Reach max iteration 50 | best_iter=13
qwen,sum,fb237_v2_ind_seed7005,75,1000.0,48,7005,0.5642,0.5756,0.582,0.696,0.7146,0.5756,0.8361,0.9181,89.8,Reach max iteration 50 | best_iter=33
qwen,sum,fb237_v2_ind_seed7009,75,1000.0,48,7009,0.591,0.5496,0.585,0.7099,0.6836,0.5496,0.7823,0.9116,90.2,Reach max iteration 50 | best_iter=15
qwen,sum,fb237_v2_ind_seed7001,75,1000.0,64,7001,0.5835,0.5906,0.5949,0.7119,0.7119,0.5906,0.8017,0.9104,95.1,Reach max iteration 50 | best_iter=16
qwen,sum,fb237_v2_ind_seed7005,75,1000.0,64,7005,0.5853,0.584,0.5936,0.7129,0.7206,0.584,0.8403,0.9181,96.2,Reach max iteration 50 | best_iter=13
qwen,sum,fb237_v2_ind_seed7009,75,1000.0,64,7009,0.5824,0.5625,0.5946,0.7088,0.6942,0.5625,0.7802,0.9159,95.9,Reach max iteration 50 | best_iter=13
qwen,sum,fb237_v2_ind_seed7001,75,1000.0,80,7001,0.5922,0.597,0.6064,0.7185,0.7169,0.597,0.8038,0.9211,119.6,Reach max iteration 50 | best_iter=26
qwen,sum,fb237_v2_ind_seed7005,75,1000.0,80,7005,0.5832,0.6008,0.6057,0.7138,0.7349,0.6008,0.8445,0.9244,117.7,Reach max iteration 50 | best_iter=35
qwen,sum,fb237_v2_ind_seed7009,75,1000.0,80,7009,0.6188,0.5776,0.6133,0.7348,0.7068,0.5776,0.7953,0.9246,115.8,Reach max iteration 50 | best_iter=24
qwen,sum,fb237_v2_ind_seed7001,75,1000.0,96,7001,0.6052,0.6055,0.6173,0.7305,0.7269,0.6055,0.8166,0.9232,121.2,Reach max iteration 50 | best_iter=25
qwen,sum,fb237_v2_ind_seed7005,75,1000.0,96,7005,0.6,0.6303,0.6182,0.7289,0.754,0.6303,0.8529,0.9307,119.6,Reach max iteration 50 | best_iter=12
qwen,sum,fb237_v2_ind_seed7009,75,1000.0,96,7009,0.5996,0.5797,0.6176,0.7259,0.7087,0.5797,0.7974,0.9267,120.5,Reach max iteration 50 | best_iter=13
qwen,sum,fb237_v2_ind_seed7001,100,1.0,16,7001,0.6074,0.6077,0.9154,0.7516,0.7548,0.6077,0.8891,0.9701,231.4,Reach max iteration 50 | best_iter=50
qwen,sum,fb237_v2_ind_seed7005,100,1.0,16,7005,0.6253,0.6218,0.9128,0.7668,0.7625,0.6218,0.8887,0.9601,222.9,Reach max iteration 50 | best_iter=45
qwen,sum,fb237_v2_ind_seed7009,100,1.0,16,7009,0.6167,0.5905,0.9147,0.7584,0.7453,0.5905,0.8966,0.9504,222.1,Reach max iteration 50 | best_iter=25
qwen,sum,fb237_v2_ind_seed7001,100,1.0,32,7001,0.6182,0.6269,0.9154,0.7595,0.7669,0.6269,0.887,0.9701,228.6,Reach max iteration 50 | best_iter=48
qwen,sum,fb237_v2_ind_seed7005,100,1.0,32,7005,0.6526,0.6197,0.9128,0.7851,0.7632,0.6197,0.8992,0.9601,225.6,Reach max iteration 50 | best_iter=44
qwen,sum,fb237_v2_ind_seed7009,100,1.0,32,7009,0.6017,0.597,0.9147,0.75,0.7499,0.597,0.8879,0.9612,223.3,Reach max iteration 50 | best_iter=37
qwen,sum,fb237_v2_ind_seed7001,100,1.0,48,7001,0.6226,0.6311,0.9154,0.7657,0.7663,0.6311,0.8827,0.9744,231.1,Reach max iteration 50 | best_iter=50
qwen,sum,fb237_v2_ind_seed7005,100,1.0,48,7005,0.6421,0.6366,0.9128,0.7798,0.7656,0.6366,0.8824,0.9475,229.6,Reach max iteration 50 | best_iter=45
qwen,sum,fb237_v2_ind_seed7009,100,1.0,48,7009,0.5931,0.5862,0.9147,0.7453,0.742,0.5862,0.8858,0.9504,228.3,Reach max iteration 50 | best_iter=44
qwen,sum,fb237_v2_ind_seed7001,100,1.0,64,7001,0.6399,0.6311,0.8402,0.7726,0.7679,0.6311,0.8849,0.9659,228.4,Reach max iteration 50 | best_iter=2
qwen,sum,fb237_v2_ind_seed7005,100,1.0,64,7005,0.6442,0.6261,0.9128,0.778,0.767,0.6261,0.8971,0.9664,226.6,Reach max iteration 50 | best_iter=49
qwen,sum,fb237_v2_ind_seed7009,100,1.0,64,7009,0.6081,0.5754,0.9147,0.7505,0.7347,0.5754,0.8707,0.9634,226.8,Reach max iteration 50 | best_iter=49
qwen,sum,fb237_v2_ind_seed7001,100,1.0,80,7001,0.6464,0.6418,0.8895,0.7778,0.7736,0.6418,0.887,0.9638,230.9,Reach max iteration 50 | best_iter=3
qwen,sum,fb237_v2_ind_seed7005,100,1.0,80,7005,0.6358,0.6513,0.8696,0.7701,0.7823,0.6513,0.8992,0.9622,230.9,Reach max iteration 50 | best_iter=2
qwen,sum,fb237_v2_ind_seed7009,100,1.0,80,7009,0.6039,0.5991,0.9147,0.7479,0.7497,0.5991,0.8858,0.9698,231.1,Reach max iteration 50 | best_iter=49
qwen,sum,fb237_v2_ind_seed7001,100,1.0,96,7001,0.6247,0.6354,0.8892,0.767,0.7716,0.6354,0.8891,0.9595,234.2,Reach max iteration 50 | best_iter=3
qwen,sum,fb237_v2_ind_seed7005,100,1.0,96,7005,0.64,0.6218,0.9128,0.7766,0.765,0.6218,0.9013,0.958,235.2,Reach max iteration 50 | best_iter=44
qwen,sum,fb237_v2_ind_seed7009,100,1.0,96,7009,0.6124,0.6056,0.8921,0.7555,0.7515,0.6056,0.8815,0.9526,230.6,Reach max iteration 50 | best_iter=2
qwen,sum,fb237_v2_ind_seed7001,100,5.0,16,7001,0.6226,0.6247,0.9154,0.7668,0.7653,0.6247,0.8998,0.9616,232.3,Reach max iteration 50 | best_iter=40
qwen,sum,fb237_v2_ind_seed7005,100,5.0,16,7005,0.6526,0.645,0.857,0.7797,0.7752,0.645,0.8908,0.9664,222.5,Reach max iteration 50 | best_iter=3
qwen,sum,fb237_v2_ind_seed7009,100,5.0,16,7009,0.6124,0.5927,0.9147,0.764,0.7529,0.5927,0.8987,0.9634,224.8,Reach max iteration 50 | best_iter=14
qwen,sum,fb237_v2_ind_seed7001,100,5.0,32,7001,0.6312,0.6333,0.9154,0.7703,0.7746,0.6333,0.9083,0.9723,229.5,Reach max iteration 50 | best_iter=24
qwen,sum,fb237_v2_ind_seed7005,100,5.0,32,7005,0.6632,0.6239,0.9128,0.7909,0.7698,0.6239,0.8971,0.9643,226.9,Reach max iteration 50 | best_iter=46
qwen,sum,fb237_v2_ind_seed7009,100,5.0,32,7009,0.6081,0.5884,0.9147,0.7632,0.7486,0.5884,0.8987,0.9569,228.5,Reach max iteration 50 | best_iter=48
qwen,sum,fb237_v2_ind_seed7001,100,5.0,48,7001,0.6312,0.6311,0.9154,0.7759,0.7713,0.6311,0.8955,0.968,231.3,Reach max iteration 50 | best_iter=30
qwen,sum,fb237_v2_ind_seed7005,100,5.0,48,7005,0.6568,0.6429,0.9128,0.7887,0.7738,0.6429,0.8929,0.9643,233.5,Reach max iteration 50 | best_iter=45
qwen,sum,fb237_v2_ind_seed7009,100,5.0,48,7009,0.636,0.5884,0.9147,0.7737,0.7499,0.5884,0.9009,0.9547,230.9,Reach max iteration 50 | best_iter=37
qwen,sum,fb237_v2_ind_seed7001,100,5.0,64,7001,0.6421,0.6311,0.9154,0.7804,0.7748,0.6311,0.9019,0.9765,231.5,Reach max iteration 50 | best_iter=48
qwen,sum,fb237_v2_ind_seed7005,100,5.0,64,7005,0.6547,0.6408,0.9128,0.7906,0.7784,0.6408,0.9013,0.9643,233.9,Reach max iteration 50 | best_iter=46
qwen,sum,fb237_v2_ind_seed7009,100,5.0,64,7009,0.6231,0.6013,0.9147,0.7666,0.7569,0.6013,0.903,0.9634,229.5,Reach max iteration 50 | best_iter=49
qwen,sum,fb237_v2_ind_seed7001,100,5.0,80,7001,0.6269,0.6354,0.9154,0.7709,0.7755,0.6354,0.9083,0.9723,229.3,Reach max iteration 50 | best_iter=47
qwen,sum,fb237_v2_ind_seed7005,100,5.0,80,7005,0.6379,0.6429,0.9128,0.7789,0.7775,0.6429,0.9013,0.9748,235.3,Reach max iteration 50 | best_iter=50
qwen,sum,fb237_v2_ind_seed7009,100,5.0,80,7009,0.621,0.6056,0.9147,0.7664,0.7621,0.6056,0.903,0.9677,232.4,Reach max iteration 50 | best_iter=43
qwen,sum,fb237_v2_ind_seed7001,100,5.0,96,7001,0.6334,0.6375,0.9154,0.7793,0.7765,0.6375,0.8955,0.9787,233.8,Reach max iteration 50 | best_iter=27
qwen,sum,fb237_v2_ind_seed7005,100,5.0,96,7005,0.6505,0.6429,0.9128,0.7862,0.779,0.6429,0.9076,0.9643,234.5,Reach max iteration 50 | best_iter=35
qwen,sum,fb237_v2_ind_seed7009,100,5.0,96,7009,0.6253,0.6185,0.8991,0.7673,0.7579,0.6185,0.8836,0.9504,230.7,Reach max iteration 50 | best_iter=2
qwen,sum,fb237_v2_ind_seed7001,100,10.0,16,7001,0.6291,0.6247,0.9154,0.7714,0.7683,0.6247,0.9041,0.9638,230.8,Reach max iteration 50 | best_iter=33
qwen,sum,fb237_v2_ind_seed7005,100,10.0,16,7005,0.6442,0.6303,0.9119,0.7846,0.7727,0.6303,0.9034,0.9685,222.8,Reach max iteration 50 | best_iter=7
qwen,sum,fb237_v2_ind_seed7009,100,10.0,16,7009,0.6188,0.6142,0.9132,0.7699,0.7622,0.6142,0.8944,0.9634,226.2,Reach max iteration 50 | best_iter=6
qwen,sum,fb237_v2_ind_seed7001,100,10.0,32,7001,0.6204,0.629,0.9154,0.7703,0.7752,0.629,0.9147,0.9744,227.2,Reach max iteration 50 | best_iter=37
qwen,sum,fb237_v2_ind_seed7005,100,10.0,32,7005,0.6589,0.6345,0.9123,0.7925,0.7754,0.6345,0.9055,0.9664,228.2,Reach max iteration 50 | best_iter=7
qwen,sum,fb237_v2_ind_seed7009,100,10.0,32,7009,0.6274,0.6078,0.9147,0.7728,0.7633,0.6078,0.9073,0.972,229.7,Reach max iteration 50 | best_iter=48
qwen,sum,fb237_v2_ind_seed7001,100,10.0,48,7001,0.6377,0.6354,0.9154,0.778,0.7763,0.6354,0.9062,0.9744,231.8,Reach max iteration 50 | best_iter=40
qwen,sum,fb237_v2_ind_seed7005,100,10.0,48,7005,0.6632,0.6534,0.9126,0.7944,0.7827,0.6534,0.8929,0.9706,231.7,Reach max iteration 50 | best_iter=38
qwen,sum,fb237_v2_ind_seed7009,100,10.0,48,7009,0.636,0.6056,0.8979,0.7747,0.7564,0.6056,0.9009,0.9634,227.9,Reach max iteration 50 | best_iter=3
qwen,sum,fb237_v2_ind_seed7001,100,10.0,64,7001,0.6247,0.6333,0.9152,0.7736,0.7719,0.6333,0.8998,0.9723,227.8,Reach max iteration 50 | best_iter=10
qwen,sum,fb237_v2_ind_seed7005,100,10.0,64,7005,0.6611,0.6471,0.9126,0.793,0.7823,0.6471,0.9076,0.9643,230.8,Reach max iteration 50 | best_iter=21
qwen,sum,fb237_v2_ind_seed7009,100,10.0,64,7009,0.6274,0.597,0.9144,0.7721,0.7557,0.597,0.8966,0.9634,226.0,Reach max iteration 50 | best_iter=50
qwen,sum,fb237_v2_ind_seed7001,100,10.0,80,7001,0.6399,0.6375,0.9092,0.778,0.7755,0.6375,0.8977,0.9765,228.3,Reach max iteration 50 | best_iter=4
qwen,sum,fb237_v2_ind_seed7005,100,10.0,80,7005,0.6484,0.6387,0.9128,0.7866,0.7777,0.6387,0.9118,0.9706,236.9,Reach max iteration 50 | best_iter=43
qwen,sum,fb237_v2_ind_seed7009,100,10.0,80,7009,0.6253,0.6164,0.9144,0.7709,0.7698,0.6164,0.9052,0.972,231.3,Reach max iteration 50 | best_iter=43
qwen,sum,fb237_v2_ind_seed7001,100,10.0,96,7001,0.6291,0.6354,0.9154,0.7766,0.779,0.6354,0.9104,0.9744,234.8,Reach max iteration 50 | best_iter=18
qwen,sum,fb237_v2_ind_seed7005,100,10.0,96,7005,0.6526,0.6387,0.9119,0.7891,0.7775,0.6387,0.9055,0.9706,234.2,Reach max iteration 50 | best_iter=6
qwen,sum,fb237_v2_ind_seed7009,100,10.0,96,7009,0.6167,0.6034,0.9144,0.7687,0.7637,0.6034,0.9138,0.9591,228.0,Reach max iteration 50 | best_iter=50
qwen,sum,fb237_v2_ind_seed7001,100,50.0,16,7001,0.6638,0.6567,0.883,0.7929,0.7915,0.6567,0.9147,0.9765,233.1,Reach max iteration 50 | best_iter=4
qwen,sum,fb237_v2_ind_seed7005,100,50.0,16,7005,0.7074,0.6576,0.8737,0.8218,0.7931,0.6576,0.9181,0.9748,229.8,Reach max iteration 50 | best_iter=3
qwen,sum,fb237_v2_ind_seed7009,100,50.0,16,7009,0.6595,0.653,0.8731,0.7924,0.7873,0.653,0.9116,0.9677,224.4,Reach max iteration 50 | best_iter=5
qwen,sum,fb237_v2_ind_seed7001,100,50.0,32,7001,0.6703,0.6525,0.8981,0.7983,0.7894,0.6525,0.9211,0.9808,226.6,Reach max iteration 50 | best_iter=27
qwen,sum,fb237_v2_ind_seed7005,100,50.0,32,7005,0.6926,0.6702,0.8925,0.816,0.7989,0.6702,0.9223,0.9727,225.1,Reach max iteration 50 | best_iter=14
qwen,sum,fb237_v2_ind_seed7009,100,50.0,32,7009,0.6381,0.6659,0.8875,0.7829,0.797,0.6659,0.9181,0.9677,231.6,Reach max iteration 50 | best_iter=4
qwen,sum,fb237_v2_ind_seed7001,100,50.0,48,7001,0.679,0.6695,0.8621,0.8019,0.7964,0.6695,0.9083,0.9787,227.1,Reach max iteration 50 | best_iter=4
qwen,sum,fb237_v2_ind_seed7005,100,50.0,48,7005,0.6968,0.6723,0.887,0.8136,0.8025,0.6723,0.9202,0.9727,223.0,Reach max iteration 50 | best_iter=8
qwen,sum,fb237_v2_ind_seed7009,100,50.0,48,7009,0.651,0.6509,0.8964,0.7898,0.7868,0.6509,0.9159,0.9677,227.1,Reach max iteration 50 | best_iter=11
qwen,sum,fb237_v2_ind_seed7001,100,50.0,64,7001,0.692,0.6972,0.8611,0.8102,0.8105,0.6972,0.9168,0.9765,229.4,Reach max iteration 50 | best_iter=4
qwen,sum,fb237_v2_ind_seed7005,100,50.0,64,7005,0.6947,0.6618,0.8882,0.8127,0.7953,0.6618,0.9286,0.9727,230.8,Reach max iteration 50 | best_iter=7
qwen,sum,fb237_v2_ind_seed7009,100,50.0,64,7009,0.6788,0.653,0.8904,0.8032,0.7903,0.653,0.9159,0.9784,232.1,Reach max iteration 50 | best_iter=5
qwen,sum,fb237_v2_ind_seed7001,100,50.0,80,7001,0.6703,0.6439,0.8986,0.8001,0.7849,0.6439,0.9168,0.9808,231.6,Reach max iteration 50 | best_iter=18
qwen,sum,fb237_v2_ind_seed7005,100,50.0,80,7005,0.6905,0.6723,0.8906,0.8116,0.802,0.6723,0.9223,0.9769,234.2,Reach max iteration 50 | best_iter=7
qwen,sum,fb237_v2_ind_seed7009,100,50.0,80,7009,0.6595,0.653,0.9003,0.7939,0.7883,0.653,0.9138,0.972,233.4,Reach max iteration 50 | best_iter=26
qwen,sum,fb237_v2_ind_seed7001,100,50.0,96,7001,0.6833,0.7015,0.8626,0.805,0.8153,0.7015,0.9211,0.9744,229.2,Reach max iteration 50 | best_iter=4
qwen,sum,fb237_v2_ind_seed7005,100,50.0,96,7005,0.6863,0.6618,0.895,0.8106,0.7956,0.6618,0.9223,0.9727,233.6,Reach max iteration 50 | best_iter=24
qwen,sum,fb237_v2_ind_seed7009,100,50.0,96,7009,0.6638,0.653,0.8971,0.7963,0.7889,0.653,0.9159,0.972,232.1,Reach max iteration 50 | best_iter=12
qwen,sum,fb237_v2_ind_seed7001,100,100.0,16,7001,0.6855,0.6951,0.8364,0.8073,0.8125,0.6951,0.9168,0.9787,231.7,Reach max iteration 50 | best_iter=22
qwen,sum,fb237_v2_ind_seed7005,100,100.0,16,7005,0.7137,0.6702,0.8343,0.8221,0.8011,0.6702,0.9286,0.9769,234.1,Reach max iteration 50 | best_iter=23
qwen,sum,fb237_v2_ind_seed7009,100,100.0,16,7009,0.6745,0.6595,0.8402,0.8044,0.7891,0.6595,0.9052,0.9612,223.6,Reach max iteration 50 | best_iter=14
qwen,sum,fb237_v2_ind_seed7001,100,100.0,32,7001,0.6876,0.6844,0.8433,0.8088,0.8074,0.6844,0.9211,0.9787,227.1,Reach max iteration 50 | best_iter=49
qwen,sum,fb237_v2_ind_seed7005,100,100.0,32,7005,0.72,0.6912,0.8452,0.8285,0.8099,0.6912,0.9181,0.9769,232.7,Reach max iteration 50 | best_iter=17
qwen,sum,fb237_v2_ind_seed7009,100,100.0,32,7009,0.6724,0.6703,0.8467,0.8013,0.7963,0.6703,0.9073,0.9698,234.0,Reach max iteration 50 | best_iter=49
qwen,sum,fb237_v2_ind_seed7001,100,100.0,48,7001,0.7007,0.6994,0.8494,0.8132,0.8149,0.6994,0.9168,0.9765,230.0,Reach max iteration 50 | best_iter=12
qwen,sum,fb237_v2_ind_seed7005,100,100.0,48,7005,0.72,0.6828,0.8331,0.8268,0.8079,0.6828,0.9265,0.9748,234.0,Reach max iteration 50 | best_iter=4
qwen,sum,fb237_v2_ind_seed7009,100,100.0,48,7009,0.6852,0.6767,0.8284,0.8081,0.8015,0.6767,0.9116,0.972,226.0,Reach max iteration 50 | best_iter=6
qwen,sum,fb237_v2_ind_seed7001,100,100.0,64,7001,0.692,0.678,0.8554,0.8103,0.8048,0.678,0.9275,0.9808,224.1,Reach max iteration 50 | best_iter=16
qwen,sum,fb237_v2_ind_seed7005,100,100.0,64,7005,0.7116,0.6828,0.8534,0.8245,0.808,0.6828,0.9223,0.9769,228.3,Reach max iteration 50 | best_iter=22
qwen,sum,fb237_v2_ind_seed7009,100,100.0,64,7009,0.6874,0.6466,0.8027,0.8043,0.7825,0.6466,0.903,0.9677,232.6,Reach max iteration 50 | best_iter=3
qwen,sum,fb237_v2_ind_seed7001,100,100.0,80,7001,0.6898,0.6759,0.839,0.8128,0.8061,0.6759,0.9275,0.9808,231.8,Reach max iteration 50 | best_iter=5
qwen,sum,fb237_v2_ind_seed7005,100,100.0,80,7005,0.7158,0.6933,0.852,0.8274,0.8146,0.6933,0.9265,0.9748,228.7,Reach max iteration 50 | best_iter=8
qwen,sum,fb237_v2_ind_seed7009,100,100.0,80,7009,0.6724,0.6616,0.8339,0.8021,0.7941,0.6616,0.9203,0.9763,229.3,Reach max iteration 50 | best_iter=5
qwen,sum,fb237_v2_ind_seed7001,100,100.0,96,7001,0.6898,0.6866,0.8585,0.8101,0.8078,0.6866,0.9254,0.9787,232.7,Reach max iteration 50 | best_iter=13
qwen,sum,fb237_v2_ind_seed7005,100,100.0,96,7005,0.7179,0.6933,0.859,0.8248,0.8123,0.6933,0.9202,0.9727,230.7,Reach max iteration 50 | best_iter=40
qwen,sum,fb237_v2_ind_seed7009,100,100.0,96,7009,0.6745,0.6767,0.8298,0.8026,0.7989,0.6767,0.9095,0.9655,226.3,Reach max iteration 50 | best_iter=6
qwen,sum,fb237_v2_ind_seed7001,100,500.0,16,7001,0.6204,0.6077,0.6353,0.7467,0.7346,0.6077,0.8422,0.9318,117.8,Reach max iteration 50 | best_iter=12
qwen,sum,fb237_v2_ind_seed7005,100,500.0,16,7005,0.6211,0.6282,0.6354,0.7467,0.7555,0.6282,0.8697,0.9391,115.3,Reach max iteration 50 | best_iter=22
qwen,sum,fb237_v2_ind_seed7009,100,500.0,16,7009,0.6317,0.5884,0.64,0.7469,0.719,0.5884,0.8233,0.9224,115.8,Reach max iteration 50 | best_iter=9
qwen,sum,fb237_v2_ind_seed7001,100,500.0,32,7001,0.6269,0.6461,0.6634,0.7561,0.7608,0.6461,0.855,0.9403,141.5,Reach max iteration 50 | best_iter=13
qwen,sum,fb237_v2_ind_seed7005,100,500.0,32,7005,0.6295,0.645,0.6508,0.7563,0.7723,0.645,0.8866,0.9559,133.8,Reach max iteration 50 | best_iter=12
qwen,sum,fb237_v2_ind_seed7009,100,500.0,32,7009,0.6531,0.6056,0.6597,0.7682,0.739,0.6056,0.8578,0.9375,133.7,Reach max iteration 50 | best_iter=44
qwen,sum,fb237_v2_ind_seed7001,100,500.0,48,7001,0.6443,0.6546,0.6776,0.7701,0.7687,0.6546,0.8593,0.9424,151.7,Reach max iteration 50 | best_iter=48
qwen,sum,fb237_v2_ind_seed7005,100,500.0,48,7005,0.6463,0.6618,0.6725,0.7718,0.7838,0.6618,0.8992,0.9559,151.4,Reach max iteration 50 | best_iter=23
qwen,sum,fb237_v2_ind_seed7009,100,500.0,48,7009,0.6574,0.6078,0.6801,0.7739,0.7451,0.6078,0.8599,0.9504,151.6,Reach max iteration 50 | best_iter=43
qwen,sum,fb237_v2_ind_seed7001,100,500.0,64,7001,0.6681,0.6567,0.6963,0.7865,0.7722,0.6567,0.8614,0.9531,165.6,Reach max iteration 50 | best_iter=16
qwen,sum,fb237_v2_ind_seed7005,100,500.0,64,7005,0.6653,0.6534,0.6858,0.7859,0.7806,0.6534,0.895,0.9643,169.3,Reach max iteration 50 | best_iter=11
qwen,sum,fb237_v2_ind_seed7009,100,500.0,64,7009,0.6745,0.6272,0.6931,0.787,0.7569,0.6272,0.8685,0.9526,163.3,Reach max iteration 50 | best_iter=27
qwen,sum,fb237_v2_ind_seed7001,100,500.0,80,7001,0.6659,0.6567,0.7025,0.7864,0.7731,0.6567,0.8571,0.9552,186.8,Reach max iteration 50 | best_iter=12
qwen,sum,fb237_v2_ind_seed7005,100,500.0,80,7005,0.6737,0.6513,0.6972,0.7913,0.7834,0.6513,0.9013,0.9643,191.1,Reach max iteration 50 | best_iter=20
qwen,sum,fb237_v2_ind_seed7009,100,500.0,80,7009,0.6702,0.6336,0.7032,0.7845,0.7616,0.6336,0.8728,0.9526,187.2,Reach max iteration 50 | best_iter=29
qwen,sum,fb237_v2_ind_seed7001,100,500.0,96,7001,0.6768,0.6652,0.7083,0.7937,0.7804,0.6652,0.8742,0.9616,195.4,Reach max iteration 50 | best_iter=21
qwen,sum,fb237_v2_ind_seed7005,100,500.0,96,7005,0.6737,0.6555,0.7066,0.792,0.7868,0.6555,0.9055,0.9643,196.4,Reach max iteration 50 | best_iter=10
qwen,sum,fb237_v2_ind_seed7009,100,500.0,96,7009,0.6681,0.6401,0.7085,0.786,0.7672,0.6401,0.8772,0.9569,191.8,Reach max iteration 50 | best_iter=50
qwen,sum,fb237_v2_ind_seed7001,100,1000.0,16,7001,0.5054,0.5416,0.5175,0.6431,0.6634,0.5416,0.742,0.8763,107.9,Reach max iteration 50 | best_iter=39
qwen,sum,fb237_v2_ind_seed7005,100,1000.0,16,7005,0.5158,0.5252,0.5127,0.6434,0.6578,0.5252,0.7521,0.8782,109.5,Reach max iteration 50 | best_iter=23
qwen,sum,fb237_v2_ind_seed7009,100,1000.0,16,7009,0.531,0.5022,0.5208,0.6568,0.6379,0.5022,0.7284,0.8707,109.9,Reach max iteration 50 | best_iter=34
qwen,sum,fb237_v2_ind_seed7001,100,1000.0,32,7001,0.551,0.58,0.5656,0.6875,0.6976,0.58,0.7655,0.9019,113.1,Reach max iteration 50 | best_iter=13
qwen,sum,fb237_v2_ind_seed7005,100,1000.0,32,7005,0.5537,0.5567,0.5689,0.6851,0.6964,0.5567,0.8025,0.9076,112.0,Reach max iteration 50 | best_iter=48
qwen,sum,fb237_v2_ind_seed7009,100,1000.0,32,7009,0.5717,0.528,0.559,0.6915,0.6609,0.528,0.7478,0.8836,112.6,Reach max iteration 50 | best_iter=44
qwen,sum,fb237_v2_ind_seed7001,100,1000.0,48,7001,0.5662,0.5778,0.5848,0.7009,0.7022,0.5778,0.791,0.9104,115.2,Reach max iteration 50 | best_iter=50
qwen,sum,fb237_v2_ind_seed7005,100,1000.0,48,7005,0.5663,0.5672,0.5834,0.6985,0.709,0.5672,0.8277,0.9181,114.3,Reach max iteration 50 | best_iter=19
qwen,sum,fb237_v2_ind_seed7009,100,1000.0,48,7009,0.5867,0.5517,0.5859,0.7075,0.6847,0.5517,0.7802,0.9116,113.2,Reach max iteration 50 | best_iter=15
qwen,sum,fb237_v2_ind_seed7001,100,1000.0,64,7001,0.5922,0.5906,0.5942,0.7166,0.7134,0.5906,0.8017,0.9211,122.6,Reach max iteration 50 | best_iter=30
qwen,sum,fb237_v2_ind_seed7005,100,1000.0,64,7005,0.5789,0.5882,0.5948,0.7078,0.7248,0.5882,0.8424,0.9181,120.7,Reach max iteration 50 | best_iter=24
qwen,sum,fb237_v2_ind_seed7009,100,1000.0,64,7009,0.591,0.5668,0.5931,0.7147,0.6965,0.5668,0.7845,0.9203,120.4,Reach max iteration 50 | best_iter=11
qwen,sum,fb237_v2_ind_seed7001,100,1000.0,80,7001,0.6009,0.597,0.6057,0.7249,0.7175,0.597,0.8017,0.9168,148.2,Reach max iteration 50 | best_iter=11
qwen,sum,fb237_v2_ind_seed7005,100,1000.0,80,7005,0.5874,0.5966,0.6047,0.7153,0.7304,0.5966,0.8403,0.9307,146.9,Reach max iteration 50 | best_iter=13
qwen,sum,fb237_v2_ind_seed7009,100,1000.0,80,7009,0.5996,0.5776,0.608,0.7242,0.7049,0.5776,0.7888,0.9246,148.7,Reach max iteration 50 | best_iter=12
qwen,sum,fb237_v2_ind_seed7001,100,1000.0,96,7001,0.6009,0.6034,0.6124,0.725,0.7245,0.6034,0.8102,0.9232,154.2,Reach max iteration 50 | best_iter=45
qwen,sum,fb237_v2_ind_seed7005,100,1000.0,96,7005,0.5916,0.605,0.6141,0.7204,0.7402,0.605,0.8592,0.937,154.0,Reach max iteration 50 | best_iter=20
qwen,sum,fb237_v2_ind_seed7009,100,1000.0,96,7009,0.5974,0.5797,0.6097,0.7224,0.7094,0.5797,0.7996,0.9224,153.2,Reach max iteration 50 | best_iter=41
qwen,sum,fb237_v2_ind_seed7001,125,1.0,16,7001,0.6377,0.6247,0.8791,0.7744,0.7575,0.6247,0.8635,0.9595,273.3,Reach max iteration 50 | best_iter=4
qwen,sum,fb237_v2_ind_seed7005,125,1.0,16,7005,0.6421,0.6303,0.9128,0.7757,0.7666,0.6303,0.8908,0.9559,276.7,Reach max iteration 50 | best_iter=33
qwen,sum,fb237_v2_ind_seed7009,125,1.0,16,7009,0.6167,0.5927,0.9147,0.7615,0.7429,0.5927,0.8879,0.944,272.6,Reach max iteration 50 | best_iter=45
qwen,sum,fb237_v2_ind_seed7001,125,1.0,32,7001,0.6161,0.6354,0.9154,0.7639,0.7703,0.6354,0.8934,0.9659,278.3,Reach max iteration 50 | best_iter=47
qwen,sum,fb237_v2_ind_seed7005,125,1.0,32,7005,0.6442,0.6239,0.9128,0.7825,0.764,0.6239,0.8887,0.9664,276.8,Reach max iteration 50 | best_iter=41
qwen,sum,fb237_v2_ind_seed7009,125,1.0,32,7009,0.6124,0.5948,0.9147,0.7553,0.7513,0.5948,0.8987,0.9526,275.7,Reach max iteration 50 | best_iter=34
qwen,sum,fb237_v2_ind_seed7001,125,1.0,48,7001,0.6443,0.661,0.8071,0.7675,0.7808,0.661,0.8806,0.9616,276.4,Reach max iteration 50 | best_iter=2
qwen,sum,fb237_v2_ind_seed7005,125,1.0,48,7005,0.6358,0.6303,0.9128,0.7733,0.7616,0.6303,0.8739,0.9538,278.9,Reach max iteration 50 | best_iter=35
qwen,sum,fb237_v2_ind_seed7009,125,1.0,48,7009,0.6167,0.6293,0.8546,0.7558,0.76,0.6293,0.8772,0.9483,279.5,Reach max iteration 50 | best_iter=2
qwen,sum,fb237_v2_ind_seed7001,125,1.0,64,7001,0.6226,0.6354,0.8948,0.768,0.7735,0.6354,0.8998,0.9638,273.5,Reach max iteration 50 | best_iter=4
qwen,sum,fb237_v2_ind_seed7005,125,1.0,64,7005,0.6358,0.6176,0.9128,0.7779,0.7598,0.6176,0.8992,0.9664,274.5,Reach max iteration 50 | best_iter=50
qwen,sum,fb237_v2_ind_seed7009,125,1.0,64,7009,0.6167,0.6056,0.9147,0.7586,0.7496,0.6056,0.8772,0.9483,282.1,Reach max iteration 50 | best_iter=47
qwen,sum,fb237_v2_ind_seed7001,125,1.0,80,7001,0.6334,0.6546,0.896,0.7682,0.7789,0.6546,0.887,0.9638,278.1,Reach max iteration 50 | best_iter=3
qwen,sum,fb237_v2_ind_seed7005,125,1.0,80,7005,0.6547,0.6155,0.9128,0.7865,0.7582,0.6155,0.8697,0.9664,281.2,Reach max iteration 50 | best_iter=49
qwen,sum,fb237_v2_ind_seed7009,125,1.0,80,7009,0.5889,0.5884,0.9147,0.7465,0.7421,0.5884,0.8772,0.9634,273.7,Reach max iteration 50 | best_iter=44
qwen,sum,fb237_v2_ind_seed7001,125,1.0,96,7001,0.6551,0.6397,0.8198,0.778,0.7606,0.6397,0.855,0.9595,280.7,Reach max iteration 50 | best_iter=2
qwen,sum,fb237_v2_ind_seed7005,125,1.0,96,7005,0.6463,0.6155,0.9128,0.7818,0.7559,0.6155,0.8782,0.9538,281.0,Reach max iteration 50 | best_iter=50
qwen,sum,fb237_v2_ind_seed7009,125,1.0,96,7009,0.6146,0.5884,0.9147,0.7636,0.7496,0.5884,0.9052,0.9591,278.1,Reach max iteration 50 | best_iter=48
qwen,sum,fb237_v2_ind_seed7001,125,5.0,16,7001,0.6269,0.6375,0.9116,0.7692,0.7747,0.6375,0.8934,0.9787,279.3,Reach max iteration 50 | best_iter=4
qwen,sum,fb237_v2_ind_seed7005,125,5.0,16,7005,0.6568,0.6408,0.9128,0.7883,0.7747,0.6408,0.8992,0.9664,273.6,Reach max iteration 50 | best_iter=12
qwen,sum,fb237_v2_ind_seed7009,125,5.0,16,7009,0.6231,0.597,0.913,0.7643,0.7466,0.597,0.8879,0.9504,270.5,Reach max iteration 50 | best_iter=5
qwen,sum,fb237_v2_ind_seed7001,125,5.0,32,7001,0.6377,0.6375,0.9154,0.7755,0.775,0.6375,0.9041,0.9723,275.1,Reach max iteration 50 | best_iter=46
qwen,sum,fb237_v2_ind_seed7005,125,5.0,32,7005,0.6632,0.6408,0.9128,0.7958,0.7776,0.6408,0.9076,0.9664,276.9,Reach max iteration 50 | best_iter=22
qwen,sum,fb237_v2_ind_seed7009,125,5.0,32,7009,0.6253,0.6099,0.9147,0.7742,0.7638,0.6099,0.903,0.9655,276.1,Reach max iteration 50 | best_iter=22
qwen,sum,fb237_v2_ind_seed7001,125,5.0,48,7001,0.6291,0.6418,0.9154,0.772,0.7796,0.6418,0.9062,0.9744,273.9,Reach max iteration 50 | best_iter=41
qwen,sum,fb237_v2_ind_seed7005,125,5.0,48,7005,0.6568,0.6408,0.9128,0.7872,0.7751,0.6408,0.8971,0.9664,280.5,Reach max iteration 50 | best_iter=16
qwen,sum,fb237_v2_ind_seed7009,125,5.0,48,7009,0.6317,0.6056,0.9147,0.7711,0.7621,0.6056,0.9073,0.9591,274.3,Reach max iteration 50 | best_iter=35
qwen,sum,fb237_v2_ind_seed7001,125,5.0,64,7001,0.6291,0.6397,0.9154,0.7716,0.7777,0.6397,0.9104,0.9701,263.0,Reach max iteration 50 | best_iter=38
qwen,sum,fb237_v2_ind_seed7005,125,5.0,64,7005,0.6505,0.6324,0.9128,0.7905,0.7705,0.6324,0.8992,0.9685,281.0,Reach max iteration 50 | best_iter=19
qwen,sum,fb237_v2_ind_seed7009,125,5.0,64,7009,0.6381,0.5948,0.9147,0.7787,0.7542,0.5948,0.8966,0.9591,275.8,Reach max iteration 50 | best_iter=47
qwen,sum,fb237_v2_ind_seed7001,125,5.0,80,7001,0.6377,0.6354,0.9154,0.7763,0.777,0.6354,0.9062,0.9744,271.5,Reach max iteration 50 | best_iter=48
qwen,sum,fb237_v2_ind_seed7005,125,5.0,80,7005,0.6632,0.6324,0.9128,0.7938,0.773,0.6324,0.8971,0.9748,282.8,Reach max iteration 50 | best_iter=20
qwen,sum,fb237_v2_ind_seed7009,125,5.0,80,7009,0.621,0.5927,0.9147,0.769,0.7506,0.5927,0.9009,0.9612,270.6,Reach max iteration 50 | best_iter=50
qwen,sum,fb237_v2_ind_seed7001,125,5.0,96,7001,0.6681,0.6397,0.8188,0.7848,0.7601,0.6397,0.8529,0.9638,281.4,Reach max iteration 50 | best_iter=2
qwen,sum,fb237_v2_ind_seed7005,125,5.0,96,7005,0.6589,0.6513,0.9128,0.7935,0.7826,0.6513,0.895,0.9664,280.4,Reach max iteration 50 | best_iter=35
qwen,sum,fb237_v2_ind_seed7009,125,5.0,96,7009,0.6317,0.5905,0.9147,0.776,0.7562,0.5905,0.9159,0.9655,283.8,Reach max iteration 50 | best_iter=39
qwen,sum,fb237_v2_ind_seed7001,125,10.0,16,7001,0.6443,0.6439,0.9152,0.7819,0.7812,0.6439,0.9083,0.9659,270.4,Reach max iteration 50 | best_iter=16
qwen,sum,fb237_v2_ind_seed7005,125,10.0,16,7005,0.6632,0.6387,0.9121,0.7957,0.7767,0.6387,0.9076,0.9643,278.3,Reach max iteration 50 | best_iter=7
qwen,sum,fb237_v2_ind_seed7009,125,10.0,16,7009,0.6317,0.5948,0.9142,0.7717,0.7536,0.5948,0.8966,0.9569,271.6,Reach max iteration 50 | best_iter=19
qwen,sum,fb237_v2_ind_seed7001,125,10.0,32,7001,0.6399,0.6439,0.9152,0.7789,0.782,0.6439,0.9104,0.9744,275.5,Reach max iteration 50 | best_iter=18
qwen,sum,fb237_v2_ind_seed7005,125,10.0,32,7005,0.6568,0.6282,0.9126,0.7906,0.7731,0.6282,0.9076,0.9685,273.6,Reach max iteration 50 | best_iter=28
qwen,sum,fb237_v2_ind_seed7009,125,10.0,32,7009,0.6167,0.6013,0.9144,0.7696,0.7605,0.6013,0.9073,0.9655,273.8,Reach max iteration 50 | best_iter=16
qwen,sum,fb237_v2_ind_seed7001,125,10.0,48,7001,0.6377,0.6397,0.9128,0.7792,0.7797,0.6397,0.9104,0.9744,278.5,Reach max iteration 50 | best_iter=6
qwen,sum,fb237_v2_ind_seed7005,125,10.0,48,7005,0.6568,0.645,0.9128,0.7921,0.7807,0.645,0.8992,0.9685,283.6,Reach max iteration 50 | best_iter=43
qwen,sum,fb237_v2_ind_seed7009,125,10.0,48,7009,0.6296,0.6099,0.9144,0.7739,0.7632,0.6099,0.9052,0.9698,274.2,Reach max iteration 50 | best_iter=10
qwen,sum,fb237_v2_ind_seed7001,125,10.0,64,7001,0.6399,0.6418,0.9154,0.7807,0.7819,0.6418,0.9104,0.9723,271.8,Reach max iteration 50 | best_iter=37
qwen,sum,fb237_v2_ind_seed7005,125,10.0,64,7005,0.6632,0.6324,0.9121,0.797,0.7771,0.6324,0.9097,0.9748,277.9,Reach max iteration 50 | best_iter=8
qwen,sum,fb237_v2_ind_seed7009,125,10.0,64,7009,0.6403,0.5927,0.9144,0.7805,0.7564,0.5927,0.9116,0.9634,278.7,Reach max iteration 50 | best_iter=21
qwen,sum,fb237_v2_ind_seed7001,125,10.0,80,7001,0.6421,0.6375,0.9145,0.7825,0.7778,0.6375,0.9083,0.9765,282.2,Reach max iteration 50 | best_iter=7
qwen,sum,fb237_v2_ind_seed7005,125,10.0,80,7005,0.6653,0.6492,0.9126,0.7958,0.7842,0.6492,0.9034,0.9706,282.8,Reach max iteration 50 | best_iter=37
qwen,sum,fb237_v2_ind_seed7009,125,10.0,80,7009,0.636,0.6099,0.9144,0.7796,0.7638,0.6099,0.9052,0.9698,278.7,Reach max iteration 50 | best_iter=23
qwen,sum,fb237_v2_ind_seed7001,125,10.0,96,7001,0.6616,0.6674,0.8748,0.7895,0.7921,0.6674,0.8977,0.9765,278.7,Reach max iteration 50 | best_iter=3
qwen,sum,fb237_v2_ind_seed7005,125,10.0,96,7005,0.6568,0.6513,0.9126,0.796,0.784,0.6513,0.9034,0.9664,278.9,Reach max iteration 50 | best_iter=25
qwen,sum,fb237_v2_ind_seed7009,125,10.0,96,7009,0.6424,0.6056,0.9144,0.7798,0.7644,0.6056,0.9181,0.9677,277.2,Reach max iteration 50 | best_iter=26
qwen,sum,fb237_v2_ind_seed7001,125,50.0,16,7001,0.6594,0.6546,0.8827,0.7929,0.7871,0.6546,0.9104,0.9744,281.2,Reach max iteration 50 | best_iter=4
qwen,sum,fb237_v2_ind_seed7005,125,50.0,16,7005,0.6821,0.6702,0.8882,0.8059,0.7992,0.6702,0.9202,0.9727,275.8,Reach max iteration 50 | best_iter=6
qwen,sum,fb237_v2_ind_seed7009,125,50.0,16,7009,0.6403,0.6487,0.8834,0.7834,0.7847,0.6487,0.9052,0.9698,271.3,Reach max iteration 50 | best_iter=6
qwen,sum,fb237_v2_ind_seed7001,125,50.0,32,7001,0.6855,0.6716,0.8789,0.8072,0.7983,0.6716,0.9104,0.9765,266.8,Reach max iteration 50 | best_iter=7
qwen,sum,fb237_v2_ind_seed7005,125,50.0,32,7005,0.6905,0.6702,0.8884,0.8121,0.8008,0.6702,0.9181,0.9769,267.6,Reach max iteration 50 | best_iter=14
qwen,sum,fb237_v2_ind_seed7009,125,50.0,32,7009,0.6531,0.6552,0.8745,0.7868,0.791,0.6552,0.9203,0.9677,271.2,Reach max iteration 50 | best_iter=5
qwen,sum,fb237_v2_ind_seed7001,125,50.0,48,7001,0.6746,0.6887,0.8729,0.7995,0.8073,0.6887,0.9104,0.9829,262.3,Reach max iteration 50 | best_iter=7
qwen,sum,fb237_v2_ind_seed7005,125,50.0,48,7005,0.6968,0.666,0.8742,0.8149,0.7991,0.666,0.9223,0.9811,283.0,Reach max iteration 50 | best_iter=3
qwen,sum,fb237_v2_ind_seed7009,125,50.0,48,7009,0.6467,0.6681,0.8844,0.7877,0.7974,0.6681,0.9095,0.9741,283.7,Reach max iteration 50 | best_iter=4
qwen,sum,fb237_v2_ind_seed7001,125,50.0,64,7001,0.6768,0.6759,0.8808,0.8053,0.8027,0.6759,0.9254,0.9787,269.9,Reach max iteration 50 | best_iter=6
qwen,sum,fb237_v2_ind_seed7005,125,50.0,64,7005,0.6947,0.6702,0.8933,0.8146,0.7989,0.6702,0.9181,0.9706,273.9,Reach max iteration 50 | best_iter=17
qwen,sum,fb237_v2_ind_seed7009,125,50.0,64,7009,0.6595,0.6573,0.8849,0.7934,0.792,0.6573,0.9073,0.972,265.4,Reach max iteration 50 | best_iter=9
qwen,sum,fb237_v2_ind_seed7001,125,50.0,80,7001,0.6725,0.6567,0.9017,0.8001,0.7903,0.6567,0.9126,0.9808,274.9,Reach max iteration 50 | best_iter=28
qwen,sum,fb237_v2_ind_seed7005,125,50.0,80,7005,0.6947,0.6681,0.8921,0.8156,0.7999,0.6681,0.9244,0.979,270.4,Reach max iteration 50 | best_iter=13
qwen,sum,fb237_v2_ind_seed7009,125,50.0,80,7009,0.6595,0.6703,0.8806,0.7941,0.7997,0.6703,0.9246,0.9741,270.0,Reach max iteration 50 | best_iter=7
qwen,sum,fb237_v2_ind_seed7001,125,50.0,96,7001,0.6833,0.6674,0.8698,0.8056,0.7952,0.6674,0.9083,0.9808,277.1,Reach max iteration 50 | best_iter=4
qwen,sum,fb237_v2_ind_seed7005,125,50.0,96,7005,0.6863,0.6744,0.8851,0.813,0.8025,0.6744,0.9202,0.9748,276.4,Reach max iteration 50 | best_iter=8
qwen,sum,fb237_v2_ind_seed7009,125,50.0,96,7009,0.6852,0.6509,0.8967,0.8057,0.7875,0.6509,0.9095,0.972,272.3,Reach max iteration 50 | best_iter=16
qwen,sum,fb237_v2_ind_seed7001,125,100.0,16,7001,0.6963,0.6759,0.8342,0.8117,0.799,0.6759,0.9019,0.9765,275.0,Reach max iteration 50 | best_iter=12
qwen,sum,fb237_v2_ind_seed7005,125,100.0,16,7005,0.7053,0.687,0.837,0.8206,0.8086,0.687,0.9223,0.9748,269.2,Reach max iteration 50 | best_iter=14
qwen,sum,fb237_v2_ind_seed7009,125,100.0,16,7009,0.6874,0.6595,0.7765,0.7993,0.7706,0.6595,0.8621,0.9504,267.5,Reach max iteration 50 | best_iter=3
qwen,sum,fb237_v2_ind_seed7001,125,100.0,32,7001,0.6985,0.6866,0.8424,0.8168,0.8072,0.6866,0.9083,0.9808,270.2,Reach max iteration 50 | best_iter=31
qwen,sum,fb237_v2_ind_seed7005,125,100.0,32,7005,0.7221,0.6933,0.8447,0.8305,0.8122,0.6933,0.9202,0.9769,273.7,Reach max iteration 50 | best_iter=15
qwen,sum,fb237_v2_ind_seed7009,125,100.0,32,7009,0.6638,0.6897,0.8399,0.7966,0.8037,0.6897,0.9009,0.9784,271.9,Reach max iteration 50 | best_iter=24
qwen,sum,fb237_v2_ind_seed7001,125,100.0,48,7001,0.6985,0.6908,0.8114,0.8126,0.8107,0.6908,0.9168,0.9765,267.6,Reach max iteration 50 | best_iter=5
qwen,sum,fb237_v2_ind_seed7005,125,100.0,48,7005,0.7242,0.6891,0.8298,0.8291,0.8125,0.6891,0.9307,0.9811,270.9,Reach max iteration 50 | best_iter=7
qwen,sum,fb237_v2_ind_seed7009,125,100.0,48,7009,0.6702,0.6789,0.845,0.8027,0.7993,0.6789,0.9116,0.9698,269.1,Reach max iteration 50 | best_iter=11
qwen,sum,fb237_v2_ind_seed7001,125,100.0,64,7001,0.6898,0.693,0.8546,0.8108,0.8103,0.693,0.919,0.9765,274.5,Reach max iteration 50 | best_iter=29
qwen,sum,fb237_v2_ind_seed7005,125,100.0,64,7005,0.7095,0.6933,0.8433,0.8209,0.8133,0.6933,0.9244,0.9748,273.2,Reach max iteration 50 | best_iter=8
qwen,sum,fb237_v2_ind_seed7009,125,100.0,64,7009,0.6831,0.6875,0.8166,0.807,0.8056,0.6875,0.9095,0.9741,275.7,Reach max iteration 50 | best_iter=5
qwen,sum,fb237_v2_ind_seed7001,125,100.0,80,7001,0.6898,0.6908,0.845,0.812,0.813,0.6908,0.9275,0.9808,270.1,Reach max iteration 50 | best_iter=8
qwen,sum,fb237_v2_ind_seed7005,125,100.0,80,7005,0.7116,0.6765,0.8454,0.8227,0.8054,0.6765,0.9286,0.979,280.1,Reach max iteration 50 | best_iter=7
qwen,sum,fb237_v2_ind_seed7009,125,100.0,80,7009,0.6681,0.6724,0.8385,0.8014,0.7992,0.6724,0.9159,0.9784,281.5,Reach max iteration 50 | best_iter=5
qwen,sum,fb237_v2_ind_seed7001,125,100.0,96,7001,0.6941,0.678,0.864,0.8099,0.8064,0.678,0.9339,0.9808,279.8,Reach max iteration 50 | best_iter=25
qwen,sum,fb237_v2_ind_seed7005,125,100.0,96,7005,0.7116,0.6828,0.8587,0.8238,0.8075,0.6828,0.9223,0.979,274.7,Reach max iteration 50 | best_iter=14
qwen,sum,fb237_v2_ind_seed7009,125,100.0,96,7009,0.6724,0.6681,0.845,0.8009,0.7974,0.6681,0.9159,0.9741,268.5,Reach max iteration 50 | best_iter=8
qwen,sum,fb237_v2_ind_seed7001,125,500.0,16,7001,0.6247,0.6098,0.6353,0.7456,0.7325,0.6098,0.8401,0.9254,145.7,Reach max iteration 50 | best_iter=33
qwen,sum,fb237_v2_ind_seed7005,125,500.0,16,7005,0.6147,0.6366,0.6349,0.7406,0.7628,0.6366,0.8718,0.937,137.2,Reach max iteration 50 | best_iter=15
qwen,sum,fb237_v2_ind_seed7009,125,500.0,16,7009,0.6231,0.5884,0.633,0.7436,0.7216,0.5884,0.8254,0.9246,136.1,Reach max iteration 50 | best_iter=10
qwen,sum,fb237_v2_ind_seed7001,125,500.0,32,7001,0.6312,0.629,0.6538,0.7584,0.7509,0.629,0.8465,0.9339,168.4,Reach max iteration 50 | best_iter=11
qwen,sum,fb237_v2_ind_seed7005,125,500.0,32,7005,0.6463,0.6429,0.6535,0.767,0.77,0.6429,0.8803,0.9475,166.4,Reach max iteration 50 | best_iter=10
qwen,sum,fb237_v2_ind_seed7009,125,500.0,32,7009,0.6552,0.6056,0.6676,0.7707,0.7413,0.6056,0.8578,0.9418,167.3,Reach max iteration 50 | best_iter=29
qwen,sum,fb237_v2_ind_seed7001,125,500.0,48,7001,0.6508,0.6503,0.6728,0.7727,0.7652,0.6503,0.8571,0.951,182.7,Reach max iteration 50 | best_iter=7
qwen,sum,fb237_v2_ind_seed7005,125,500.0,48,7005,0.6568,0.6639,0.6725,0.7773,0.7843,0.6639,0.8908,0.9559,182.8,Reach max iteration 50 | best_iter=15
qwen,sum,fb237_v2_ind_seed7009,125,500.0,48,7009,0.6488,0.6034,0.677,0.7701,0.7406,0.6034,0.8578,0.9483,185.5,Reach max iteration 50 | best_iter=31
qwen,sum,fb237_v2_ind_seed7001,125,500.0,64,7001,0.6659,0.6631,0.6929,0.7851,0.7741,0.6631,0.855,0.9531,194.8,Reach max iteration 50 | best_iter=20
qwen,sum,fb237_v2_ind_seed7005,125,500.0,64,7005,0.6526,0.6597,0.68,0.7777,0.7853,0.6597,0.9013,0.9601,196.9,Reach max iteration 50 | best_iter=50
qwen,sum,fb237_v2_ind_seed7009,125,500.0,64,7009,0.6745,0.6358,0.6991,0.7877,0.7624,0.6358,0.8664,0.9483,194.3,Reach max iteration 50 | best_iter=18
qwen,sum,fb237_v2_ind_seed7001,125,500.0,80,7001,0.6508,0.6546,0.6917,0.7792,0.7726,0.6546,0.8657,0.9595,219.9,Reach max iteration 50 | best_iter=41
qwen,sum,fb237_v2_ind_seed7005,125,500.0,80,7005,0.6611,0.6681,0.6894,0.7837,0.7895,0.6681,0.895,0.9622,226.9,Reach max iteration 50 | best_iter=37
qwen,sum,fb237_v2_ind_seed7009,125,500.0,80,7009,0.6724,0.6293,0.6967,0.7866,0.7602,0.6293,0.8707,0.9547,219.1,Reach max iteration 50 | best_iter=29
qwen,sum,fb237_v2_ind_seed7001,125,500.0,96,7001,0.6703,0.6674,0.7047,0.7901,0.7817,0.6674,0.8699,0.9638,238.3,Reach max iteration 50 | best_iter=17
qwen,sum,fb237_v2_ind_seed7005,125,500.0,96,7005,0.6716,0.6534,0.7015,0.791,0.7867,0.6534,0.9076,0.9643,236.4,Reach max iteration 50 | best_iter=13
qwen,sum,fb237_v2_ind_seed7009,125,500.0,96,7009,0.6724,0.6379,0.7126,0.7857,0.7653,0.6379,0.875,0.9591,231.9,Reach max iteration 50 | best_iter=45
qwen,sum,fb237_v2_ind_seed7001,125,1000.0,16,7001,0.4881,0.5267,0.512,0.6254,0.6492,0.5267,0.7292,0.855,131.6,Reach max iteration 50 | best_iter=49
qwen,sum,fb237_v2_ind_seed7005,125,1000.0,16,7005,0.5242,0.521,0.5088,0.6471,0.6552,0.521,0.7563,0.8761,131.5,Reach max iteration 50 | best_iter=35
qwen,sum,fb237_v2_ind_seed7009,125,1000.0,16,7009,0.531,0.4957,0.5222,0.657,0.635,0.4957,0.7328,0.8728,130.8,Reach max iteration 50 | best_iter=29
qwen,sum,fb237_v2_ind_seed7001,125,1000.0,32,7001,0.5249,0.5309,0.5303,0.6603,0.6619,0.5309,0.7569,0.8913,134.8,Reach max iteration 50 | best_iter=23
qwen,sum,fb237_v2_ind_seed7005,125,1000.0,32,7005,0.5347,0.5546,0.5578,0.6681,0.6906,0.5546,0.7962,0.8992,136.4,Reach max iteration 50 | best_iter=24
qwen,sum,fb237_v2_ind_seed7009,125,1000.0,32,7009,0.5739,0.5388,0.5722,0.6971,0.6757,0.5388,0.7823,0.9009,133.6,Reach max iteration 50 | best_iter=23
qwen,sum,fb237_v2_ind_seed7001,125,1000.0,48,7001,0.551,0.5608,0.5622,0.6858,0.6901,0.5608,0.7868,0.9104,135.8,Reach max iteration 50 | best_iter=49
qwen,sum,fb237_v2_ind_seed7005,125,1000.0,48,7005,0.5705,0.563,0.5822,0.699,0.7054,0.563,0.8193,0.9202,137.0,Reach max iteration 50 | best_iter=11
qwen,sum,fb237_v2_ind_seed7009,125,1000.0,48,7009,0.5931,0.5647,0.5955,0.7167,0.6934,0.5647,0.7802,0.9073,134.5,Reach max iteration 50 | best_iter=17
qwen,sum,fb237_v2_ind_seed7001,125,1000.0,64,7001,0.5922,0.5885,0.598,0.7169,0.7118,0.5885,0.806,0.9126,151.1,Reach max iteration 50 | best_iter=50
qwen,sum,fb237_v2_ind_seed7005,125,1000.0,64,7005,0.5768,0.5819,0.5962,0.7083,0.7218,0.5819,0.8403,0.9223,147.2,Reach max iteration 50 | best_iter=25
qwen,sum,fb237_v2_ind_seed7009,125,1000.0,64,7009,0.5846,0.5711,0.5943,0.7117,0.6988,0.5711,0.7845,0.9203,136.6,Reach max iteration 50 | best_iter=40
qwen,sum,fb237_v2_ind_seed7001,125,1000.0,80,7001,0.5922,0.5906,0.6055,0.7198,0.7133,0.5906,0.7996,0.9211,167.1,Reach max iteration 50 | best_iter=25
qwen,sum,fb237_v2_ind_seed7005,125,1000.0,80,7005,0.5874,0.6029,0.6042,0.7181,0.7358,0.6029,0.8487,0.9286,177.1,Reach max iteration 50 | best_iter=10
qwen,sum,fb237_v2_ind_seed7009,125,1000.0,80,7009,0.5974,0.5776,0.6025,0.7205,0.7031,0.5776,0.7866,0.9138,169.0,Reach max iteration 50 | best_iter=16
qwen,sum,fb237_v2_ind_seed7001,125,1000.0,96,7001,0.603,0.6034,0.6129,0.7257,0.723,0.6034,0.8081,0.9211,181.0,Reach max iteration 50 | best_iter=44
qwen,sum,fb237_v2_ind_seed7005,125,1000.0,96,7005,0.6042,0.6176,0.6117,0.7255,0.7442,0.6176,0.8445,0.9265,180.9,Reach max iteration 50 | best_iter=8
qwen,sum,fb237_v2_ind_seed7009,125,1000.0,96,7009,0.6188,0.5797,0.6258,0.7379,0.7116,0.5797,0.8017,0.9246,181.0,Reach max iteration 50 | best_iter=13
qwen,sum,fb237_v2_ind_seed7001,150,1.0,16,7001,0.6312,0.6354,0.8799,0.7648,0.7698,0.6354,0.8785,0.9616,324.6,Reach max iteration 50 | best_iter=3
qwen,sum,fb237_v2_ind_seed7005,150,1.0,16,7005,0.6505,0.6324,0.9128,0.7819,0.7698,0.6324,0.8971,0.9622,330.2,Reach max iteration 50 | best_iter=34
qwen,sum,fb237_v2_ind_seed7009,150,1.0,16,7009,0.6253,0.6056,0.8671,0.7565,0.7477,0.6056,0.8664,0.9461,325.7,Reach max iteration 50 | best_iter=2
qwen,sum,fb237_v2_ind_seed7001,150,1.0,32,7001,0.6204,0.6311,0.9154,0.7653,0.773,0.6311,0.8998,0.9723,329.2,Reach max iteration 50 | best_iter=50
qwen,sum,fb237_v2_ind_seed7005,150,1.0,32,7005,0.6484,0.6029,0.9128,0.7855,0.7516,0.6029,0.8824,0.9538,329.4,Reach max iteration 50 | best_iter=18
qwen,sum,fb237_v2_ind_seed7009,150,1.0,32,7009,0.6103,0.5991,0.9147,0.7582,0.7539,0.5991,0.8987,0.9569,319.8,Reach max iteration 50 | best_iter=47
qwen,sum,fb237_v2_ind_seed7001,150,1.0,48,7001,0.6334,0.6333,0.8467,0.7692,0.7634,0.6333,0.8763,0.9616,323.3,Reach max iteration 50 | best_iter=2
qwen,sum,fb237_v2_ind_seed7005,150,1.0,48,7005,0.6505,0.645,0.8566,0.7846,0.773,0.645,0.8887,0.9496,328.9,Reach max iteration 50 | best_iter=2
qwen,sum,fb237_v2_ind_seed7009,150,1.0,48,7009,0.6317,0.6056,0.8755,0.7652,0.7521,0.6056,0.8836,0.9461,316.4,Reach max iteration 50 | best_iter=3
qwen,sum,fb237_v2_ind_seed7001,150,1.0,64,7001,0.6095,0.6205,0.9154,0.757,0.7675,0.6205,0.9083,0.9659,324.2,Reach max iteration 50 | best_iter=50
qwen,sum,fb237_v2_ind_seed7005,150,1.0,64,7005,0.6484,0.6218,0.9128,0.779,0.7672,0.6218,0.8992,0.9664,334.8,Reach max iteration 50 | best_iter=50
qwen,sum,fb237_v2_ind_seed7009,150,1.0,64,7009,0.6338,0.5991,0.9092,0.7708,0.7515,0.5991,0.8944,0.9504,327.3,Reach max iteration 50 | best_iter=4
qwen,sum,fb237_v2_ind_seed7001,150,1.0,80,7001,0.6204,0.6247,0.9154,0.7595,0.766,0.6247,0.887,0.9701,330.5,Reach max iteration 50 | best_iter=50
qwen,sum,fb237_v2_ind_seed7005,150,1.0,80,7005,0.6463,0.6176,0.8104,0.7746,0.7523,0.6176,0.8613,0.9538,327.6,Reach max iteration 50 | best_iter=2
qwen,sum,fb237_v2_ind_seed7009,150,1.0,80,7009,0.5953,0.5884,0.9147,0.7513,0.7411,0.5884,0.8922,0.9547,327.5,Reach max iteration 50 | best_iter=11
qwen,sum,fb237_v2_ind_seed7001,150,1.0,96,7001,0.6312,0.6162,0.9154,0.7737,0.7617,0.6162,0.887,0.9659,336.5,Reach max iteration 50 | best_iter=13
qwen,sum,fb237_v2_ind_seed7005,150,1.0,96,7005,0.64,0.6176,0.9128,0.78,0.7635,0.6176,0.8971,0.9643,331.3,Reach max iteration 50 | best_iter=50
qwen,sum,fb237_v2_ind_seed7009,150,1.0,96,7009,0.6188,0.5905,0.9147,0.7662,0.7515,0.5905,0.9095,0.9612,327.9,Reach max iteration 50 | best_iter=50
qwen,sum,fb237_v2_ind_seed7001,150,5.0,16,7001,0.6269,0.6247,0.9154,0.7683,0.7681,0.6247,0.8934,0.9701,329.1,Reach max iteration 50 | best_iter=18
qwen,sum,fb237_v2_ind_seed7005,150,5.0,16,7005,0.6526,0.6303,0.9128,0.7875,0.7694,0.6303,0.8992,0.9643,332.3,Reach max iteration 50 | best_iter=11
qwen,sum,fb237_v2_ind_seed7009,150,5.0,16,7009,0.621,0.5797,0.9147,0.7643,0.7473,0.5797,0.9138,0.9655,326.6,Reach max iteration 50 | best_iter=14
qwen,sum,fb237_v2_ind_seed7001,150,5.0,32,7001,0.6356,0.6333,0.9154,0.7768,0.7749,0.6333,0.8955,0.9744,327.7,Reach max iteration 50 | best_iter=27
qwen,sum,fb237_v2_ind_seed7005,150,5.0,32,7005,0.6611,0.6071,0.908,0.7924,0.7556,0.6071,0.8866,0.9643,338.5,Reach max iteration 50 | best_iter=3
qwen,sum,fb237_v2_ind_seed7009,150,5.0,32,7009,0.621,0.6142,0.9147,0.7698,0.7692,0.6142,0.9138,0.9634,328.9,Reach max iteration 50 | best_iter=23
qwen,sum,fb237_v2_ind_seed7001,150,5.0,48,7001,0.6356,0.6397,0.9154,0.776,0.7771,0.6397,0.9041,0.9701,322.7,Reach max iteration 50 | best_iter=32
qwen,sum,fb237_v2_ind_seed7005,150,5.0,48,7005,0.6589,0.645,0.8604,0.7876,0.773,0.645,0.8866,0.9538,318.6,Reach max iteration 50 | best_iter=3
qwen,sum,fb237_v2_ind_seed7009,150,5.0,48,7009,0.6253,0.6056,0.9147,0.7688,0.7614,0.6056,0.903,0.9612,318.1,Reach max iteration 50 | best_iter=36
qwen,sum,fb237_v2_ind_seed7001,150,5.0,64,7001,0.6247,0.6354,0.9154,0.7708,0.7774,0.6354,0.9083,0.968,331.7,Reach max iteration 50 | best_iter=24
qwen,sum,fb237_v2_ind_seed7005,150,5.0,64,7005,0.6589,0.6534,0.9128,0.7895,0.7862,0.6534,0.9097,0.9664,332.8,Reach max iteration 50 | best_iter=50
qwen,sum,fb237_v2_ind_seed7009,150,5.0,64,7009,0.6403,0.6034,0.9147,0.7776,0.7619,0.6034,0.9052,0.9655,320.5,Reach max iteration 50 | best_iter=50
qwen,sum,fb237_v2_ind_seed7001,150,5.0,80,7001,0.6377,0.6397,0.9154,0.7751,0.7776,0.6397,0.9041,0.9744,331.6,Reach max iteration 50 | best_iter=25
qwen,sum,fb237_v2_ind_seed7005,150,5.0,80,7005,0.6547,0.645,0.9128,0.7903,0.7799,0.645,0.9034,0.9706,334.1,Reach max iteration 50 | best_iter=41
qwen,sum,fb237_v2_ind_seed7009,150,5.0,80,7009,0.6317,0.6164,0.9147,0.7751,0.7655,0.6164,0.9052,0.9677,329.5,Reach max iteration 50 | best_iter=47
qwen,sum,fb237_v2_ind_seed7001,150,5.0,96,7001,0.6312,0.6397,0.9154,0.7771,0.7817,0.6397,0.9104,0.9723,338.2,Reach max iteration 50 | best_iter=36
qwen,sum,fb237_v2_ind_seed7005,150,5.0,96,7005,0.6611,0.6261,0.9128,0.7952,0.7707,0.6261,0.9013,0.9664,329.5,Reach max iteration 50 | best_iter=39
qwen,sum,fb237_v2_ind_seed7009,150,5.0,96,7009,0.6296,0.6056,0.9147,0.7755,0.764,0.6056,0.9159,0.9677,333.8,Reach max iteration 50 | best_iter=43
qwen,sum,fb237_v2_ind_seed7001,150,10.0,16,7001,0.6486,0.6269,0.8268,0.7727,0.7579,0.6269,0.8763,0.9488,325.1,Reach max iteration 50 | best_iter=2
qwen,sum,fb237_v2_ind_seed7005,150,10.0,16,7005,0.6568,0.6387,0.9126,0.7914,0.7754,0.6387,0.9034,0.9643,332.8,Reach max iteration 50 | best_iter=8
qwen,sum,fb237_v2_ind_seed7009,150,10.0,16,7009,0.621,0.5884,0.9147,0.7643,0.7504,0.5884,0.8922,0.9612,327.2,Reach max iteration 50 | best_iter=35
qwen,sum,fb237_v2_ind_seed7001,150,10.0,32,7001,0.6399,0.6354,0.9154,0.7774,0.7771,0.6354,0.9104,0.9765,333.3,Reach max iteration 50 | best_iter=34
qwen,sum,fb237_v2_ind_seed7005,150,10.0,32,7005,0.6611,0.6429,0.9126,0.7957,0.7792,0.6429,0.9013,0.9664,326.3,Reach max iteration 50 | best_iter=13
qwen,sum,fb237_v2_ind_seed7009,150,10.0,32,7009,0.6188,0.6013,0.9142,0.7698,0.7612,0.6013,0.9073,0.9655,324.2,Reach max iteration 50 | best_iter=10
qwen,sum,fb237_v2_ind_seed7001,150,10.0,48,7001,0.6356,0.6375,0.9154,0.7776,0.7779,0.6375,0.9147,0.9723,325.3,Reach max iteration 50 | best_iter=16
qwen,sum,fb237_v2_ind_seed7005,150,10.0,48,7005,0.6632,0.6471,0.9123,0.7953,0.7803,0.6471,0.8908,0.9685,331.7,Reach max iteration 50 | best_iter=9
qwen,sum,fb237_v2_ind_seed7009,150,10.0,48,7009,0.6338,0.6056,0.9144,0.7744,0.7632,0.6056,0.9052,0.9677,326.2,Reach max iteration 50 | best_iter=27
qwen,sum,fb237_v2_ind_seed7001,150,10.0,64,7001,0.6334,0.6418,0.9154,0.7782,0.7817,0.6418,0.9104,0.9701,324.0,Reach max iteration 50 | best_iter=30
qwen,sum,fb237_v2_ind_seed7005,150,10.0,64,7005,0.6716,0.6303,0.9119,0.7974,0.7777,0.6303,0.9076,0.9832,332.7,Reach max iteration 50 | best_iter=5
qwen,sum,fb237_v2_ind_seed7009,150,10.0,64,7009,0.6424,0.6164,0.9147,0.7815,0.7667,0.6164,0.9052,0.9698,331.7,Reach max iteration 50 | best_iter=32
qwen,sum,fb237_v2_ind_seed7001,150,10.0,80,7001,0.6334,0.6439,0.9154,0.7752,0.7842,0.6439,0.9126,0.9765,327.0,Reach max iteration 50 | best_iter=38
qwen,sum,fb237_v2_ind_seed7005,150,10.0,80,7005,0.6695,0.6555,0.9123,0.7977,0.788,0.6555,0.9118,0.9706,329.9,Reach max iteration 50 | best_iter=24
qwen,sum,fb237_v2_ind_seed7009,150,10.0,80,7009,0.6338,0.625,0.9147,0.7757,0.7701,0.625,0.8944,0.9655,324.8,Reach max iteration 50 | best_iter=47
qwen,sum,fb237_v2_ind_seed7001,150,10.0,96,7001,0.6421,0.6354,0.9137,0.7828,0.7785,0.6354,0.9147,0.9701,338.5,Reach max iteration 50 | best_iter=6
qwen,sum,fb237_v2_ind_seed7005,150,10.0,96,7005,0.6653,0.645,0.9126,0.798,0.7817,0.645,0.9055,0.9685,329.7,Reach max iteration 50 | best_iter=42
qwen,sum,fb237_v2_ind_seed7009,150,10.0,96,7009,0.6381,0.6099,0.9144,0.7802,0.7691,0.6099,0.9159,0.9677,332.5,Reach max iteration 50 | best_iter=13
qwen,sum,fb237_v2_ind_seed7001,150,50.0,16,7001,0.6594,0.6461,0.8878,0.7916,0.7834,0.6461,0.9126,0.9765,300.8,Reach max iteration 50 | best_iter=10
qwen,sum,fb237_v2_ind_seed7005,150,50.0,16,7005,0.6884,0.6618,0.8715,0.814,0.7965,0.6618,0.9244,0.9769,323.3,Reach max iteration 50 | best_iter=5
qwen,sum,fb237_v2_ind_seed7009,150,50.0,16,7009,0.6638,0.6638,0.8649,0.793,0.7912,0.6638,0.9095,0.9698,311.3,Reach max iteration 50 | best_iter=6
qwen,sum,fb237_v2_ind_seed7001,150,50.0,32,7001,0.6833,0.6716,0.8796,0.8076,0.7995,0.6716,0.919,0.9765,310.8,Reach max iteration 50 | best_iter=8
qwen,sum,fb237_v2_ind_seed7005,150,50.0,32,7005,0.6884,0.6639,0.8768,0.812,0.7982,0.6639,0.9286,0.9769,323.1,Reach max iteration 50 | best_iter=5
qwen,sum,fb237_v2_ind_seed7009,150,50.0,32,7009,0.6531,0.6466,0.856,0.7917,0.7816,0.6466,0.9073,0.9655,308.2,Reach max iteration 50 | best_iter=8
qwen,sum,fb237_v2_ind_seed7001,150,50.0,48,7001,0.6703,0.6588,0.8731,0.7976,0.7943,0.6588,0.9104,0.9787,322.9,Reach max iteration 50 | best_iter=7
qwen,sum,fb237_v2_ind_seed7005,150,50.0,48,7005,0.6989,0.666,0.8865,0.8168,0.7986,0.666,0.9286,0.9706,315.9,Reach max iteration 50 | best_iter=10
qwen,sum,fb237_v2_ind_seed7009,150,50.0,48,7009,0.6702,0.6767,0.8808,0.7976,0.802,0.6767,0.9138,0.972,322.7,Reach max iteration 50 | best_iter=8
qwen,sum,fb237_v2_ind_seed7001,150,50.0,64,7001,0.6725,0.6588,0.8907,0.8014,0.7944,0.6588,0.919,0.9765,329.8,Reach max iteration 50 | best_iter=7
qwen,sum,fb237_v2_ind_seed7005,150,50.0,64,7005,0.6926,0.6576,0.894,0.8152,0.7922,0.6576,0.916,0.9748,332.0,Reach max iteration 50 | best_iter=22
qwen,sum,fb237_v2_ind_seed7009,150,50.0,64,7009,0.6745,0.653,0.8856,0.8022,0.7884,0.653,0.9116,0.972,321.5,Reach max iteration 50 | best_iter=8
qwen,sum,fb237_v2_ind_seed7001,150,50.0,80,7001,0.6703,0.6546,0.8991,0.8005,0.7905,0.6546,0.919,0.9787,322.3,Reach max iteration 50 | best_iter=22
qwen,sum,fb237_v2_ind_seed7005,150,50.0,80,7005,0.6989,0.6702,0.8908,0.8176,0.8023,0.6702,0.9244,0.9769,327.5,Reach max iteration 50 | best_iter=16
qwen,sum,fb237_v2_ind_seed7009,150,50.0,80,7009,0.6617,0.6358,0.8957,0.7946,0.7813,0.6358,0.9203,0.972,327.3,Reach max iteration 50 | best_iter=15
qwen,sum,fb237_v2_ind_seed7001,150,50.0,96,7001,0.6703,0.6482,0.9012,0.8009,0.788,0.6482,0.9254,0.9808,330.3,Reach max iteration 50 | best_iter=29
qwen,sum,fb237_v2_ind_seed7005,150,50.0,96,7005,0.7032,0.6723,0.8892,0.8195,0.8007,0.6723,0.9223,0.9727,327.8,Reach max iteration 50 | best_iter=13
qwen,sum,fb237_v2_ind_seed7009,150,50.0,96,7009,0.6681,0.6422,0.8909,0.7992,0.7854,0.6422,0.9138,0.9784,338.6,Reach max iteration 50 | best_iter=9
qwen,sum,fb237_v2_ind_seed7001,150,100.0,16,7001,0.6746,0.693,0.8222,0.8014,0.8095,0.693,0.9168,0.9723,320.7,Reach max iteration 50 | best_iter=7
qwen,sum,fb237_v2_ind_seed7005,150,100.0,16,7005,0.7011,0.6744,0.8353,0.8141,0.7991,0.6744,0.9034,0.9748,329.4,Reach max iteration 50 | best_iter=35
qwen,sum,fb237_v2_ind_seed7009,150,100.0,16,7009,0.6916,0.6616,0.8133,0.8084,0.7885,0.6616,0.8987,0.9677,309.9,Reach max iteration 50 | best_iter=8
qwen,sum,fb237_v2_ind_seed7001,150,100.0,32,7001,0.6941,0.678,0.8405,0.8097,0.8023,0.678,0.9211,0.9723,326.0,Reach max iteration 50 | best_iter=10
qwen,sum,fb237_v2_ind_seed7005,150,100.0,32,7005,0.7179,0.6912,0.843,0.8311,0.8106,0.6912,0.9181,0.9748,322.8,Reach max iteration 50 | best_iter=20
qwen,sum,fb237_v2_ind_seed7009,150,100.0,32,7009,0.6767,0.6746,0.8104,0.8028,0.7964,0.6746,0.8966,0.9677,315.4,Reach max iteration 50 | best_iter=7
qwen,sum,fb237_v2_ind_seed7001,150,100.0,48,7001,0.6963,0.6908,0.8426,0.8121,0.8126,0.6908,0.9296,0.9808,322.7,Reach max iteration 50 | best_iter=9
qwen,sum,fb237_v2_ind_seed7005,150,100.0,48,7005,0.7158,0.6807,0.8503,0.8276,0.8055,0.6807,0.9181,0.9769,324.8,Reach max iteration 50 | best_iter=18
qwen,sum,fb237_v2_ind_seed7009,150,100.0,48,7009,0.6916,0.6703,0.79,0.8048,0.7873,0.6703,0.8836,0.9655,326.6,Reach max iteration 50 | best_iter=3
qwen,sum,fb237_v2_ind_seed7001,150,100.0,64,7001,0.6985,0.678,0.8534,0.8129,0.8053,0.678,0.9232,0.9808,320.4,Reach max iteration 50 | best_iter=35
qwen,sum,fb237_v2_ind_seed7005,150,100.0,64,7005,0.7179,0.6807,0.8288,0.8266,0.8081,0.6807,0.9307,0.979,329.9,Reach max iteration 50 | best_iter=5
qwen,sum,fb237_v2_ind_seed7009,150,100.0,64,7009,0.6809,0.6724,0.8267,0.8071,0.7988,0.6724,0.9116,0.9677,327.6,Reach max iteration 50 | best_iter=6
qwen,sum,fb237_v2_ind_seed7001,150,100.0,80,7001,0.6941,0.6802,0.8623,0.8112,0.8054,0.6802,0.919,0.9808,316.3,Reach max iteration 50 | best_iter=50
qwen,sum,fb237_v2_ind_seed7005,150,100.0,80,7005,0.7179,0.6954,0.8568,0.8275,0.814,0.6954,0.9286,0.9727,335.9,Reach max iteration 50 | best_iter=17
qwen,sum,fb237_v2_ind_seed7009,150,100.0,80,7009,0.6724,0.6724,0.8604,0.8032,0.799,0.6724,0.9138,0.9741,323.3,Reach max iteration 50 | best_iter=47
qwen,sum,fb237_v2_ind_seed7001,150,100.0,96,7001,0.7028,0.6844,0.8498,0.8176,0.8092,0.6844,0.9339,0.9787,326.4,Reach max iteration 50 | best_iter=8
qwen,sum,fb237_v2_ind_seed7005,150,100.0,96,7005,0.7158,0.6912,0.8539,0.8266,0.8122,0.6912,0.9265,0.9748,309.9,Reach max iteration 50 | best_iter=13
qwen,sum,fb237_v2_ind_seed7009,150,100.0,96,7009,0.6831,0.681,0.8294,0.8074,0.8023,0.681,0.9052,0.9784,316.5,Reach max iteration 50 | best_iter=8
qwen,sum,fb237_v2_ind_seed7001,150,500.0,16,7001,0.6247,0.6183,0.6365,0.7464,0.7385,0.6183,0.8358,0.9232,162.6,Reach max iteration 50 | best_iter=24
qwen,sum,fb237_v2_ind_seed7005,150,500.0,16,7005,0.6147,0.6345,0.6286,0.738,0.7565,0.6345,0.8592,0.9412,164.1,Reach max iteration 50 | best_iter=25
qwen,sum,fb237_v2_ind_seed7009,150,500.0,16,7009,0.636,0.5991,0.6462,0.7521,0.7261,0.5991,0.8254,0.9246,162.2,Reach max iteration 50 | best_iter=12
qwen,sum,fb237_v2_ind_seed7001,150,500.0,32,7001,0.6356,0.6461,0.6643,0.7592,0.7629,0.6461,0.8614,0.9467,205.1,Reach max iteration 50 | best_iter=9
qwen,sum,fb237_v2_ind_seed7005,150,500.0,32,7005,0.6442,0.6471,0.6663,0.7652,0.7722,0.6471,0.8824,0.9559,208.4,Reach max iteration 50 | best_iter=16
qwen,sum,fb237_v2_ind_seed7009,150,500.0,32,7009,0.6488,0.6078,0.6556,0.7636,0.7404,0.6078,0.8491,0.944,206.6,Reach max iteration 50 | best_iter=30
qwen,sum,fb237_v2_ind_seed7001,150,500.0,48,7001,0.6421,0.6503,0.6764,0.7683,0.7659,0.6503,0.8571,0.9446,215.5,Reach max iteration 50 | best_iter=19
qwen,sum,fb237_v2_ind_seed7005,150,500.0,48,7005,0.6505,0.6513,0.6788,0.7741,0.7783,0.6513,0.8887,0.9601,217.2,Reach max iteration 50 | best_iter=10
qwen,sum,fb237_v2_ind_seed7009,150,500.0,48,7009,0.666,0.6207,0.6813,0.7797,0.7521,0.6207,0.8642,0.9461,217.4,Reach max iteration 50 | best_iter=40
qwen,sum,fb237_v2_ind_seed7001,150,500.0,64,7001,0.6725,0.6525,0.6994,0.7897,0.7681,0.6525,0.8571,0.9574,241.4,Reach max iteration 50 | best_iter=12
qwen,sum,fb237_v2_ind_seed7005,150,500.0,64,7005,0.6653,0.6618,0.6865,0.7852,0.7865,0.6618,0.8971,0.9622,225.6,Reach max iteration 50 | best_iter=13
qwen,sum,fb237_v2_ind_seed7009,150,500.0,64,7009,0.6745,0.6293,0.6974,0.7859,0.7565,0.6293,0.8578,0.9504,233.0,Reach max iteration 50 | best_iter=12
qwen,sum,fb237_v2_ind_seed7001,150,500.0,80,7001,0.6681,0.661,0.7009,0.7879,0.7753,0.661,0.8635,0.9574,269.3,Reach max iteration 50 | best_iter=30
qwen,sum,fb237_v2_ind_seed7005,150,500.0,80,7005,0.6653,0.6639,0.6974,0.7854,0.7881,0.6639,0.8971,0.9622,270.3,Reach max iteration 50 | best_iter=32
qwen,sum,fb237_v2_ind_seed7009,150,500.0,80,7009,0.666,0.6272,0.6994,0.7832,0.7593,0.6272,0.8707,0.9569,266.1,Reach max iteration 50 | best_iter=50
qwen,sum,fb237_v2_ind_seed7001,150,500.0,96,7001,0.6725,0.6674,0.7078,0.7903,0.7793,0.6674,0.8593,0.9595,278.7,Reach max iteration 50 | best_iter=10
qwen,sum,fb237_v2_ind_seed7005,150,500.0,96,7005,0.6632,0.6597,0.7051,0.7868,0.7897,0.6597,0.9055,0.9643,271.8,Reach max iteration 50 | best_iter=25
qwen,sum,fb237_v2_ind_seed7009,150,500.0,96,7009,0.6809,0.6379,0.7121,0.7901,0.7667,0.6379,0.8728,0.9547,291.4,Reach max iteration 50 | best_iter=30
qwen,sum,fb237_v2_ind_seed7001,150,1000.0,16,7001,0.4816,0.4989,0.4894,0.6153,0.6283,0.4989,0.7079,0.8486,155.6,Reach max iteration 50 | best_iter=46
qwen,sum,fb237_v2_ind_seed7005,150,1000.0,16,7005,0.5221,0.5336,0.5284,0.65,0.6671,0.5336,0.7584,0.895,153.5,Reach max iteration 50 | best_iter=18
qwen,sum,fb237_v2_ind_seed7009,150,1000.0,16,7009,0.5203,0.4935,0.5081,0.6488,0.6284,0.4935,0.7198,0.8534,152.1,Reach max iteration 50 | best_iter=43
qwen,sum,fb237_v2_ind_seed7001,150,1000.0,32,7001,0.5315,0.565,0.5569,0.6668,0.6836,0.565,0.7633,0.8934,161.1,Reach max iteration 50 | best_iter=33
qwen,sum,fb237_v2_ind_seed7005,150,1000.0,32,7005,0.5579,0.5588,0.5675,0.6877,0.6979,0.5588,0.8067,0.9055,159.5,Reach max iteration 50 | best_iter=30
qwen,sum,fb237_v2_ind_seed7009,150,1000.0,32,7009,0.5717,0.5431,0.5725,0.6961,0.6777,0.5431,0.7716,0.9052,157.7,Reach max iteration 50 | best_iter=43
qwen,sum,fb237_v2_ind_seed7001,150,1000.0,48,7001,0.5705,0.5778,0.5846,0.7028,0.7047,0.5778,0.8017,0.9104,161.7,Reach max iteration 50 | best_iter=45
qwen,sum,fb237_v2_ind_seed7005,150,1000.0,48,7005,0.5726,0.5756,0.5822,0.7008,0.7128,0.5756,0.8298,0.9181,160.7,Reach max iteration 50 | best_iter=24
qwen,sum,fb237_v2_ind_seed7009,150,1000.0,48,7009,0.5867,0.5603,0.584,0.7073,0.6918,0.5603,0.7845,0.9159,159.6,Reach max iteration 50 | best_iter=18
qwen,sum,fb237_v2_ind_seed7001,150,1000.0,64,7001,0.59,0.58,0.5971,0.7151,0.7073,0.58,0.7974,0.919,177.5,Reach max iteration 50 | best_iter=19
qwen,sum,fb237_v2_ind_seed7005,150,1000.0,64,7005,0.5853,0.5945,0.5994,0.7145,0.7292,0.5945,0.8403,0.9181,171.4,Reach max iteration 50 | best_iter=11
qwen,sum,fb237_v2_ind_seed7009,150,1000.0,64,7009,0.5867,0.569,0.5938,0.7111,0.6983,0.569,0.7845,0.9159,180.5,Reach max iteration 50 | best_iter=34
qwen,sum,fb237_v2_ind_seed7001,150,1000.0,80,7001,0.6052,0.6034,0.6132,0.7272,0.7197,0.6034,0.7953,0.9168,216.5,Reach max iteration 50 | best_iter=13
qwen,sum,fb237_v2_ind_seed7005,150,1000.0,80,7005,0.6168,0.6071,0.6143,0.7339,0.7374,0.6071,0.8508,0.9307,214.0,Reach max iteration 50 | best_iter=16
qwen,sum,fb237_v2_ind_seed7009,150,1000.0,80,7009,0.6039,0.5733,0.6075,0.7239,0.7043,0.5733,0.7953,0.9224,204.2,Reach max iteration 50 | best_iter=18
qwen,sum,fb237_v2_ind_seed7001,150,1000.0,96,7001,0.6052,0.6183,0.623,0.7313,0.736,0.6183,0.8209,0.9296,215.2,Reach max iteration 50 | best_iter=18
qwen,sum,fb237_v2_ind_seed7005,150,1000.0,96,7005,0.5979,0.6155,0.6146,0.7238,0.7441,0.6155,0.8487,0.9265,217.7,Reach max iteration 50 | best_iter=10
qwen,sum,fb237_v2_ind_seed7009,150,1000.0,96,7009,0.606,0.5841,0.6119,0.7274,0.7085,0.5841,0.7953,0.9181,218.3,Reach max iteration 50 | best_iter=6
qwen,sum,fb237_v2_ind_seed7001,175,1.0,16,7001,0.6291,0.629,0.9154,0.7678,0.7686,0.629,0.8998,0.968,377.7,Reach max iteration 50 | best_iter=49
qwen,sum,fb237_v2_ind_seed7005,175,1.0,16,7005,0.6505,0.6239,0.9128,0.783,0.7645,0.6239,0.8929,0.958,373.7,Reach max iteration 50 | best_iter=45
qwen,sum,fb237_v2_ind_seed7009,175,1.0,16,7009,0.6039,0.5948,0.9147,0.7544,0.7483,0.5948,0.8815,0.9526,358.0,Reach max iteration 50 | best_iter=50
qwen,sum,fb237_v2_ind_seed7001,175,1.0,32,7001,0.6312,0.6439,0.9154,0.7735,0.7762,0.6439,0.8891,0.9765,370.8,Reach max iteration 50 | best_iter=43
qwen,sum,fb237_v2_ind_seed7005,175,1.0,32,7005,0.6463,0.6366,0.9128,0.7839,0.7693,0.6366,0.8908,0.9643,372.8,Reach max iteration 50 | best_iter=50
qwen,sum,fb237_v2_ind_seed7009,175,1.0,32,7009,0.5974,0.6099,0.9147,0.7486,0.7665,0.6099,0.9138,0.9569,373.5,Reach max iteration 50 | best_iter=49
qwen,sum,fb237_v2_ind_seed7001,175,1.0,48,7001,0.6247,0.6311,0.9154,0.7692,0.7718,0.6311,0.8955,0.9744,379.6,Reach max iteration 50 | best_iter=41
qwen,sum,fb237_v2_ind_seed7005,175,1.0,48,7005,0.6484,0.6324,0.871,0.7797,0.7623,0.6324,0.8718,0.9643,379.2,Reach max iteration 50 | best_iter=3
qwen,sum,fb237_v2_ind_seed7009,175,1.0,48,7009,0.606,0.5905,0.9147,0.7566,0.7529,0.5905,0.9009,0.9634,375.8,Reach max iteration 50 | best_iter=33
qwen,sum,fb237_v2_ind_seed7001,175,1.0,64,7001,0.6247,0.6311,0.9154,0.7689,0.7732,0.6311,0.9041,0.9701,382.6,Reach max iteration 50 | best_iter=35
qwen,sum,fb237_v2_ind_seed7005,175,1.0,64,7005,0.6442,0.6261,0.9128,0.78,0.7677,0.6261,0.9013,0.9559,378.0,Reach max iteration 50 | best_iter=37
qwen,sum,fb237_v2_ind_seed7009,175,1.0,64,7009,0.6188,0.597,0.9147,0.7629,0.7523,0.597,0.8966,0.9569,370.1,Reach max iteration 50 | best_iter=49
qwen,sum,fb237_v2_ind_seed7001,175,1.0,80,7001,0.6377,0.6418,0.9154,0.7735,0.7754,0.6418,0.8998,0.9723,373.4,Reach max iteration 50 | best_iter=50
qwen,sum,fb237_v2_ind_seed7005,175,1.0,80,7005,0.6274,0.6197,0.9128,0.7766,0.7611,0.6197,0.8803,0.9685,376.7,Reach max iteration 50 | best_iter=39
qwen,sum,fb237_v2_ind_seed7009,175,1.0,80,7009,0.6017,0.6013,0.9147,0.7529,0.756,0.6013,0.8987,0.9591,379.5,Reach max iteration 50 | best_iter=50
qwen,sum,fb237_v2_ind_seed7001,175,1.0,96,7001,0.6182,0.6311,0.9154,0.7655,0.7668,0.6311,0.8785,0.9744,384.0,Reach max iteration 50 | best_iter=49
qwen,sum,fb237_v2_ind_seed7005,175,1.0,96,7005,0.6379,0.6155,0.9128,0.7739,0.7552,0.6155,0.8782,0.9559,372.8,Reach max iteration 50 | best_iter=44
qwen,sum,fb237_v2_ind_seed7009,175,1.0,96,7009,0.6103,0.5927,0.9147,0.7558,0.7469,0.5927,0.8815,0.9526,380.1,Reach max iteration 50 | best_iter=50
qwen,sum,fb237_v2_ind_seed7001,175,5.0,16,7001,0.6204,0.6333,0.9154,0.7673,0.7726,0.6333,0.8977,0.9659,368.0,Reach max iteration 50 | best_iter=41
qwen,sum,fb237_v2_ind_seed7005,175,5.0,16,7005,0.6653,0.6324,0.9128,0.7969,0.7702,0.6324,0.8908,0.9664,368.2,Reach max iteration 50 | best_iter=18
qwen,sum,fb237_v2_ind_seed7009,175,5.0,16,7009,0.5974,0.5905,0.9147,0.7556,0.7503,0.5905,0.8944,0.9655,361.2,Reach max iteration 50 | best_iter=14
qwen,sum,fb237_v2_ind_seed7001,175,5.0,32,7001,0.6486,0.6418,0.9154,0.7854,0.7796,0.6418,0.9083,0.9744,371.4,Reach max iteration 50 | best_iter=25
qwen,sum,fb237_v2_ind_seed7005,175,5.0,32,7005,0.6547,0.6408,0.9128,0.7916,0.7753,0.6408,0.8992,0.9685,379.5,Reach max iteration 50 | best_iter=14
qwen,sum,fb237_v2_ind_seed7009,175,5.0,32,7009,0.6253,0.6078,0.9147,0.7667,0.764,0.6078,0.9138,0.9569,373.3,Reach max iteration 50 | best_iter=29
qwen,sum,fb237_v2_ind_seed7001,175,5.0,48,7001,0.6399,0.6375,0.9154,0.7796,0.7776,0.6375,0.9062,0.9744,380.5,Reach max iteration 50 | best_iter=31
qwen,sum,fb237_v2_ind_seed7005,175,5.0,48,7005,0.6611,0.6408,0.9128,0.7907,0.7733,0.6408,0.895,0.958,382.0,Reach max iteration 50 | best_iter=18
qwen,sum,fb237_v2_ind_seed7009,175,5.0,48,7009,0.6253,0.6056,0.9147,0.7679,0.761,0.6056,0.9009,0.9569,373.8,Reach max iteration 50 | best_iter=27
qwen,sum,fb237_v2_ind_seed7001,175,5.0,64,7001,0.6464,0.6525,0.8847,0.7811,0.783,0.6525,0.8998,0.9744,377.2,Reach max iteration 50 | best_iter=2
qwen,sum,fb237_v2_ind_seed7005,175,5.0,64,7005,0.6611,0.6366,0.9128,0.7947,0.7766,0.6366,0.9097,0.9643,379.1,Reach max iteration 50 | best_iter=32
qwen,sum,fb237_v2_ind_seed7009,175,5.0,64,7009,0.6338,0.6056,0.9147,0.7736,0.7621,0.6056,0.9052,0.9547,373.9,Reach max iteration 50 | best_iter=24
qwen,sum,fb237_v2_ind_seed7001,175,5.0,80,7001,0.6377,0.6418,0.9154,0.7786,0.7813,0.6418,0.9126,0.9723,374.3,Reach max iteration 50 | best_iter=23
qwen,sum,fb237_v2_ind_seed7005,175,5.0,80,7005,0.6674,0.6387,0.9128,0.7996,0.7764,0.6387,0.8971,0.9706,378.0,Reach max iteration 50 | best_iter=26
qwen,sum,fb237_v2_ind_seed7009,175,5.0,80,7009,0.6317,0.6099,0.9147,0.772,0.7615,0.6099,0.9052,0.9612,376.1,Reach max iteration 50 | best_iter=42
qwen,sum,fb237_v2_ind_seed7001,175,5.0,96,7001,0.6312,0.6354,0.9154,0.7767,0.7783,0.6354,0.9104,0.9744,379.1,Reach max iteration 50 | best_iter=35
qwen,sum,fb237_v2_ind_seed7005,175,5.0,96,7005,0.6589,0.6303,0.9128,0.7931,0.7729,0.6303,0.9034,0.9685,372.8,Reach max iteration 50 | best_iter=47
qwen,sum,fb237_v2_ind_seed7009,175,5.0,96,7009,0.6338,0.5927,0.9144,0.7743,0.7512,0.5927,0.8987,0.9591,378.7,Reach max iteration 50 | best_iter=38
qwen,sum,fb237_v2_ind_seed7001,175,10.0,16,7001,0.6269,0.6439,0.9154,0.7724,0.7802,0.6439,0.9083,0.9723,372.5,Reach max iteration 50 | best_iter=12
qwen,sum,fb237_v2_ind_seed7005,175,10.0,16,7005,0.6632,0.6324,0.9123,0.7953,0.7695,0.6324,0.895,0.9601,372.8,Reach max iteration 50 | best_iter=18
qwen,sum,fb237_v2_ind_seed7009,175,10.0,16,7009,0.6103,0.6034,0.914,0.7649,0.7585,0.6034,0.8987,0.9655,362.4,Reach max iteration 50 | best_iter=10
qwen,sum,fb237_v2_ind_seed7001,175,10.0,32,7001,0.6421,0.6397,0.9135,0.7836,0.7799,0.6397,0.9083,0.9851,357.6,Reach max iteration 50 | best_iter=9
qwen,sum,fb237_v2_ind_seed7005,175,10.0,32,7005,0.6632,0.6408,0.9104,0.7961,0.7758,0.6408,0.8929,0.9664,378.0,Reach max iteration 50 | best_iter=7
qwen,sum,fb237_v2_ind_seed7009,175,10.0,32,7009,0.6167,0.6013,0.9144,0.7657,0.7626,0.6013,0.9203,0.9634,376.8,Reach max iteration 50 | best_iter=14
qwen,sum,fb237_v2_ind_seed7001,175,10.0,48,7001,0.6399,0.6375,0.9149,0.7802,0.7784,0.6375,0.9126,0.9765,386.6,Reach max iteration 50 | best_iter=6
qwen,sum,fb237_v2_ind_seed7005,175,10.0,48,7005,0.6547,0.6345,0.9126,0.7903,0.7749,0.6345,0.9076,0.9643,382.9,Reach max iteration 50 | best_iter=15
qwen,sum,fb237_v2_ind_seed7009,175,10.0,48,7009,0.6296,0.6121,0.9147,0.7712,0.7644,0.6121,0.9116,0.9612,378.5,Reach max iteration 50 | best_iter=45
qwen,sum,fb237_v2_ind_seed7001,175,10.0,64,7001,0.6508,0.6461,0.8871,0.7836,0.7788,0.6461,0.8934,0.9659,356.5,Reach max iteration 50 | best_iter=3
qwen,sum,fb237_v2_ind_seed7005,175,10.0,64,7005,0.6526,0.645,0.9126,0.791,0.7817,0.645,0.9118,0.9685,376.8,Reach max iteration 50 | best_iter=18
qwen,sum,fb237_v2_ind_seed7009,175,10.0,64,7009,0.6317,0.6185,0.9144,0.7751,0.7687,0.6185,0.9159,0.9634,377.1,Reach max iteration 50 | best_iter=49
qwen,sum,fb237_v2_ind_seed7001,175,10.0,80,7001,0.6443,0.6375,0.9154,0.7824,0.7802,0.6375,0.9126,0.9765,364.5,Reach max iteration 50 | best_iter=46
qwen,sum,fb237_v2_ind_seed7005,175,10.0,80,7005,0.6611,0.6534,0.9121,0.7964,0.7865,0.6534,0.9097,0.9748,366.2,Reach max iteration 50 | best_iter=16
qwen,sum,fb237_v2_ind_seed7009,175,10.0,80,7009,0.636,0.6121,0.9147,0.7772,0.7671,0.6121,0.9095,0.9612,381.3,Reach max iteration 50 | best_iter=18
qwen,sum,fb237_v2_ind_seed7001,175,10.0,96,7001,0.6399,0.6397,0.9154,0.7834,0.7839,0.6397,0.9147,0.9808,370.7,Reach max iteration 50 | best_iter=30
qwen,sum,fb237_v2_ind_seed7005,175,10.0,96,7005,0.6589,0.6429,0.9126,0.7933,0.7792,0.6429,0.9055,0.9601,370.0,Reach max iteration 50 | best_iter=46
qwen,sum,fb237_v2_ind_seed7009,175,10.0,96,7009,0.6445,0.6078,0.9144,0.7789,0.762,0.6078,0.8966,0.9655,377.2,Reach max iteration 50 | best_iter=20
qwen,sum,fb237_v2_ind_seed7001,175,50.0,16,7001,0.6616,0.6503,0.8876,0.7924,0.7892,0.6503,0.9168,0.9765,363.8,Reach max iteration 50 | best_iter=9
qwen,sum,fb237_v2_ind_seed7005,175,50.0,16,7005,0.6905,0.6618,0.8486,0.8096,0.789,0.6618,0.9013,0.9664,363.8,Reach max iteration 50 | best_iter=5
qwen,sum,fb237_v2_ind_seed7009,175,50.0,16,7009,0.6617,0.6315,0.8383,0.7886,0.7662,0.6315,0.8922,0.9547,356.6,Reach max iteration 50 | best_iter=4
qwen,sum,fb237_v2_ind_seed7001,175,50.0,32,7001,0.6833,0.6887,0.8695,0.7996,0.8078,0.6887,0.9126,0.9808,365.5,Reach max iteration 50 | best_iter=6
qwen,sum,fb237_v2_ind_seed7005,175,50.0,32,7005,0.6884,0.6681,0.879,0.8116,0.8,0.6681,0.9223,0.979,360.1,Reach max iteration 50 | best_iter=8
qwen,sum,fb237_v2_ind_seed7009,175,50.0,32,7009,0.6552,0.6573,0.882,0.7899,0.788,0.6573,0.9073,0.9655,356.2,Reach max iteration 50 | best_iter=9
qwen,sum,fb237_v2_ind_seed7001,175,50.0,48,7001,0.6768,0.6546,0.8957,0.8021,0.789,0.6546,0.9211,0.9829,379.4,Reach max iteration 50 | best_iter=12
qwen,sum,fb237_v2_ind_seed7005,175,50.0,48,7005,0.6926,0.6702,0.8899,0.8135,0.7989,0.6702,0.9244,0.9685,353.5,Reach max iteration 50 | best_iter=15
qwen,sum,fb237_v2_ind_seed7009,175,50.0,48,7009,0.6574,0.6659,0.8868,0.7942,0.7973,0.6659,0.9181,0.9698,369.6,Reach max iteration 50 | best_iter=6
qwen,sum,fb237_v2_ind_seed7001,175,50.0,64,7001,0.6941,0.6802,0.8734,0.8116,0.8036,0.6802,0.9147,0.9808,361.0,Reach max iteration 50 | best_iter=8
qwen,sum,fb237_v2_ind_seed7005,175,50.0,64,7005,0.6968,0.6639,0.8788,0.816,0.7967,0.6639,0.9223,0.9811,363.4,Reach max iteration 50 | best_iter=8
qwen,sum,fb237_v2_ind_seed7009,175,50.0,64,7009,0.6745,0.6616,0.8923,0.803,0.795,0.6616,0.9159,0.9698,363.2,Reach max iteration 50 | best_iter=12
qwen,sum,fb237_v2_ind_seed7001,175,50.0,80,7001,0.6681,0.6823,0.8815,0.8007,0.8058,0.6823,0.9232,0.9808,368.3,Reach max iteration 50 | best_iter=8
qwen,sum,fb237_v2_ind_seed7005,175,50.0,80,7005,0.6968,0.6765,0.8773,0.8158,0.8024,0.6765,0.9097,0.9748,367.1,Reach max iteration 50 | best_iter=7
qwen,sum,fb237_v2_ind_seed7009,175,50.0,80,7009,0.6831,0.6379,0.8697,0.8051,0.7807,0.6379,0.9138,0.972,358.9,Reach max iteration 50 | best_iter=6
qwen,sum,fb237_v2_ind_seed7001,175,50.0,96,7001,0.6941,0.6802,0.8515,0.8103,0.7995,0.6802,0.9083,0.9829,370.4,Reach max iteration 50 | best_iter=7
qwen,sum,fb237_v2_ind_seed7005,175,50.0,96,7005,0.7053,0.6723,0.8884,0.8232,0.8004,0.6723,0.9244,0.9727,370.8,Reach max iteration 50 | best_iter=12
qwen,sum,fb237_v2_ind_seed7009,175,50.0,96,7009,0.6638,0.6638,0.8844,0.7953,0.7946,0.6638,0.9159,0.972,379.2,Reach max iteration 50 | best_iter=9
qwen,sum,fb237_v2_ind_seed7001,175,100.0,16,7001,0.7028,0.6759,0.8272,0.8137,0.8005,0.6759,0.9126,0.9787,356.0,Reach max iteration 50 | best_iter=15
qwen,sum,fb237_v2_ind_seed7005,175,100.0,16,7005,0.7053,0.6828,0.8208,0.821,0.8074,0.6828,0.9244,0.9769,350.6,Reach max iteration 50 | best_iter=10
qwen,sum,fb237_v2_ind_seed7009,175,100.0,16,7009,0.6767,0.6681,0.8366,0.8011,0.7928,0.6681,0.9073,0.9612,360.8,Reach max iteration 50 | best_iter=16
qwen,sum,fb237_v2_ind_seed7001,175,100.0,32,7001,0.6876,0.6887,0.8469,0.8086,0.8078,0.6887,0.9104,0.9808,364.4,Reach max iteration 50 | best_iter=44
qwen,sum,fb237_v2_ind_seed7005,175,100.0,32,7005,0.7137,0.6744,0.8276,0.824,0.8039,0.6744,0.9265,0.9769,364.9,Reach max iteration 50 | best_iter=8
qwen,sum,fb237_v2_ind_seed7009,175,100.0,32,7009,0.6831,0.694,0.807,0.8061,0.8051,0.694,0.9095,0.9612,362.6,Reach max iteration 50 | best_iter=7
qwen,sum,fb237_v2_ind_seed7001,175,100.0,48,7001,0.7093,0.6844,0.8484,0.8202,0.8043,0.6844,0.9147,0.9829,370.7,Reach max iteration 50 | best_iter=25
qwen,sum,fb237_v2_ind_seed7005,175,100.0,48,7005,0.7095,0.6765,0.8491,0.8219,0.8028,0.6765,0.9202,0.9748,373.3,Reach max iteration 50 | best_iter=40
qwen,sum,fb237_v2_ind_seed7009,175,100.0,48,7009,0.6809,0.6789,0.8539,0.8058,0.7993,0.6789,0.9073,0.972,371.6,Reach max iteration 50 | best_iter=13
qwen,sum,fb237_v2_ind_seed7001,175,100.0,64,7001,0.7028,0.6887,0.8258,0.815,0.8112,0.6887,0.9211,0.9787,358.6,Reach max iteration 50 | best_iter=7
qwen,sum,fb237_v2_ind_seed7005,175,100.0,64,7005,0.7221,0.6891,0.8348,0.8286,0.8113,0.6891,0.9202,0.9811,366.5,Reach max iteration 50 | best_iter=8
qwen,sum,fb237_v2_ind_seed7009,175,100.0,64,7009,0.6617,0.6897,0.8541,0.7981,0.8095,0.6897,0.9181,0.9741,372.0,Reach max iteration 50 | best_iter=9
qwen,sum,fb237_v2_ind_seed7001,175,100.0,80,7001,0.6898,0.6802,0.8292,0.8109,0.8047,0.6802,0.9168,0.9787,358.6,Reach max iteration 50 | best_iter=8
qwen,sum,fb237_v2_ind_seed7005,175,100.0,80,7005,0.7179,0.6891,0.8508,0.8284,0.8124,0.6891,0.9349,0.9727,372.0,Reach max iteration 50 | best_iter=12
qwen,sum,fb237_v2_ind_seed7009,175,100.0,80,7009,0.6767,0.6746,0.8332,0.8044,0.798,0.6746,0.9095,0.972,367.9,Reach max iteration 50 | best_iter=7
qwen,sum,fb237_v2_ind_seed7001,175,100.0,96,7001,0.6941,0.6887,0.8566,0.8129,0.8098,0.6887,0.9254,0.9808,363.1,Reach max iteration 50 | best_iter=12
qwen,sum,fb237_v2_ind_seed7005,175,100.0,96,7005,0.7074,0.6807,0.857,0.8215,0.8066,0.6807,0.9244,0.9748,357.0,Reach max iteration 50 | best_iter=13
qwen,sum,fb237_v2_ind_seed7009,175,100.0,96,7009,0.6745,0.6616,0.8128,0.7981,0.7891,0.6616,0.9116,0.9741,372.9,Reach max iteration 50 | best_iter=7
qwen,sum,fb237_v2_ind_seed7001,175,500.0,16,7001,0.6009,0.6162,0.635,0.7338,0.7358,0.6162,0.8358,0.9296,186.9,Reach max iteration 50 | best_iter=22
qwen,sum,fb237_v2_ind_seed7005,175,500.0,16,7005,0.6253,0.6345,0.6332,0.7467,0.7574,0.6345,0.8571,0.9412,185.7,Reach max iteration 50 | best_iter=19
qwen,sum,fb237_v2_ind_seed7009,175,500.0,16,7009,0.6381,0.6013,0.6352,0.749,0.7277,0.6013,0.8211,0.9267,185.7,Reach max iteration 50 | best_iter=12
qwen,sum,fb237_v2_ind_seed7001,175,500.0,32,7001,0.6312,0.6418,0.6595,0.7616,0.7578,0.6418,0.8422,0.9446,247.0,Reach max iteration 50 | best_iter=25
qwen,sum,fb237_v2_ind_seed7005,175,500.0,32,7005,0.64,0.6429,0.6612,0.7658,0.772,0.6429,0.8845,0.958,230.0,Reach max iteration 50 | best_iter=15
qwen,sum,fb237_v2_ind_seed7009,175,500.0,32,7009,0.6488,0.6034,0.6489,0.7645,0.7358,0.6034,0.8448,0.944,226.2,Reach max iteration 50 | best_iter=14
qwen,sum,fb237_v2_ind_seed7001,175,500.0,48,7001,0.6399,0.6525,0.6826,0.77,0.7669,0.6525,0.8571,0.9467,244.0,Reach max iteration 50 | best_iter=22
qwen,sum,fb237_v2_ind_seed7005,175,500.0,48,7005,0.6526,0.6576,0.6752,0.775,0.7813,0.6576,0.895,0.9559,243.1,Reach max iteration 50 | best_iter=13
qwen,sum,fb237_v2_ind_seed7009,175,500.0,48,7009,0.666,0.6164,0.6825,0.7792,0.7498,0.6164,0.8621,0.9504,244.2,Reach max iteration 50 | best_iter=39
qwen,sum,fb237_v2_ind_seed7001,175,500.0,64,7001,0.6594,0.6631,0.6956,0.7827,0.7746,0.6631,0.855,0.9595,251.5,Reach max iteration 50 | best_iter=42
qwen,sum,fb237_v2_ind_seed7005,175,500.0,64,7005,0.6568,0.6597,0.6795,0.7793,0.7867,0.6597,0.8992,0.9601,255.3,Reach max iteration 50 | best_iter=9
qwen,sum,fb237_v2_ind_seed7009,175,500.0,64,7009,0.6702,0.6207,0.6926,0.7829,0.7546,0.6207,0.8642,0.9526,269.4,Reach max iteration 50 | best_iter=23
qwen,sum,fb237_v2_ind_seed7001,175,500.0,80,7001,0.6659,0.6631,0.6989,0.7873,0.7768,0.6631,0.8614,0.9595,306.5,Reach max iteration 50 | best_iter=33
qwen,sum,fb237_v2_ind_seed7005,175,500.0,80,7005,0.6653,0.6744,0.694,0.7869,0.7941,0.6744,0.9055,0.9622,309.9,Reach max iteration 50 | best_iter=14
qwen,sum,fb237_v2_ind_seed7009,175,500.0,80,7009,0.6638,0.6272,0.6974,0.7821,0.7605,0.6272,0.8707,0.9591,309.8,Reach max iteration 50 | best_iter=42
qwen,sum,fb237_v2_ind_seed7001,175,500.0,96,7001,0.6833,0.6695,0.7136,0.7976,0.7812,0.6695,0.8614,0.9595,324.9,Reach max iteration 50 | best_iter=14
qwen,sum,fb237_v2_ind_seed7005,175,500.0,96,7005,0.6632,0.6723,0.7006,0.7888,0.7937,0.6723,0.9034,0.9622,323.1,Reach max iteration 50 | best_iter=31
qwen,sum,fb237_v2_ind_seed7009,175,500.0,96,7009,0.6681,0.6379,0.7056,0.785,0.7662,0.6379,0.8793,0.9591,330.9,Reach max iteration 50 | best_iter=50
qwen,sum,fb237_v2_ind_seed7001,175,1000.0,16,7001,0.5011,0.5203,0.5084,0.6345,0.6476,0.5203,0.7377,0.855,175.9,Reach max iteration 50 | best_iter=50
qwen,sum,fb237_v2_ind_seed7005,175,1000.0,16,7005,0.5032,0.5273,0.5052,0.636,0.658,0.5273,0.75,0.8761,175.1,Reach max iteration 50 | best_iter=15
qwen,sum,fb237_v2_ind_seed7009,175,1000.0,16,7009,0.5439,0.5065,0.5242,0.6613,0.6357,0.5065,0.7198,0.8599,174.7,Reach max iteration 50 | best_iter=20
qwen,sum,fb237_v2_ind_seed7001,175,1000.0,32,7001,0.5336,0.5586,0.5593,0.6754,0.684,0.5586,0.7804,0.887,178.2,Reach max iteration 50 | best_iter=22
qwen,sum,fb237_v2_ind_seed7005,175,1000.0,32,7005,0.5474,0.5588,0.5518,0.6766,0.6903,0.5588,0.7773,0.8929,180.0,Reach max iteration 50 | best_iter=42
qwen,sum,fb237_v2_ind_seed7009,175,1000.0,32,7009,0.5653,0.5388,0.5725,0.6908,0.6729,0.5388,0.7694,0.8987,180.7,Reach max iteration 50 | best_iter=19
qwen,sum,fb237_v2_ind_seed7001,175,1000.0,48,7001,0.577,0.5928,0.5865,0.7041,0.7086,0.5928,0.7889,0.9062,185.2,Reach max iteration 50 | best_iter=13
qwen,sum,fb237_v2_ind_seed7005,175,1000.0,48,7005,0.5747,0.5945,0.5912,0.7024,0.7243,0.5945,0.8319,0.916,181.6,Reach max iteration 50 | best_iter=17
qwen,sum,fb237_v2_ind_seed7009,175,1000.0,48,7009,0.5846,0.5582,0.5866,0.7045,0.6879,0.5582,0.7716,0.9138,182.3,Reach max iteration 50 | best_iter=24
qwen,sum,fb237_v2_ind_seed7001,175,1000.0,64,7001,0.5857,0.5885,0.5975,0.7129,0.7106,0.5885,0.7974,0.9147,199.4,Reach max iteration 50 | best_iter=49
qwen,sum,fb237_v2_ind_seed7005,175,1000.0,64,7005,0.5768,0.5777,0.5902,0.7066,0.7162,0.5777,0.8319,0.9223,193.1,Reach max iteration 50 | best_iter=13
qwen,sum,fb237_v2_ind_seed7009,175,1000.0,64,7009,0.5867,0.5668,0.5963,0.7123,0.6965,0.5668,0.7845,0.9181,211.6,Reach max iteration 50 | best_iter=20
qwen,sum,fb237_v2_ind_seed7001,175,1000.0,80,7001,0.6052,0.5991,0.6093,0.7268,0.7233,0.5991,0.8166,0.9211,236.1,Reach max iteration 50 | best_iter=22
qwen,sum,fb237_v2_ind_seed7005,175,1000.0,80,7005,0.5937,0.6008,0.6047,0.7185,0.7334,0.6008,0.8424,0.9286,244.1,Reach max iteration 50 | best_iter=12
qwen,sum,fb237_v2_ind_seed7009,175,1000.0,80,7009,0.591,0.5819,0.6085,0.7186,0.7079,0.5819,0.7909,0.9181,238.8,Reach max iteration 50 | best_iter=23
qwen,sum,fb237_v2_ind_seed7001,175,1000.0,96,7001,0.6182,0.6183,0.6223,0.7364,0.7341,0.6183,0.823,0.9275,246.4,Reach max iteration 50 | best_iter=12
qwen,sum,fb237_v2_ind_seed7005,175,1000.0,96,7005,0.5937,0.5987,0.611,0.72,0.7343,0.5987,0.8466,0.9328,242.8,Reach max iteration 50 | best_iter=18
qwen,sum,fb237_v2_ind_seed7009,175,1000.0,96,7009,0.606,0.5754,0.6181,0.7302,0.7064,0.5754,0.7974,0.9267,243.4,Reach max iteration 50 | best_iter=12
qwen,sum,fb237_v2_ind_seed7001,200,1.0,16,7001,0.6182,0.6269,0.9154,0.7606,0.7653,0.6269,0.8891,0.9638,412.1,Reach max iteration 50 | best_iter=46
qwen,sum,fb237_v2_ind_seed7005,200,1.0,16,7005,0.6463,0.6218,0.9128,0.7816,0.7616,0.6218,0.8845,0.9622,426.1,Reach max iteration 50 | best_iter=33
qwen,sum,fb237_v2_ind_seed7009,200,1.0,16,7009,0.606,0.5733,0.9147,0.7547,0.7396,0.5733,0.903,0.9504,417.8,Reach max iteration 50 | best_iter=50
qwen,sum,fb237_v2_ind_seed7001,200,1.0,32,7001,0.6269,0.629,0.9154,0.769,0.7704,0.629,0.8934,0.9765,416.3,Reach max iteration 50 | best_iter=35
qwen,sum,fb237_v2_ind_seed7005,200,1.0,32,7005,0.6505,0.6387,0.9128,0.7835,0.774,0.6387,0.8971,0.9664,419.2,Reach max iteration 50 | best_iter=49
qwen,sum,fb237_v2_ind_seed7009,200,1.0,32,7009,0.6081,0.5927,0.9147,0.7606,0.7538,0.5927,0.9116,0.9547,424.4,Reach max iteration 50 | best_iter=49
qwen,sum,fb237_v2_ind_seed7001,200,1.0,48,7001,0.6312,0.6311,0.9154,0.7711,0.7705,0.6311,0.8827,0.9723,426.2,Reach max iteration 50 | best_iter=47
qwen,sum,fb237_v2_ind_seed7005,200,1.0,48,7005,0.6505,0.6345,0.9128,0.784,0.7696,0.6345,0.8887,0.9664,423.2,Reach max iteration 50 | best_iter=50
qwen,sum,fb237_v2_ind_seed7009,200,1.0,48,7009,0.6317,0.6099,0.8721,0.7627,0.749,0.6099,0.8879,0.9547,419.9,Reach max iteration 50 | best_iter=3
qwen,sum,fb237_v2_ind_seed7001,200,1.0,64,7001,0.6204,0.629,0.9154,0.764,0.7688,0.629,0.8934,0.9744,431.4,Reach max iteration 50 | best_iter=42
qwen,sum,fb237_v2_ind_seed7005,200,1.0,64,7005,0.6484,0.6239,0.9128,0.7828,0.7577,0.6239,0.8739,0.958,424.0,Reach max iteration 50 | best_iter=48
qwen,sum,fb237_v2_ind_seed7009,200,1.0,64,7009,0.6124,0.5819,0.9147,0.7605,0.7435,0.5819,0.8922,0.9547,424.7,Reach max iteration 50 | best_iter=48
qwen,sum,fb237_v2_ind_seed7001,200,1.0,80,7001,0.6291,0.6418,0.9154,0.7711,0.777,0.6418,0.8977,0.968,417.8,Reach max iteration 50 | best_iter=43
qwen,sum,fb237_v2_ind_seed7005,200,1.0,80,7005,0.6484,0.6324,0.9128,0.7841,0.7688,0.6324,0.8971,0.958,426.2,Reach max iteration 50 | best_iter=49
qwen,sum,fb237_v2_ind_seed7009,200,1.0,80,7009,0.6081,0.5733,0.9147,0.7591,0.7378,0.5733,0.8966,0.9677,428.2,Reach max iteration 50 | best_iter=45
qwen,sum,fb237_v2_ind_seed7001,200,1.0,96,7001,0.6334,0.6482,0.8909,0.7748,0.7784,0.6482,0.9104,0.968,430.5,Reach max iteration 50 | best_iter=3
qwen,sum,fb237_v2_ind_seed7005,200,1.0,96,7005,0.6379,0.6113,0.9128,0.7781,0.7573,0.6113,0.895,0.9622,435.6,Reach max iteration 50 | best_iter=42
qwen,sum,fb237_v2_ind_seed7009,200,1.0,96,7009,0.636,0.6185,0.8592,0.772,0.7557,0.6185,0.8793,0.9591,431.8,Reach max iteration 50 | best_iter=2
qwen,sum,fb237_v2_ind_seed7001,200,5.0,16,7001,0.6226,0.6311,0.9154,0.7695,0.7687,0.6311,0.8977,0.9723,415.4,Reach max iteration 50 | best_iter=30
qwen,sum,fb237_v2_ind_seed7005,200,5.0,16,7005,0.6632,0.6429,0.9128,0.7918,0.7763,0.6429,0.8992,0.958,416.9,Reach max iteration 50 | best_iter=26
qwen,sum,fb237_v2_ind_seed7009,200,5.0,16,7009,0.606,0.5841,0.9147,0.7591,0.747,0.5841,0.903,0.9612,418.1,Reach max iteration 50 | best_iter=22
qwen,sum,fb237_v2_ind_seed7001,200,5.0,32,7001,0.6334,0.6269,0.9154,0.7728,0.7713,0.6269,0.8955,0.9723,408.8,Reach max iteration 50 | best_iter=29
qwen,sum,fb237_v2_ind_seed7005,200,5.0,32,7005,0.6653,0.6324,0.9128,0.7978,0.7718,0.6324,0.8971,0.9643,429.7,Reach max iteration 50 | best_iter=20
qwen,sum,fb237_v2_ind_seed7009,200,5.0,32,7009,0.6253,0.5841,0.9147,0.7711,0.7504,0.5841,0.9073,0.9634,410.3,Reach max iteration 50 | best_iter=40
qwen,sum,fb237_v2_ind_seed7001,200,5.0,48,7001,0.6486,0.629,0.9135,0.7819,0.7725,0.629,0.9062,0.9701,422.3,Reach max iteration 50 | best_iter=7
qwen,sum,fb237_v2_ind_seed7005,200,5.0,48,7005,0.6884,0.6513,0.9128,0.8076,0.7821,0.6513,0.8992,0.9643,426.3,Reach max iteration 50 | best_iter=18
qwen,sum,fb237_v2_ind_seed7009,200,5.0,48,7009,0.6274,0.6078,0.9147,0.7696,0.7573,0.6078,0.8944,0.9591,416.3,Reach max iteration 50 | best_iter=49
qwen,sum,fb237_v2_ind_seed7001,200,5.0,64,7001,0.6312,0.6418,0.9154,0.7734,0.7824,0.6418,0.9126,0.9701,425.9,Reach max iteration 50 | best_iter=36
qwen,sum,fb237_v2_ind_seed7005,200,5.0,64,7005,0.6611,0.6303,0.9123,0.7906,0.7654,0.6303,0.8782,0.9622,423.4,Reach max iteration 50 | best_iter=7
qwen,sum,fb237_v2_ind_seed7009,200,5.0,64,7009,0.6445,0.5819,0.9147,0.7813,0.7489,0.5819,0.9073,0.9612,421.8,Reach max iteration 50 | best_iter=27
qwen,sum,fb237_v2_ind_seed7001,200,5.0,80,7001,0.6443,0.6482,0.9154,0.7817,0.7858,0.6482,0.9232,0.9701,422.0,Reach max iteration 50 | best_iter=36
qwen,sum,fb237_v2_ind_seed7005,200,5.0,80,7005,0.6653,0.6408,0.9128,0.797,0.779,0.6408,0.9055,0.9685,429.9,Reach max iteration 50 | best_iter=31
qwen,sum,fb237_v2_ind_seed7009,200,5.0,80,7009,0.636,0.6034,0.9147,0.7794,0.7577,0.6034,0.9009,0.9677,419.5,Reach max iteration 50 | best_iter=46
qwen,sum,fb237_v2_ind_seed7001,200,5.0,96,7001,0.6421,0.6333,0.9154,0.7833,0.7766,0.6333,0.9062,0.9744,429.5,Reach max iteration 50 | best_iter=32
qwen,sum,fb237_v2_ind_seed7005,200,5.0,96,7005,0.6589,0.6366,0.9128,0.7931,0.7758,0.6366,0.8992,0.958,417.9,Reach max iteration 50 | best_iter=33
qwen,sum,fb237_v2_ind_seed7009,200,5.0,96,7009,0.636,0.6121,0.9147,0.7765,0.7644,0.6121,0.9009,0.9698,423.9,Reach max iteration 50 | best_iter=38
qwen,sum,fb237_v2_ind_seed7001,200,10.0,16,7001,0.6334,0.629,0.9154,0.7731,0.7702,0.629,0.8977,0.9701,418.3,Reach max iteration 50 | best_iter=32
qwen,sum,fb237_v2_ind_seed7005,200,10.0,16,7005,0.6589,0.6282,0.9128,0.7898,0.7698,0.6282,0.8866,0.9601,405.5,Reach max iteration 50 | best_iter=24
qwen,sum,fb237_v2_ind_seed7009,200,10.0,16,7009,0.6167,0.5905,0.9099,0.7626,0.7482,0.5905,0.8944,0.9547,412.9,Reach max iteration 50 | best_iter=6
qwen,sum,fb237_v2_ind_seed7001,200,10.0,32,7001,0.6399,0.6439,0.9145,0.7803,0.7818,0.6439,0.9104,0.9744,409.2,Reach max iteration 50 | best_iter=10
qwen,sum,fb237_v2_ind_seed7005,200,10.0,32,7005,0.6653,0.645,0.9126,0.798,0.7789,0.645,0.9034,0.9643,429.5,Reach max iteration 50 | best_iter=15
qwen,sum,fb237_v2_ind_seed7009,200,10.0,32,7009,0.6274,0.6034,0.9144,0.7736,0.7611,0.6034,0.9052,0.9655,420.8,Reach max iteration 50 | best_iter=16
qwen,sum,fb237_v2_ind_seed7001,200,10.0,48,7001,0.6312,0.629,0.9152,0.7762,0.7759,0.629,0.9126,0.9765,421.6,Reach max iteration 50 | best_iter=12
qwen,sum,fb237_v2_ind_seed7005,200,10.0,48,7005,0.6821,0.6513,0.9126,0.8061,0.783,0.6513,0.9034,0.9706,418.1,Reach max iteration 50 | best_iter=18
qwen,sum,fb237_v2_ind_seed7009,200,10.0,48,7009,0.6403,0.6185,0.9144,0.7802,0.7665,0.6185,0.9009,0.9612,399.9,Reach max iteration 50 | best_iter=24
qwen,sum,fb237_v2_ind_seed7001,200,10.0,64,7001,0.6312,0.6439,0.9154,0.7774,0.7831,0.6439,0.9104,0.9765,396.4,Reach max iteration 50 | best_iter=28
qwen,sum,fb237_v2_ind_seed7005,200,10.0,64,7005,0.6547,0.6366,0.9123,0.7898,0.7762,0.6366,0.9055,0.9685,423.6,Reach max iteration 50 | best_iter=9
qwen,sum,fb237_v2_ind_seed7009,200,10.0,64,7009,0.6424,0.6078,0.9144,0.7812,0.7607,0.6078,0.9052,0.9655,421.2,Reach max iteration 50 | best_iter=50
qwen,sum,fb237_v2_ind_seed7001,200,10.0,80,7001,0.6443,0.6482,0.9152,0.7826,0.7863,0.6482,0.919,0.9701,412.0,Reach max iteration 50 | best_iter=12
qwen,sum,fb237_v2_ind_seed7005,200,10.0,80,7005,0.6611,0.6534,0.9123,0.7972,0.7862,0.6534,0.9076,0.9706,425.2,Reach max iteration 50 | best_iter=19
qwen,sum,fb237_v2_ind_seed7009,200,10.0,80,7009,0.6338,0.6034,0.9144,0.777,0.7604,0.6034,0.9009,0.9741,421.6,Reach max iteration 50 | best_iter=20
qwen,sum,fb237_v2_ind_seed7001,200,10.0,96,7001,0.6443,0.6311,0.9149,0.7856,0.7763,0.6311,0.9019,0.9765,419.9,Reach max iteration 50 | best_iter=10
qwen,sum,fb237_v2_ind_seed7005,200,10.0,96,7005,0.6632,0.6408,0.9126,0.7989,0.7778,0.6408,0.9034,0.9601,433.0,Reach max iteration 50 | best_iter=27
qwen,sum,fb237_v2_ind_seed7009,200,10.0,96,7009,0.6296,0.6078,0.9142,0.7769,0.7657,0.6078,0.9095,0.9741,424.1,Reach max iteration 50 | best_iter=9
qwen,sum,fb237_v2_ind_seed7001,200,50.0,16,7001,0.6594,0.6503,0.9005,0.7907,0.7872,0.6503,0.9147,0.9765,386.2,Reach max iteration 50 | best_iter=50
qwen,sum,fb237_v2_ind_seed7005,200,50.0,16,7005,0.6842,0.6555,0.8689,0.8096,0.7934,0.6555,0.9265,0.9748,400.5,Reach max iteration 50 | best_iter=7
qwen,sum,fb237_v2_ind_seed7009,200,50.0,16,7009,0.6702,0.6509,0.8635,0.7985,0.7821,0.6509,0.8966,0.9569,398.3,Reach max iteration 50 | best_iter=7
qwen,sum,fb237_v2_ind_seed7001,200,50.0,32,7001,0.6725,0.6716,0.8731,0.7986,0.7991,0.6716,0.919,0.9765,405.6,Reach max iteration 50 | best_iter=7
qwen,sum,fb237_v2_ind_seed7005,200,50.0,32,7005,0.7053,0.6702,0.8819,0.8204,0.8016,0.6702,0.9202,0.979,408.1,Reach max iteration 50 | best_iter=11
qwen,sum,fb237_v2_ind_seed7009,200,50.0,32,7009,0.6488,0.6509,0.8796,0.789,0.7899,0.6509,0.9224,0.972,413.5,Reach max iteration 50 | best_iter=7
qwen,sum,fb237_v2_ind_seed7001,200,50.0,48,7001,0.679,0.6588,0.8844,0.804,0.7965,0.6588,0.9275,0.9787,418.6,Reach max iteration 50 | best_iter=6
qwen,sum,fb237_v2_ind_seed7005,200,50.0,48,7005,0.7053,0.6639,0.8819,0.82,0.7972,0.6639,0.9202,0.979,414.3,Reach max iteration 50 | best_iter=8
qwen,sum,fb237_v2_ind_seed7009,200,50.0,48,7009,0.666,0.6595,0.8748,0.7976,0.7933,0.6595,0.9116,0.9677,414.5,Reach max iteration 50 | best_iter=6
qwen,sum,fb237_v2_ind_seed7001,200,50.0,64,7001,0.6746,0.6503,0.8964,0.801,0.7898,0.6503,0.9211,0.9787,415.8,Reach max iteration 50 | best_iter=14
qwen,sum,fb237_v2_ind_seed7005,200,50.0,64,7005,0.7095,0.6744,0.8761,0.8231,0.8032,0.6744,0.9265,0.9727,424.5,Reach max iteration 50 | best_iter=8
qwen,sum,fb237_v2_ind_seed7009,200,50.0,64,7009,0.6767,0.6573,0.8851,0.8023,0.7898,0.6573,0.9052,0.972,404.1,Reach max iteration 50 | best_iter=12
qwen,sum,fb237_v2_ind_seed7001,200,50.0,80,7001,0.7007,0.6802,0.8606,0.8109,0.796,0.6802,0.8977,0.9765,398.6,Reach max iteration 50 | best_iter=6
qwen,sum,fb237_v2_ind_seed7005,200,50.0,80,7005,0.7032,0.6576,0.8889,0.8194,0.7963,0.6576,0.9328,0.9727,421.2,Reach max iteration 50 | best_iter=12
qwen,sum,fb237_v2_ind_seed7009,200,50.0,80,7009,0.6681,0.6767,0.8827,0.7988,0.8002,0.6767,0.9138,0.9763,408.2,Reach max iteration 50 | best_iter=9
qwen,sum,fb237_v2_ind_seed7001,200,50.0,96,7001,0.679,0.6567,0.8914,0.8046,0.7906,0.6567,0.9126,0.9808,415.8,Reach max iteration 50 | best_iter=12
qwen,sum,fb237_v2_ind_seed7005,200,50.0,96,7005,0.7011,0.6765,0.8896,0.8178,0.8028,0.6765,0.9244,0.9706,410.9,Reach max iteration 50 | best_iter=15
qwen,sum,fb237_v2_ind_seed7009,200,50.0,96,7009,0.6788,0.6466,0.8512,0.801,0.7878,0.6466,0.9246,0.9677,415.9,Reach max iteration 50 | best_iter=7
qwen,sum,fb237_v2_ind_seed7001,200,100.0,16,7001,0.6898,0.6866,0.8409,0.8094,0.8063,0.6866,0.9147,0.9829,392.7,Reach max iteration 50 | best_iter=25
qwen,sum,fb237_v2_ind_seed7005,200,100.0,16,7005,0.7011,0.6723,0.8368,0.8157,0.8007,0.6723,0.9139,0.9706,433.8,Reach max iteration 50 | best_iter=21
qwen,sum,fb237_v2_ind_seed7009,200,100.0,16,7009,0.6788,0.6573,0.8356,0.8038,0.786,0.6573,0.9052,0.9612,434.4,Reach max iteration 50 | best_iter=20
qwen,sum,fb237_v2_ind_seed7001,200,100.0,32,7001,0.6941,0.6844,0.84,0.8116,0.8066,0.6844,0.9147,0.9787,426.0,Reach max iteration 50 | best_iter=12
qwen,sum,fb237_v2_ind_seed7005,200,100.0,32,7005,0.7116,0.6723,0.8481,0.8243,0.8012,0.6723,0.9181,0.979,438.4,Reach max iteration 50 | best_iter=27
qwen,sum,fb237_v2_ind_seed7009,200,100.0,32,7009,0.6617,0.6681,0.827,0.7975,0.7959,0.6681,0.9181,0.9677,442.9,Reach max iteration 50 | best_iter=8
qwen,sum,fb237_v2_ind_seed7001,200,100.0,48,7001,0.6941,0.693,0.8469,0.8127,0.8104,0.693,0.9232,0.9787,443.0,Reach max iteration 50 | best_iter=14
qwen,sum,fb237_v2_ind_seed7005,200,100.0,48,7005,0.7137,0.6765,0.844,0.8237,0.8047,0.6765,0.9265,0.9769,436.0,Reach max iteration 50 | best_iter=12
qwen,sum,fb237_v2_ind_seed7009,200,100.0,48,7009,0.6809,0.6789,0.8277,0.8061,0.8018,0.6789,0.9224,0.9698,441.7,Reach max iteration 50 | best_iter=7
qwen,sum,fb237_v2_ind_seed7001,200,100.0,64,7001,0.6963,0.693,0.8566,0.8133,0.8112,0.693,0.9232,0.9808,427.1,Reach max iteration 50 | best_iter=49
qwen,sum,fb237_v2_ind_seed7005,200,100.0,64,7005,0.7074,0.6765,0.8573,0.8212,0.8039,0.6765,0.9265,0.9727,438.8,Reach max iteration 50 | best_iter=17
qwen,sum,fb237_v2_ind_seed7009,200,100.0,64,7009,0.6745,0.6853,0.8419,0.8038,0.8061,0.6853,0.9138,0.9784,429.7,Reach max iteration 50 | best_iter=9
qwen,sum,fb237_v2_ind_seed7001,200,100.0,80,7001,0.6985,0.6951,0.8345,0.815,0.8125,0.6951,0.9211,0.9787,441.6,Reach max iteration 50 | best_iter=10
qwen,sum,fb237_v2_ind_seed7005,200,100.0,80,7005,0.7179,0.7038,0.8411,0.8278,0.8205,0.7038,0.9244,0.979,438.7,Reach max iteration 50 | best_iter=10
qwen,sum,fb237_v2_ind_seed7009,200,100.0,80,7009,0.6831,0.6875,0.8291,0.8075,0.8071,0.6875,0.9181,0.9828,433.3,Reach max iteration 50 | best_iter=9
qwen,sum,fb237_v2_ind_seed7001,200,100.0,96,7001,0.7028,0.6823,0.857,0.8161,0.8069,0.6823,0.9275,0.9808,436.1,Reach max iteration 50 | best_iter=15
qwen,sum,fb237_v2_ind_seed7005,200,100.0,96,7005,0.7116,0.6828,0.8582,0.822,0.8074,0.6828,0.9202,0.9727,435.9,Reach max iteration 50 | best_iter=20
qwen,sum,fb237_v2_ind_seed7009,200,100.0,96,7009,0.6809,0.6897,0.8411,0.8051,0.8065,0.6897,0.9095,0.9698,442.8,Reach max iteration 50 | best_iter=10
qwen,sum,fb237_v2_ind_seed7001,200,500.0,16,7001,0.6161,0.6226,0.6326,0.7389,0.7409,0.6226,0.8401,0.9318,226.8,Reach max iteration 50 | best_iter=50
qwen,sum,fb237_v2_ind_seed7005,200,500.0,16,7005,0.6295,0.6197,0.6387,0.7512,0.7525,0.6197,0.8718,0.9433,222.2,Reach max iteration 50 | best_iter=42
qwen,sum,fb237_v2_ind_seed7009,200,500.0,16,7009,0.6167,0.5841,0.6325,0.7369,0.718,0.5841,0.819,0.9267,216.3,Reach max iteration 50 | best_iter=46
qwen,sum,fb237_v2_ind_seed7001,200,500.0,32,7001,0.6356,0.6418,0.6627,0.7614,0.7598,0.6418,0.8507,0.936,262.4,Reach max iteration 50 | best_iter=15
qwen,sum,fb237_v2_ind_seed7005,200,500.0,32,7005,0.6547,0.6471,0.6544,0.7707,0.7725,0.6471,0.8782,0.9538,288.8,Reach max iteration 50 | best_iter=42
qwen,sum,fb237_v2_ind_seed7009,200,500.0,32,7009,0.6467,0.597,0.6655,0.7644,0.7347,0.597,0.8491,0.9418,269.6,Reach max iteration 50 | best_iter=19
qwen,sum,fb237_v2_ind_seed7001,200,500.0,48,7001,0.6486,0.6503,0.6826,0.7723,0.767,0.6503,0.855,0.9424,285.4,Reach max iteration 50 | best_iter=14
qwen,sum,fb237_v2_ind_seed7005,200,500.0,48,7005,0.6505,0.6534,0.6766,0.7722,0.7788,0.6534,0.8887,0.9538,293.1,Reach max iteration 50 | best_iter=12
qwen,sum,fb237_v2_ind_seed7009,200,500.0,48,7009,0.6595,0.6078,0.6811,0.776,0.7449,0.6078,0.8599,0.9526,293.0,Reach max iteration 50 | best_iter=49
qwen,sum,fb237_v2_ind_seed7001,200,500.0,64,7001,0.6594,0.6588,0.6973,0.782,0.7729,0.6588,0.8635,0.9552,319.5,Reach max iteration 50 | best_iter=14
qwen,sum,fb237_v2_ind_seed7005,200,500.0,64,7005,0.6674,0.6597,0.6933,0.787,0.786,0.6597,0.9013,0.9622,316.1,Reach max iteration 50 | best_iter=10
qwen,sum,fb237_v2_ind_seed7009,200,500.0,64,7009,0.6788,0.6228,0.6931,0.7895,0.7547,0.6228,0.8621,0.9547,336.0,Reach max iteration 50 | best_iter=21
qwen,sum,fb237_v2_ind_seed7001,200,500.0,80,7001,0.6811,0.6631,0.7052,0.794,0.7773,0.6631,0.8614,0.9574,361.5,Reach max iteration 50 | best_iter=27
qwen,sum,fb237_v2_ind_seed7005,200,500.0,80,7005,0.6674,0.666,0.7003,0.787,0.7908,0.666,0.8992,0.9601,353.5,Reach max iteration 50 | best_iter=18
qwen,sum,fb237_v2_ind_seed7009,200,500.0,80,7009,0.6745,0.6401,0.7003,0.7885,0.7652,0.6401,0.8685,0.9569,361.6,Reach max iteration 50 | best_iter=24
qwen,sum,fb237_v2_ind_seed7001,200,500.0,96,7001,0.6746,0.6652,0.7119,0.792,0.7787,0.6652,0.8678,0.9659,387.4,Reach max iteration 50 | best_iter=13
qwen,sum,fb237_v2_ind_seed7005,200,500.0,96,7005,0.6695,0.6597,0.6977,0.7898,0.7876,0.6597,0.9055,0.9622,395.4,Reach max iteration 50 | best_iter=31
qwen,sum,fb237_v2_ind_seed7009,200,500.0,96,7009,0.666,0.6358,0.7034,0.7842,0.7644,0.6358,0.8685,0.9569,371.0,Reach max iteration 50 | best_iter=39
qwen,sum,fb237_v2_ind_seed7001,200,1000.0,16,7001,0.4902,0.5224,0.5058,0.6259,0.6441,0.5224,0.7186,0.8358,209.7,Reach max iteration 50 | best_iter=22
qwen,sum,fb237_v2_ind_seed7005,200,1000.0,16,7005,0.5137,0.5252,0.511,0.644,0.6549,0.5252,0.7458,0.8761,210.0,Reach max iteration 50 | best_iter=44
qwen,sum,fb237_v2_ind_seed7009,200,1000.0,16,7009,0.5139,0.5022,0.5138,0.6484,0.6321,0.5022,0.7155,0.8427,209.7,Reach max iteration 50 | best_iter=26
qwen,sum,fb237_v2_ind_seed7001,200,1000.0,32,7001,0.5575,0.5672,0.5654,0.6899,0.6906,0.5672,0.7783,0.9062,212.3,Reach max iteration 50 | best_iter=24
qwen,sum,fb237_v2_ind_seed7005,200,1000.0,32,7005,0.5558,0.5609,0.5665,0.6852,0.6993,0.5609,0.8046,0.9097,217.3,Reach max iteration 50 | best_iter=17
qwen,sum,fb237_v2_ind_seed7009,200,1000.0,32,7009,0.5653,0.5388,0.566,0.6882,0.6705,0.5388,0.7672,0.8922,213.7,Reach max iteration 50 | best_iter=29
qwen,sum,fb237_v2_ind_seed7001,200,1000.0,48,7001,0.564,0.5906,0.5853,0.6997,0.7068,0.5906,0.7825,0.9126,221.5,Reach max iteration 50 | best_iter=12
qwen,sum,fb237_v2_ind_seed7005,200,1000.0,48,7005,0.5558,0.563,0.5697,0.6852,0.7002,0.563,0.8067,0.9076,219.9,Reach max iteration 50 | best_iter=43
qwen,sum,fb237_v2_ind_seed7009,200,1000.0,48,7009,0.5824,0.5517,0.5814,0.7064,0.688,0.5517,0.7823,0.9116,222.3,Reach max iteration 50 | best_iter=32
qwen,sum,fb237_v2_ind_seed7001,200,1000.0,64,7001,0.5965,0.5928,0.5956,0.7207,0.7117,0.5928,0.7974,0.9126,230.0,Reach max iteration 50 | best_iter=13
qwen,sum,fb237_v2_ind_seed7005,200,1000.0,64,7005,0.5811,0.584,0.5945,0.7095,0.7234,0.584,0.8382,0.9202,220.2,Reach max iteration 50 | best_iter=9
qwen,sum,fb237_v2_ind_seed7009,200,1000.0,64,7009,0.5867,0.5582,0.5955,0.7132,0.6906,0.5582,0.7866,0.9138,259.6,Reach max iteration 50 | best_iter=11
qwen,sum,fb237_v2_ind_seed7001,200,1000.0,80,7001,0.6074,0.6077,0.61,0.7288,0.7256,0.6077,0.8145,0.9168,276.8,Reach max iteration 50 | best_iter=14
qwen,sum,fb237_v2_ind_seed7005,200,1000.0,80,7005,0.5832,0.6008,0.6015,0.7128,0.7335,0.6008,0.8403,0.9244,291.5,Reach max iteration 50 | best_iter=36
qwen,sum,fb237_v2_ind_seed7009,200,1000.0,80,7009,0.5953,0.5733,0.6039,0.7192,0.7035,0.5733,0.7953,0.9224,266.9,Reach max iteration 50 | best_iter=28
qwen,sum,fb237_v2_ind_seed7001,200,1000.0,96,7001,0.6074,0.6183,0.6148,0.7305,0.7319,0.6183,0.8166,0.9254,293.2,Reach max iteration 50 | best_iter=18
qwen,sum,fb237_v2_ind_seed7005,200,1000.0,96,7005,0.5958,0.6134,0.6107,0.7219,0.742,0.6134,0.8445,0.937,291.4,Reach max iteration 50 | best_iter=22
qwen,sum,fb237_v2_ind_seed7009,200,1000.0,96,7009,0.606,0.5797,0.6196,0.7307,0.709,0.5797,0.7888,0.9224,280.6,Reach max iteration 50 | best_iter=25
