model,aggregation,version,k,lambda,bias,seed,valid_acc,test_acc,train_acc,valid_mrr,test_mrr,hits_1,hits_3,hits_10,train_time,convergence
roberta,sum,fb237_v3_ind_seed7001,50,1.0,16,7001,0.6578,0.6522,0.8674,0.7747,0.7679,0.6522,0.8638,0.9542,243.3,Reach max iteration 50 | best_iter=2
roberta,sum,fb237_v3_ind_seed7005,50,1.0,16,7005,0.6357,0.6089,0.8375,0.7519,0.7291,0.6089,0.8211,0.9209,236.4,Reach max iteration 50 | best_iter=2
roberta,sum,fb237_v3_ind_seed7009,50,1.0,16,7009,0.6621,0.6601,0.8509,0.7638,0.7686,0.6601,0.8641,0.9378,238.9,Reach max iteration 50 | best_iter=2
roberta,sum,fb237_v3_ind_seed7001,50,1.0,32,7001,0.6647,0.6236,0.8427,0.7771,0.7521,0.6236,0.865,0.9508,234.9,Reach max iteration 50 | best_iter=2
roberta,sum,fb237_v3_ind_seed7005,50,1.0,32,7005,0.6426,0.6284,0.8136,0.7621,0.7451,0.6284,0.8417,0.9266,232.7,Reach max iteration 50 | best_iter=2
roberta,sum,fb237_v3_ind_seed7009,50,1.0,32,7009,0.646,0.6452,0.8524,0.756,0.7601,0.6452,0.8514,0.9412,235.6,Reach max iteration 50 | best_iter=2
roberta,sum,fb237_v3_ind_seed7001,50,1.0,48,7001,0.6717,0.6522,0.842,0.7784,0.7693,0.6522,0.8719,0.9542,237.9,Reach max iteration 50 | best_iter=2
roberta,sum,fb237_v3_ind_seed7005,50,1.0,48,7005,0.6598,0.6479,0.8635,0.7735,0.7582,0.6479,0.8475,0.9484,236.6,Reach max iteration 50 | best_iter=2
roberta,sum,fb237_v3_ind_seed7009,50,1.0,48,7009,0.6517,0.6567,0.8511,0.764,0.7688,0.6567,0.8583,0.9493,236.5,Reach max iteration 50 | best_iter=2
roberta,sum,fb237_v3_ind_seed7001,50,1.0,64,7001,0.659,0.6465,0.8604,0.7794,0.7703,0.6465,0.8799,0.9611,238.7,Reach max iteration 50 | best_iter=2
roberta,sum,fb237_v3_ind_seed7005,50,1.0,64,7005,0.646,0.6296,0.8562,0.7637,0.7458,0.6296,0.8417,0.9323,236.3,Reach max iteration 50 | best_iter=2
roberta,sum,fb237_v3_ind_seed7009,50,1.0,64,7009,0.6667,0.674,0.8553,0.7722,0.7841,0.674,0.8836,0.9539,235.9,Reach max iteration 50 | best_iter=2
roberta,sum,fb237_v3_ind_seed7001,50,1.0,80,7001,0.6775,0.651,0.8089,0.7859,0.7696,0.651,0.8638,0.9531,238.5,Reach max iteration 50 | best_iter=2
roberta,sum,fb237_v3_ind_seed7005,50,1.0,80,7005,0.6529,0.6399,0.8367,0.7693,0.7499,0.6399,0.8291,0.9278,236.9,Reach max iteration 50 | best_iter=2
roberta,sum,fb237_v3_ind_seed7009,50,1.0,80,7009,0.6713,0.6578,0.8236,0.7781,0.7742,0.6578,0.8721,0.9643,238.6,Reach max iteration 50 | best_iter=2
roberta,sum,fb237_v3_ind_seed7001,50,1.0,96,7001,0.6728,0.6602,0.8362,0.7819,0.7785,0.6602,0.881,0.9577,234.8,Reach max iteration 50 | best_iter=2
roberta,sum,fb237_v3_ind_seed7005,50,1.0,96,7005,0.6564,0.6548,0.8167,0.7688,0.7607,0.6548,0.8463,0.93,236.5,Reach max iteration 50 | best_iter=2
roberta,sum,fb237_v3_ind_seed7009,50,1.0,96,7009,0.6759,0.6705,0.8507,0.7818,0.7796,0.6705,0.8756,0.9539,235.1,Reach max iteration 50 | best_iter=3
roberta,sum,fb237_v3_ind_seed7001,50,5.0,16,7001,0.6751,0.6659,0.8555,0.7838,0.7766,0.6659,0.8673,0.9554,239.0,Reach max iteration 50 | best_iter=2
roberta,sum,fb237_v3_ind_seed7005,50,5.0,16,7005,0.6495,0.625,0.816,0.7598,0.7368,0.625,0.8245,0.922,232.7,Reach max iteration 50 | best_iter=2
roberta,sum,fb237_v3_ind_seed7009,50,5.0,16,7009,0.6805,0.6694,0.8481,0.7749,0.7782,0.6694,0.8767,0.9459,233.1,Reach max iteration 50 | best_iter=2
roberta,sum,fb237_v3_ind_seed7001,50,5.0,32,7001,0.6671,0.6327,0.8725,0.7814,0.7592,0.6327,0.8719,0.9542,231.1,Reach max iteration 50 | best_iter=3
roberta,sum,fb237_v3_ind_seed7005,50,5.0,32,7005,0.6495,0.6273,0.8343,0.7656,0.7428,0.6273,0.844,0.9266,231.8,Reach max iteration 50 | best_iter=2
roberta,sum,fb237_v3_ind_seed7009,50,5.0,32,7009,0.654,0.6475,0.8555,0.7638,0.7633,0.6475,0.8583,0.9424,233.2,Reach max iteration 50 | best_iter=2
roberta,sum,fb237_v3_ind_seed7001,50,5.0,48,7001,0.6809,0.6568,0.8432,0.7859,0.7747,0.6568,0.8822,0.9577,233.4,Reach max iteration 50 | best_iter=2
roberta,sum,fb237_v3_ind_seed7005,50,5.0,48,7005,0.6552,0.6479,0.8611,0.7743,0.7598,0.6479,0.8475,0.9484,233.5,Reach max iteration 50 | best_iter=2
roberta,sum,fb237_v3_ind_seed7009,50,5.0,48,7009,0.6517,0.6555,0.8469,0.7656,0.7694,0.6555,0.8606,0.9516,232.8,Reach max iteration 50 | best_iter=2
roberta,sum,fb237_v3_ind_seed7001,50,5.0,64,7001,0.6647,0.6499,0.8631,0.7801,0.7728,0.6499,0.881,0.9657,233.8,Reach max iteration 50 | best_iter=2
roberta,sum,fb237_v3_ind_seed7005,50,5.0,64,7005,0.6426,0.6411,0.8478,0.7665,0.7533,0.6411,0.8475,0.9415,231.6,Reach max iteration 50 | best_iter=2
roberta,sum,fb237_v3_ind_seed7009,50,5.0,64,7009,0.6736,0.6705,0.8532,0.7777,0.7837,0.6705,0.8836,0.9539,231.2,Reach max iteration 50 | best_iter=2
roberta,sum,fb237_v3_ind_seed7001,50,5.0,80,7001,0.6913,0.6625,0.8498,0.7945,0.7832,0.6625,0.8936,0.9622,229.7,Reach max iteration 50 | best_iter=3
roberta,sum,fb237_v3_ind_seed7005,50,5.0,80,7005,0.6712,0.6583,0.8347,0.7813,0.7653,0.6583,0.8452,0.9392,232.1,Reach max iteration 50 | best_iter=2
roberta,sum,fb237_v3_ind_seed7009,50,5.0,80,7009,0.6736,0.6659,0.8248,0.7805,0.7786,0.6659,0.8756,0.9654,235.0,Reach max iteration 50 | best_iter=2
roberta,sum,fb237_v3_ind_seed7001,50,5.0,96,7001,0.6751,0.6625,0.8377,0.7852,0.7817,0.6625,0.8879,0.96,230.0,Reach max iteration 50 | best_iter=2
roberta,sum,fb237_v3_ind_seed7005,50,5.0,96,7005,0.6644,0.6571,0.821,0.7745,0.7629,0.6571,0.8463,0.9358,228.5,Reach max iteration 50 | best_iter=2
roberta,sum,fb237_v3_ind_seed7009,50,5.0,96,7009,0.6851,0.674,0.8124,0.7838,0.7822,0.674,0.8756,0.9493,229.8,Reach max iteration 50 | best_iter=2
roberta,sum,fb237_v3_ind_seed7001,50,10.0,16,7001,0.6798,0.6693,0.8506,0.7876,0.7811,0.6693,0.8764,0.96,235.4,Reach max iteration 50 | best_iter=2
roberta,sum,fb237_v3_ind_seed7005,50,10.0,16,7005,0.6586,0.6433,0.8117,0.7679,0.7528,0.6433,0.836,0.9312,231.8,Reach max iteration 50 | best_iter=2
roberta,sum,fb237_v3_ind_seed7009,50,10.0,16,7009,0.6828,0.6624,0.8866,0.7849,0.7768,0.6624,0.879,0.9562,235.1,Reach max iteration 50 | best_iter=3
roberta,sum,fb237_v3_ind_seed7001,50,10.0,32,7001,0.674,0.6556,0.8352,0.785,0.7754,0.6556,0.8833,0.9657,232.9,Reach max iteration 50 | best_iter=2
roberta,sum,fb237_v3_ind_seed7005,50,10.0,32,7005,0.6655,0.6411,0.8379,0.7795,0.7541,0.6411,0.8555,0.9323,236.5,Reach max iteration 50 | best_iter=2
roberta,sum,fb237_v3_ind_seed7009,50,10.0,32,7009,0.6655,0.6486,0.8842,0.7729,0.7646,0.6486,0.8664,0.9551,233.4,Reach max iteration 50 | best_iter=3
roberta,sum,fb237_v3_ind_seed7001,50,10.0,48,7001,0.6821,0.6636,0.8377,0.7875,0.7811,0.6636,0.8867,0.9634,234.8,Reach max iteration 50 | best_iter=2
roberta,sum,fb237_v3_ind_seed7005,50,10.0,48,7005,0.6541,0.6571,0.8596,0.7757,0.7682,0.6571,0.8589,0.953,234.0,Reach max iteration 50 | best_iter=2
roberta,sum,fb237_v3_ind_seed7009,50,10.0,48,7009,0.6586,0.6486,0.8447,0.7704,0.7692,0.6486,0.871,0.9574,235.4,Reach max iteration 50 | best_iter=2
roberta,sum,fb237_v3_ind_seed7001,50,10.0,64,7001,0.6775,0.6602,0.8383,0.7901,0.781,0.6602,0.8867,0.9668,236.1,Reach max iteration 50 | best_iter=2
roberta,sum,fb237_v3_ind_seed7005,50,10.0,64,7005,0.6552,0.6456,0.8741,0.7754,0.7602,0.6456,0.8544,0.9438,233.8,Reach max iteration 50 | best_iter=3
roberta,sum,fb237_v3_ind_seed7009,50,10.0,64,7009,0.6782,0.6843,0.8509,0.7824,0.7918,0.6843,0.8825,0.9551,231.5,Reach max iteration 50 | best_iter=2
roberta,sum,fb237_v3_ind_seed7001,50,10.0,80,7001,0.6844,0.6533,0.8635,0.7913,0.7791,0.6533,0.8913,0.9622,231.1,Reach max iteration 50 | best_iter=3
roberta,sum,fb237_v3_ind_seed7005,50,10.0,80,7005,0.6712,0.6663,0.8316,0.7836,0.7714,0.6663,0.8509,0.9427,231.3,Reach max iteration 50 | best_iter=2
roberta,sum,fb237_v3_ind_seed7009,50,10.0,80,7009,0.6736,0.6809,0.865,0.7818,0.7907,0.6809,0.8825,0.9666,233.9,Reach max iteration 50 | best_iter=3
roberta,sum,fb237_v3_ind_seed7001,50,10.0,96,7001,0.6809,0.6705,0.836,0.7868,0.7858,0.6705,0.8833,0.9611,233.2,Reach max iteration 50 | best_iter=2
roberta,sum,fb237_v3_ind_seed7005,50,10.0,96,7005,0.6621,0.664,0.8281,0.7756,0.7731,0.664,0.8647,0.9438,231.2,Reach max iteration 50 | best_iter=2
roberta,sum,fb237_v3_ind_seed7009,50,10.0,96,7009,0.6862,0.6786,0.8389,0.7891,0.7886,0.6786,0.8779,0.9597,233.2,Reach max iteration 50 | best_iter=3
roberta,sum,fb237_v3_ind_seed7001,50,50.0,16,7001,0.7098,0.6854,0.8143,0.8102,0.7991,0.6854,0.9005,0.9691,235.2,Reach max iteration 50 | best_iter=2
roberta,sum,fb237_v3_ind_seed7005,50,50.0,16,7005,0.6884,0.6743,0.8412,0.8015,0.7837,0.6743,0.8761,0.9622,234.6,Reach max iteration 50 | best_iter=3
roberta,sum,fb237_v3_ind_seed7009,50,50.0,16,7009,0.7287,0.7051,0.8585,0.8196,0.8117,0.7051,0.9113,0.9631,234.9,Reach max iteration 50 | best_iter=4
roberta,sum,fb237_v3_ind_seed7001,50,50.0,32,7001,0.7064,0.6899,0.8367,0.8111,0.803,0.6899,0.9039,0.9783,232.6,Reach max iteration 50 | best_iter=3
roberta,sum,fb237_v3_ind_seed7005,50,50.0,32,7005,0.6884,0.6881,0.8623,0.803,0.7959,0.6881,0.8979,0.9656,234.5,Reach max iteration 50 | best_iter=4
roberta,sum,fb237_v3_ind_seed7009,50,50.0,32,7009,0.7092,0.6947,0.873,0.8081,0.8029,0.6947,0.8917,0.9735,233.9,Reach max iteration 50 | best_iter=6
roberta,sum,fb237_v3_ind_seed7001,50,50.0,48,7001,0.7029,0.6831,0.8788,0.8143,0.8025,0.6831,0.9096,0.9794,235.1,Reach max iteration 50 | best_iter=8
roberta,sum,fb237_v3_ind_seed7005,50,50.0,48,7005,0.6919,0.6835,0.8508,0.8046,0.7912,0.6835,0.8842,0.961,233.1,Reach max iteration 50 | best_iter=3
roberta,sum,fb237_v3_ind_seed7009,50,50.0,48,7009,0.7046,0.6855,0.8475,0.804,0.7978,0.6855,0.8952,0.9712,234.3,Reach max iteration 50 | best_iter=3
roberta,sum,fb237_v3_ind_seed7001,50,50.0,64,7001,0.7052,0.6991,0.8235,0.8094,0.8072,0.6991,0.8993,0.9771,234.8,Reach max iteration 50 | best_iter=2
roberta,sum,fb237_v3_ind_seed7005,50,50.0,64,7005,0.6907,0.6697,0.8934,0.8049,0.7844,0.6697,0.8796,0.9587,221.0,Reach max iteration 50 | best_iter=28
roberta,sum,fb237_v3_ind_seed7009,50,50.0,64,7009,0.7092,0.6912,0.8658,0.8093,0.8001,0.6912,0.8929,0.9724,222.8,Reach max iteration 50 | best_iter=4
roberta,sum,fb237_v3_ind_seed7001,50,50.0,80,7001,0.7006,0.6625,0.8955,0.8109,0.7897,0.6625,0.9108,0.9783,221.9,Reach max iteration 50 | best_iter=35
roberta,sum,fb237_v3_ind_seed7005,50,50.0,80,7005,0.685,0.68,0.8699,0.8008,0.7886,0.68,0.8807,0.9564,221.7,Reach max iteration 50 | best_iter=5
roberta,sum,fb237_v3_ind_seed7009,50,50.0,80,7009,0.7149,0.6924,0.8469,0.8112,0.801,0.6924,0.8998,0.9735,223.3,Reach max iteration 50 | best_iter=3
roberta,sum,fb237_v3_ind_seed7001,50,50.0,96,7001,0.7017,0.6682,0.8948,0.8125,0.7921,0.6682,0.9096,0.9783,221.6,Reach max iteration 50 | best_iter=35
roberta,sum,fb237_v3_ind_seed7005,50,50.0,96,7005,0.693,0.6789,0.888,0.8042,0.7883,0.6789,0.8796,0.9576,220.6,Reach max iteration 50 | best_iter=16
roberta,sum,fb237_v3_ind_seed7009,50,50.0,96,7009,0.7195,0.697,0.8338,0.8115,0.8023,0.697,0.8952,0.9666,220.6,Reach max iteration 50 | best_iter=3
roberta,sum,fb237_v3_ind_seed7001,50,100.0,16,7001,0.7179,0.6979,0.832,0.819,0.8083,0.6979,0.9062,0.9817,221.3,Reach max iteration 50 | best_iter=8
roberta,sum,fb237_v3_ind_seed7005,50,100.0,16,7005,0.7068,0.6812,0.8408,0.8137,0.7928,0.6812,0.8922,0.961,221.7,Reach max iteration 50 | best_iter=22
roberta,sum,fb237_v3_ind_seed7009,50,100.0,16,7009,0.7345,0.7143,0.7989,0.8211,0.8144,0.7143,0.9044,0.9654,221.5,Reach max iteration 50 | best_iter=3
roberta,sum,fb237_v3_ind_seed7001,50,100.0,32,7001,0.7225,0.6899,0.8227,0.8222,0.8069,0.6899,0.9085,0.9817,221.8,Reach max iteration 50 | best_iter=4
roberta,sum,fb237_v3_ind_seed7005,50,100.0,32,7005,0.7228,0.695,0.844,0.8229,0.8019,0.695,0.9002,0.9622,219.1,Reach max iteration 50 | best_iter=22
roberta,sum,fb237_v3_ind_seed7009,50,100.0,32,7009,0.7253,0.7131,0.8147,0.8177,0.8139,0.7131,0.8998,0.9677,220.0,Reach max iteration 50 | best_iter=4
roberta,sum,fb237_v3_ind_seed7001,50,100.0,48,7001,0.7225,0.6991,0.824,0.8225,0.8092,0.6991,0.9108,0.9771,224.2,Reach max iteration 50 | best_iter=4
roberta,sum,fb237_v3_ind_seed7005,50,100.0,48,7005,0.7113,0.6835,0.8482,0.8178,0.796,0.6835,0.8956,0.9679,220.8,Reach max iteration 50 | best_iter=24
roberta,sum,fb237_v3_ind_seed7009,50,100.0,48,7009,0.7184,0.7028,0.8485,0.8135,0.8101,0.7028,0.9032,0.9724,220.3,Reach max iteration 50 | best_iter=47
roberta,sum,fb237_v3_ind_seed7001,50,100.0,64,7001,0.7249,0.6831,0.8297,0.8258,0.8006,0.6831,0.9062,0.9783,223.2,Reach max iteration 50 | best_iter=4
roberta,sum,fb237_v3_ind_seed7005,50,100.0,64,7005,0.7228,0.6869,0.8516,0.8228,0.7955,0.6869,0.8933,0.9667,222.5,Reach max iteration 50 | best_iter=16
roberta,sum,fb237_v3_ind_seed7009,50,100.0,64,7009,0.7218,0.712,0.8484,0.8138,0.8147,0.712,0.9009,0.9712,222.3,Reach max iteration 50 | best_iter=19
roberta,sum,fb237_v3_ind_seed7001,50,100.0,80,7001,0.7202,0.6865,0.855,0.8242,0.8069,0.6865,0.9153,0.9805,222.1,Reach max iteration 50 | best_iter=18
roberta,sum,fb237_v3_ind_seed7005,50,100.0,80,7005,0.7228,0.6892,0.8555,0.823,0.7966,0.6892,0.8899,0.9633,224.7,Reach max iteration 50 | best_iter=36
roberta,sum,fb237_v3_ind_seed7009,50,100.0,80,7009,0.7149,0.7085,0.8559,0.814,0.813,0.7085,0.8963,0.9804,222.2,Reach max iteration 50 | best_iter=42
roberta,sum,fb237_v3_ind_seed7001,50,100.0,96,7001,0.7168,0.6899,0.8506,0.8221,0.8071,0.6899,0.9165,0.9817,222.3,Reach max iteration 50 | best_iter=12
roberta,sum,fb237_v3_ind_seed7005,50,100.0,96,7005,0.7216,0.6846,0.8543,0.8246,0.7966,0.6846,0.8945,0.9679,220.9,Reach max iteration 50 | best_iter=15
roberta,sum,fb237_v3_ind_seed7009,50,100.0,96,7009,0.7253,0.7074,0.8202,0.816,0.8112,0.7074,0.9067,0.9689,223.6,Reach max iteration 50 | best_iter=4
roberta,sum,fb237_v3_ind_seed7001,50,500.0,16,7001,0.7052,0.6636,0.7034,0.797,0.7704,0.6636,0.8513,0.9451,124.8,Reach max iteration 50 | best_iter=8
roberta,sum,fb237_v3_ind_seed7005,50,500.0,16,7005,0.6724,0.6674,0.7059,0.7741,0.77,0.6674,0.8463,0.945,120.3,Reach max iteration 50 | best_iter=31
roberta,sum,fb237_v3_ind_seed7009,50,500.0,16,7009,0.677,0.6751,0.704,0.7714,0.7761,0.6751,0.8525,0.9401,120.2,Reach max iteration 50 | best_iter=34
roberta,sum,fb237_v3_ind_seed7001,50,500.0,32,7001,0.7075,0.6831,0.7242,0.8035,0.7853,0.6831,0.8638,0.9554,144.3,Reach max iteration 50 | best_iter=7
roberta,sum,fb237_v3_ind_seed7005,50,500.0,32,7005,0.6896,0.6846,0.7267,0.791,0.7838,0.6846,0.8589,0.945,145.2,Reach max iteration 50 | best_iter=10
roberta,sum,fb237_v3_ind_seed7009,50,500.0,32,7009,0.6908,0.6901,0.726,0.7865,0.7896,0.6901,0.8698,0.9528,144.8,Reach max iteration 50 | best_iter=31
roberta,sum,fb237_v3_ind_seed7001,50,500.0,48,7001,0.7098,0.6796,0.7301,0.8061,0.7884,0.6796,0.8776,0.9622,165.5,Reach max iteration 50 | best_iter=7
roberta,sum,fb237_v3_ind_seed7005,50,500.0,48,7005,0.6884,0.695,0.7335,0.7928,0.7909,0.695,0.8624,0.9507,162.7,Reach max iteration 50 | best_iter=8
roberta,sum,fb237_v3_ind_seed7009,50,500.0,48,7009,0.7011,0.6935,0.7321,0.7924,0.7936,0.6935,0.8675,0.9574,165.7,Reach max iteration 50 | best_iter=32
roberta,sum,fb237_v3_ind_seed7001,50,500.0,64,7001,0.7121,0.6842,0.7382,0.8093,0.7946,0.6842,0.8833,0.9645,191.0,Reach max iteration 50 | best_iter=11
roberta,sum,fb237_v3_ind_seed7005,50,500.0,64,7005,0.6919,0.6972,0.7407,0.7961,0.7936,0.6972,0.8716,0.953,194.8,Reach max iteration 50 | best_iter=10
roberta,sum,fb237_v3_ind_seed7009,50,500.0,64,7009,0.7034,0.6935,0.7382,0.7966,0.795,0.6935,0.8721,0.9585,191.8,Reach max iteration 50 | best_iter=32
roberta,sum,fb237_v3_ind_seed7001,50,500.0,80,7001,0.7133,0.6854,0.747,0.8121,0.7965,0.6854,0.8856,0.9657,205.9,Reach max iteration 50 | best_iter=9
roberta,sum,fb237_v3_ind_seed7005,50,500.0,80,7005,0.693,0.695,0.7434,0.7981,0.7925,0.695,0.8739,0.9576,217.2,Reach max iteration 50 | best_iter=22
roberta,sum,fb237_v3_ind_seed7009,50,500.0,80,7009,0.7138,0.697,0.7502,0.802,0.7991,0.697,0.8802,0.9643,204.4,Reach max iteration 50 | best_iter=12
roberta,sum,fb237_v3_ind_seed7001,50,500.0,96,7001,0.7179,0.6865,0.7495,0.8138,0.7971,0.6865,0.889,0.9645,220.1,Reach max iteration 50 | best_iter=10
roberta,sum,fb237_v3_ind_seed7005,50,500.0,96,7005,0.6976,0.6984,0.7482,0.8024,0.7968,0.6984,0.8807,0.9599,220.3,Reach max iteration 50 | best_iter=15
roberta,sum,fb237_v3_ind_seed7009,50,500.0,96,7009,0.7161,0.7016,0.7527,0.8034,0.8005,0.7016,0.8779,0.962,216.8,Reach max iteration 50 | best_iter=18
roberta,sum,fb237_v3_ind_seed7001,50,1000.0,16,7001,0.6254,0.595,0.6179,0.7335,0.7047,0.595,0.7746,0.8879,112.3,Reach max iteration 50 | best_iter=10
roberta,sum,fb237_v3_ind_seed7005,50,1000.0,16,7005,0.6002,0.5998,0.6245,0.7063,0.7061,0.5998,0.7718,0.9025,110.4,Reach max iteration 50 | best_iter=14
roberta,sum,fb237_v3_ind_seed7009,50,1000.0,16,7009,0.5897,0.6037,0.6129,0.6986,0.7139,0.6037,0.7834,0.8975,110.1,Reach max iteration 50 | best_iter=47
roberta,sum,fb237_v3_ind_seed7001,50,1000.0,32,7001,0.6543,0.6224,0.6395,0.7556,0.7272,0.6224,0.7952,0.9096,117.2,Reach max iteration 50 | best_iter=8
roberta,sum,fb237_v3_ind_seed7005,50,1000.0,32,7005,0.6174,0.6193,0.6502,0.7257,0.7257,0.6193,0.8039,0.9083,113.8,Reach max iteration 50 | best_iter=7
roberta,sum,fb237_v3_ind_seed7009,50,1000.0,32,7009,0.6161,0.6256,0.6354,0.725,0.7355,0.6256,0.8134,0.9124,113.1,Reach max iteration 50 | best_iter=48
roberta,sum,fb237_v3_ind_seed7001,50,1000.0,48,7001,0.6705,0.6373,0.6595,0.7704,0.7419,0.6373,0.8192,0.9199,127.8,Reach max iteration 50 | best_iter=11
roberta,sum,fb237_v3_ind_seed7005,50,1000.0,48,7005,0.6231,0.6307,0.6592,0.7351,0.7401,0.6307,0.8234,0.9174,132.6,Reach max iteration 50 | best_iter=20
roberta,sum,fb237_v3_ind_seed7009,50,1000.0,48,7009,0.6276,0.6509,0.6585,0.7358,0.7545,0.6509,0.8283,0.924,130.8,Reach max iteration 50 | best_iter=49
roberta,sum,fb237_v3_ind_seed7001,50,1000.0,64,7001,0.6786,0.6442,0.6749,0.7777,0.7499,0.6442,0.833,0.9199,143.9,Reach max iteration 50 | best_iter=6
roberta,sum,fb237_v3_ind_seed7005,50,1000.0,64,7005,0.646,0.6468,0.6757,0.7515,0.7516,0.6468,0.8314,0.93,145.6,Reach max iteration 50 | best_iter=9
roberta,sum,fb237_v3_ind_seed7009,50,1000.0,64,7009,0.646,0.6601,0.6756,0.75,0.7639,0.6601,0.8399,0.9286,147.7,Reach max iteration 50 | best_iter=12
roberta,sum,fb237_v3_ind_seed7001,50,1000.0,80,7001,0.6809,0.6545,0.6832,0.7827,0.7593,0.6545,0.8387,0.9314,149.1,Reach max iteration 50 | best_iter=17
roberta,sum,fb237_v3_ind_seed7005,50,1000.0,80,7005,0.6621,0.6433,0.689,0.7651,0.7533,0.6433,0.8326,0.93,159.4,Reach max iteration 50 | best_iter=12
roberta,sum,fb237_v3_ind_seed7009,50,1000.0,80,7009,0.6494,0.6624,0.68,0.7531,0.7666,0.6624,0.8468,0.9297,162.9,Reach max iteration 50 | best_iter=10
roberta,sum,fb237_v3_ind_seed7001,50,1000.0,96,7001,0.6821,0.6568,0.6919,0.7829,0.7639,0.6568,0.8467,0.9371,166.9,Reach max iteration 50 | best_iter=35
roberta,sum,fb237_v3_ind_seed7005,50,1000.0,96,7005,0.6632,0.656,0.6909,0.7669,0.7619,0.656,0.8406,0.9392,165.5,Reach max iteration 50 | best_iter=12
roberta,sum,fb237_v3_ind_seed7009,50,1000.0,96,7009,0.6598,0.6774,0.6879,0.7612,0.7775,0.6774,0.8537,0.9366,166.2,Reach max iteration 50 | best_iter=25
roberta,sum,fb237_v3_ind_seed7001,75,1.0,16,7001,0.6462,0.6384,0.8598,0.7597,0.7537,0.6384,0.8535,0.9359,294.9,Reach max iteration 50 | best_iter=2
roberta,sum,fb237_v3_ind_seed7005,75,1.0,16,7005,0.6208,0.6044,0.8912,0.745,0.7297,0.6044,0.8349,0.9266,296.0,Reach max iteration 50 | best_iter=2
roberta,sum,fb237_v3_ind_seed7009,75,1.0,16,7009,0.646,0.6417,0.8753,0.7521,0.7574,0.6417,0.8594,0.9343,295.8,Reach max iteration 50 | best_iter=2
roberta,sum,fb237_v3_ind_seed7001,75,1.0,32,7001,0.6543,0.619,0.8823,0.771,0.7514,0.619,0.8707,0.9497,301.2,Reach max iteration 50 | best_iter=2
roberta,sum,fb237_v3_ind_seed7005,75,1.0,32,7005,0.6163,0.6204,0.8887,0.745,0.7375,0.6204,0.8268,0.9312,299.2,Reach max iteration 50 | best_iter=2
roberta,sum,fb237_v3_ind_seed7009,75,1.0,32,7009,0.654,0.621,0.9272,0.7649,0.7468,0.621,0.8571,0.9412,290.4,Reach max iteration 50 | best_iter=50
roberta,sum,fb237_v3_ind_seed7001,75,1.0,48,7001,0.6613,0.6201,0.8797,0.7727,0.754,0.6201,0.8833,0.9542,300.1,Reach max iteration 50 | best_iter=2
roberta,sum,fb237_v3_ind_seed7005,75,1.0,48,7005,0.6369,0.633,0.8508,0.7588,0.7447,0.633,0.8314,0.9346,298.9,Reach max iteration 50 | best_iter=2
roberta,sum,fb237_v3_ind_seed7009,75,1.0,48,7009,0.6448,0.6417,0.8804,0.7608,0.7583,0.6417,0.8548,0.9505,300.4,Reach max iteration 50 | best_iter=2
roberta,sum,fb237_v3_ind_seed7001,75,1.0,64,7001,0.6694,0.635,0.8131,0.785,0.7667,0.635,0.8856,0.9634,296.8,Reach max iteration 50 | best_iter=2
roberta,sum,fb237_v3_ind_seed7005,75,1.0,64,7005,0.6426,0.6468,0.859,0.7641,0.7584,0.6468,0.8463,0.9369,299.1,Reach max iteration 50 | best_iter=2
roberta,sum,fb237_v3_ind_seed7009,75,1.0,64,7009,0.6667,0.6682,0.8724,0.7761,0.7788,0.6682,0.8733,0.9585,295.0,Reach max iteration 50 | best_iter=2
roberta,sum,fb237_v3_ind_seed7001,75,1.0,80,7001,0.6705,0.6533,0.8543,0.7815,0.7748,0.6533,0.8799,0.96,300.8,Reach max iteration 50 | best_iter=2
roberta,sum,fb237_v3_ind_seed7005,75,1.0,80,7005,0.6678,0.6376,0.8304,0.7814,0.7583,0.6376,0.8612,0.9484,300.0,Reach max iteration 50 | best_iter=2
roberta,sum,fb237_v3_ind_seed7009,75,1.0,80,7009,0.6724,0.6613,0.8946,0.78,0.7765,0.6613,0.8756,0.9654,301.4,Reach max iteration 50 | best_iter=3
roberta,sum,fb237_v3_ind_seed7001,75,1.0,96,7001,0.6555,0.6568,0.8479,0.7726,0.7776,0.6568,0.8822,0.9588,213.2,Reach max iteration 50 | best_iter=2
roberta,sum,fb237_v3_ind_seed7005,75,1.0,96,7005,0.6392,0.6365,0.8954,0.7637,0.7527,0.6365,0.8429,0.9461,298.0,Reach max iteration 50 | best_iter=3
roberta,sum,fb237_v3_ind_seed7009,75,1.0,96,7009,0.6632,0.6694,0.8627,0.774,0.7798,0.6694,0.871,0.9539,290.8,Reach max iteration 50 | best_iter=3
roberta,sum,fb237_v3_ind_seed7001,75,5.0,16,7001,0.6682,0.6373,0.8747,0.7789,0.7637,0.6373,0.8764,0.9542,294.9,Reach max iteration 50 | best_iter=2
roberta,sum,fb237_v3_ind_seed7005,75,5.0,16,7005,0.6472,0.6273,0.8839,0.7638,0.7479,0.6273,0.8463,0.9369,299.8,Reach max iteration 50 | best_iter=2
roberta,sum,fb237_v3_ind_seed7009,75,5.0,16,7009,0.6632,0.6567,0.9267,0.7735,0.7695,0.6567,0.8641,0.9551,299.5,Reach max iteration 50 | best_iter=35
roberta,sum,fb237_v3_ind_seed7001,75,5.0,32,7001,0.6636,0.6339,0.8381,0.7777,0.7629,0.6339,0.8799,0.9542,300.2,Reach max iteration 50 | best_iter=2
roberta,sum,fb237_v3_ind_seed7005,75,5.0,32,7005,0.638,0.6273,0.9291,0.7646,0.7524,0.6273,0.8612,0.9415,301.7,Reach max iteration 50 | best_iter=45
roberta,sum,fb237_v3_ind_seed7009,75,5.0,32,7009,0.6632,0.6463,0.9267,0.7743,0.768,0.6463,0.8744,0.9528,291.0,Reach max iteration 50 | best_iter=47
roberta,sum,fb237_v3_ind_seed7001,75,5.0,48,7001,0.6671,0.6339,0.8743,0.7778,0.7629,0.6339,0.8833,0.9611,302.6,Reach max iteration 50 | best_iter=2
roberta,sum,fb237_v3_ind_seed7005,75,5.0,48,7005,0.6678,0.6422,0.85,0.7873,0.762,0.6422,0.8681,0.9495,297.8,Reach max iteration 50 | best_iter=2
roberta,sum,fb237_v3_ind_seed7009,75,5.0,48,7009,0.6598,0.659,0.9269,0.7743,0.7736,0.659,0.8687,0.962,301.5,Reach max iteration 50 | best_iter=46
roberta,sum,fb237_v3_ind_seed7001,75,5.0,64,7001,0.659,0.6499,0.8317,0.7776,0.7678,0.6499,0.8673,0.9508,299.0,Reach max iteration 50 | best_iter=2
roberta,sum,fb237_v3_ind_seed7005,75,5.0,64,7005,0.6655,0.664,0.854,0.7783,0.7698,0.664,0.8521,0.9427,288.8,Reach max iteration 50 | best_iter=2
roberta,sum,fb237_v3_ind_seed7009,75,5.0,64,7009,0.669,0.6486,0.8838,0.7774,0.7701,0.6486,0.8756,0.9574,299.0,Reach max iteration 50 | best_iter=2
roberta,sum,fb237_v3_ind_seed7001,75,5.0,80,7001,0.6786,0.667,0.8198,0.7843,0.7768,0.667,0.8616,0.9565,298.0,Reach max iteration 50 | best_iter=2
roberta,sum,fb237_v3_ind_seed7005,75,5.0,80,7005,0.6621,0.6342,0.8704,0.7756,0.7533,0.6342,0.8544,0.9427,297.8,Reach max iteration 50 | best_iter=3
roberta,sum,fb237_v3_ind_seed7009,75,5.0,80,7009,0.6816,0.6567,0.8554,0.7852,0.7755,0.6567,0.8756,0.9643,297.7,Reach max iteration 50 | best_iter=2
roberta,sum,fb237_v3_ind_seed7001,75,5.0,96,7001,0.6694,0.6613,0.8396,0.7847,0.7819,0.6613,0.8879,0.9634,213.2,Reach max iteration 50 | best_iter=2
roberta,sum,fb237_v3_ind_seed7005,75,5.0,96,7005,0.6655,0.6537,0.8539,0.7821,0.7628,0.6537,0.8463,0.9438,295.6,Reach max iteration 50 | best_iter=2
roberta,sum,fb237_v3_ind_seed7009,75,5.0,96,7009,0.669,0.6717,0.8531,0.7767,0.7797,0.6717,0.8756,0.9528,292.4,Reach max iteration 50 | best_iter=3
roberta,sum,fb237_v3_ind_seed7001,75,10.0,16,7001,0.6682,0.6522,0.8732,0.7801,0.7732,0.6522,0.8822,0.9634,301.2,Reach max iteration 50 | best_iter=2
roberta,sum,fb237_v3_ind_seed7005,75,10.0,16,7005,0.6541,0.6433,0.9288,0.7743,0.7636,0.6433,0.8647,0.9427,299.9,Reach max iteration 50 | best_iter=46
roberta,sum,fb237_v3_ind_seed7009,75,10.0,16,7009,0.6736,0.6509,0.9265,0.7816,0.7694,0.6509,0.871,0.9597,296.1,Reach max iteration 50 | best_iter=23
roberta,sum,fb237_v3_ind_seed7001,75,10.0,32,7001,0.6601,0.6304,0.9073,0.7811,0.763,0.6304,0.881,0.9622,299.6,Reach max iteration 50 | best_iter=3
roberta,sum,fb237_v3_ind_seed7005,75,10.0,32,7005,0.6472,0.6422,0.9288,0.7737,0.7644,0.6422,0.8635,0.9461,297.5,Reach max iteration 50 | best_iter=50
roberta,sum,fb237_v3_ind_seed7009,75,10.0,32,7009,0.669,0.6636,0.9104,0.7827,0.7744,0.6636,0.8675,0.9551,292.9,Reach max iteration 50 | best_iter=6
roberta,sum,fb237_v3_ind_seed7001,75,10.0,48,7001,0.6705,0.6396,0.8701,0.7838,0.7685,0.6396,0.8833,0.9668,301.1,Reach max iteration 50 | best_iter=2
roberta,sum,fb237_v3_ind_seed7005,75,10.0,48,7005,0.6609,0.6456,0.8676,0.7825,0.7608,0.6456,0.8589,0.9484,297.6,Reach max iteration 50 | best_iter=2
roberta,sum,fb237_v3_ind_seed7009,75,10.0,48,7009,0.6529,0.6371,0.9266,0.7729,0.7637,0.6371,0.8744,0.9574,300.7,Reach max iteration 50 | best_iter=49
roberta,sum,fb237_v3_ind_seed7001,75,10.0,64,7001,0.6694,0.6522,0.8469,0.7858,0.7735,0.6522,0.8764,0.9531,296.0,Reach max iteration 50 | best_iter=3
roberta,sum,fb237_v3_ind_seed7005,75,10.0,64,7005,0.6506,0.6411,0.9284,0.775,0.7622,0.6411,0.8635,0.9381,294.4,Reach max iteration 50 | best_iter=50
roberta,sum,fb237_v3_ind_seed7009,75,10.0,64,7009,0.6759,0.6763,0.8593,0.7843,0.7864,0.6763,0.879,0.9597,302.4,Reach max iteration 50 | best_iter=2
roberta,sum,fb237_v3_ind_seed7001,75,10.0,80,7001,0.6728,0.6613,0.8777,0.7847,0.7803,0.6613,0.8879,0.9622,300.5,Reach max iteration 50 | best_iter=3
roberta,sum,fb237_v3_ind_seed7005,75,10.0,80,7005,0.6506,0.6353,0.929,0.7758,0.7602,0.6353,0.8658,0.9461,304.0,Reach max iteration 50 | best_iter=49
roberta,sum,fb237_v3_ind_seed7009,75,10.0,80,7009,0.6885,0.6636,0.8504,0.7889,0.7788,0.6636,0.879,0.9631,301.1,Reach max iteration 50 | best_iter=2
roberta,sum,fb237_v3_ind_seed7001,75,10.0,96,7001,0.6717,0.6476,0.8537,0.7878,0.7756,0.6476,0.8947,0.9668,290.3,Reach max iteration 50 | best_iter=3
roberta,sum,fb237_v3_ind_seed7005,75,10.0,96,7005,0.669,0.6606,0.8512,0.7858,0.7678,0.6606,0.8498,0.9484,302.6,Reach max iteration 50 | best_iter=2
roberta,sum,fb237_v3_ind_seed7009,75,10.0,96,7009,0.6747,0.6659,0.9086,0.789,0.7793,0.6659,0.8882,0.9574,293.1,Reach max iteration 50 | best_iter=5
roberta,sum,fb237_v3_ind_seed7001,75,50.0,16,7001,0.7098,0.6888,0.866,0.8146,0.8043,0.6888,0.9016,0.9794,298.7,Reach max iteration 50 | best_iter=4
roberta,sum,fb237_v3_ind_seed7005,75,50.0,16,7005,0.6987,0.68,0.8862,0.8085,0.7898,0.68,0.8865,0.961,301.6,Reach max iteration 50 | best_iter=7
roberta,sum,fb237_v3_ind_seed7009,75,50.0,16,7009,0.6966,0.6901,0.8666,0.803,0.8021,0.6901,0.9021,0.9654,296.0,Reach max iteration 50 | best_iter=4
roberta,sum,fb237_v3_ind_seed7001,75,50.0,32,7001,0.704,0.6854,0.8577,0.8128,0.8042,0.6854,0.9142,0.9828,299.2,Reach max iteration 50 | best_iter=3
roberta,sum,fb237_v3_ind_seed7005,75,50.0,32,7005,0.6907,0.6858,0.8862,0.8059,0.7938,0.6858,0.8888,0.9564,299.1,Reach max iteration 50 | best_iter=6
roberta,sum,fb237_v3_ind_seed7009,75,50.0,32,7009,0.7057,0.697,0.8593,0.8082,0.8054,0.697,0.9078,0.97,302.4,Reach max iteration 50 | best_iter=3
roberta,sum,fb237_v3_ind_seed7001,75,50.0,48,7001,0.7017,0.6705,0.8881,0.8129,0.7964,0.6705,0.9165,0.9805,302.5,Reach max iteration 50 | best_iter=8
roberta,sum,fb237_v3_ind_seed7005,75,50.0,48,7005,0.6953,0.695,0.8651,0.8084,0.7956,0.695,0.8773,0.9587,298.8,Reach max iteration 50 | best_iter=3
roberta,sum,fb237_v3_ind_seed7009,75,50.0,48,7009,0.6989,0.6889,0.8924,0.8061,0.7996,0.6889,0.9009,0.9712,298.9,Reach max iteration 50 | best_iter=11
roberta,sum,fb237_v3_ind_seed7001,75,50.0,64,7001,0.7017,0.6842,0.87,0.8138,0.8013,0.6842,0.9108,0.9805,299.3,Reach max iteration 50 | best_iter=4
roberta,sum,fb237_v3_ind_seed7005,75,50.0,64,7005,0.6976,0.6789,0.8945,0.81,0.7909,0.6789,0.8956,0.9622,300.2,Reach max iteration 50 | best_iter=21
roberta,sum,fb237_v3_ind_seed7009,75,50.0,64,7009,0.708,0.6912,0.8805,0.8081,0.8037,0.6912,0.9044,0.97,299.5,Reach max iteration 50 | best_iter=6
roberta,sum,fb237_v3_ind_seed7001,75,50.0,80,7001,0.7098,0.6751,0.869,0.8153,0.7954,0.6751,0.905,0.9794,302.4,Reach max iteration 50 | best_iter=4
roberta,sum,fb237_v3_ind_seed7005,75,50.0,80,7005,0.6964,0.6697,0.8866,0.8088,0.7858,0.6697,0.8876,0.9599,298.9,Reach max iteration 50 | best_iter=8
roberta,sum,fb237_v3_ind_seed7009,75,50.0,80,7009,0.7034,0.6912,0.8882,0.8057,0.8035,0.6912,0.9021,0.9689,301.3,Reach max iteration 50 | best_iter=9
roberta,sum,fb237_v3_ind_seed7001,75,50.0,96,7001,0.7029,0.6739,0.8944,0.8116,0.7986,0.6739,0.9176,0.9817,301.0,Reach max iteration 50 | best_iter=20
roberta,sum,fb237_v3_ind_seed7005,75,50.0,96,7005,0.701,0.6709,0.8659,0.81,0.7878,0.6709,0.8933,0.9633,299.0,Reach max iteration 50 | best_iter=4
roberta,sum,fb237_v3_ind_seed7009,75,50.0,96,7009,0.7126,0.697,0.8407,0.8112,0.8041,0.697,0.8963,0.9689,298.5,Reach max iteration 50 | best_iter=3
roberta,sum,fb237_v3_ind_seed7001,75,100.0,16,7001,0.7168,0.6911,0.8283,0.8186,0.8084,0.6911,0.9176,0.9794,298.6,Reach max iteration 50 | best_iter=5
roberta,sum,fb237_v3_ind_seed7005,75,100.0,16,7005,0.7045,0.7018,0.8401,0.8171,0.8015,0.7018,0.883,0.9622,298.2,Reach max iteration 50 | best_iter=19
roberta,sum,fb237_v3_ind_seed7009,75,100.0,16,7009,0.723,0.7051,0.8336,0.8159,0.8107,0.7051,0.9055,0.97,299.3,Reach max iteration 50 | best_iter=11
roberta,sum,fb237_v3_ind_seed7001,75,100.0,32,7001,0.7145,0.6945,0.8337,0.8196,0.8088,0.6945,0.9165,0.9794,299.4,Reach max iteration 50 | best_iter=6
roberta,sum,fb237_v3_ind_seed7005,75,100.0,32,7005,0.7159,0.6984,0.8354,0.8194,0.8042,0.6984,0.8979,0.9679,298.8,Reach max iteration 50 | best_iter=6
roberta,sum,fb237_v3_ind_seed7009,75,100.0,32,7009,0.7184,0.7085,0.8375,0.8153,0.812,0.7085,0.9032,0.9747,303.9,Reach max iteration 50 | best_iter=7
roberta,sum,fb237_v3_ind_seed7001,75,100.0,48,7001,0.7272,0.6739,0.8197,0.8243,0.7948,0.6739,0.8982,0.984,299.9,Reach max iteration 50 | best_iter=3
roberta,sum,fb237_v3_ind_seed7005,75,100.0,48,7005,0.7228,0.6995,0.8392,0.8241,0.8047,0.6995,0.8968,0.9667,295.3,Reach max iteration 50 | best_iter=6
roberta,sum,fb237_v3_ind_seed7009,75,100.0,48,7009,0.7207,0.7085,0.8474,0.8163,0.8134,0.7085,0.9113,0.9735,302.6,Reach max iteration 50 | best_iter=14
roberta,sum,fb237_v3_ind_seed7001,75,100.0,64,7001,0.7156,0.6957,0.8209,0.8213,0.8062,0.6957,0.9062,0.9817,302.1,Reach max iteration 50 | best_iter=3
roberta,sum,fb237_v3_ind_seed7005,75,100.0,64,7005,0.7148,0.6972,0.8396,0.8199,0.8015,0.6972,0.8865,0.9679,299.5,Reach max iteration 50 | best_iter=6
roberta,sum,fb237_v3_ind_seed7009,75,100.0,64,7009,0.7207,0.712,0.8498,0.8162,0.8163,0.712,0.9124,0.9747,298.3,Reach max iteration 50 | best_iter=20
roberta,sum,fb237_v3_ind_seed7001,75,100.0,80,7001,0.7145,0.6911,0.8448,0.821,0.8087,0.6911,0.9211,0.9828,301.9,Reach max iteration 50 | best_iter=7
roberta,sum,fb237_v3_ind_seed7005,75,100.0,80,7005,0.7205,0.6938,0.8567,0.8226,0.8016,0.6938,0.8922,0.961,302.6,Reach max iteration 50 | best_iter=36
roberta,sum,fb237_v3_ind_seed7009,75,100.0,80,7009,0.7207,0.7143,0.845,0.8171,0.8172,0.7143,0.9159,0.9781,303.0,Reach max iteration 50 | best_iter=9
roberta,sum,fb237_v3_ind_seed7001,75,100.0,96,7001,0.7191,0.7014,0.8537,0.8227,0.8143,0.7014,0.9211,0.984,300.0,Reach max iteration 50 | best_iter=19
roberta,sum,fb237_v3_ind_seed7005,75,100.0,96,7005,0.7159,0.6938,0.8577,0.8211,0.8001,0.6938,0.8888,0.9633,301.1,Reach max iteration 50 | best_iter=27
roberta,sum,fb237_v3_ind_seed7009,75,100.0,96,7009,0.7172,0.7062,0.8512,0.8162,0.8124,0.7062,0.9044,0.977,302.7,Reach max iteration 50 | best_iter=17
roberta,sum,fb237_v3_ind_seed7001,75,500.0,16,7001,0.6994,0.6693,0.7082,0.7944,0.7759,0.6693,0.8604,0.9428,152.4,Reach max iteration 50 | best_iter=30
roberta,sum,fb237_v3_ind_seed7005,75,500.0,16,7005,0.6747,0.6617,0.7056,0.775,0.7663,0.6617,0.8394,0.9369,168.5,Reach max iteration 50 | best_iter=15
roberta,sum,fb237_v3_ind_seed7009,75,500.0,16,7009,0.6874,0.6671,0.7058,0.7787,0.7724,0.6671,0.8502,0.9355,159.3,Reach max iteration 50 | best_iter=13
roberta,sum,fb237_v3_ind_seed7001,75,500.0,32,7001,0.7075,0.6716,0.7278,0.8039,0.7827,0.6716,0.873,0.96,196.2,Reach max iteration 50 | best_iter=40
roberta,sum,fb237_v3_ind_seed7005,75,500.0,32,7005,0.6861,0.6892,0.7213,0.788,0.7838,0.6892,0.8486,0.9438,196.3,Reach max iteration 50 | best_iter=12
roberta,sum,fb237_v3_ind_seed7009,75,500.0,32,7009,0.6954,0.682,0.725,0.7889,0.7849,0.682,0.8629,0.9528,196.3,Reach max iteration 50 | best_iter=41
roberta,sum,fb237_v3_ind_seed7001,75,500.0,48,7001,0.7064,0.6739,0.7313,0.8044,0.7864,0.6739,0.873,0.968,221.9,Reach max iteration 50 | best_iter=9
roberta,sum,fb237_v3_ind_seed7005,75,500.0,48,7005,0.6884,0.6869,0.7293,0.7905,0.7865,0.6869,0.8658,0.953,219.3,Reach max iteration 50 | best_iter=8
roberta,sum,fb237_v3_ind_seed7009,75,500.0,48,7009,0.7046,0.6901,0.7358,0.7962,0.7927,0.6901,0.8721,0.9551,222.0,Reach max iteration 50 | best_iter=8
roberta,sum,fb237_v3_ind_seed7001,75,500.0,64,7001,0.7052,0.6751,0.7388,0.8074,0.7884,0.6751,0.881,0.9634,259.3,Reach max iteration 50 | best_iter=17
roberta,sum,fb237_v3_ind_seed7005,75,500.0,64,7005,0.6953,0.695,0.7394,0.7973,0.7925,0.695,0.8716,0.9599,257.2,Reach max iteration 50 | best_iter=13
roberta,sum,fb237_v3_ind_seed7009,75,500.0,64,7009,0.7023,0.6924,0.7401,0.795,0.7949,0.6924,0.8756,0.9608,252.1,Reach max iteration 50 | best_iter=17
roberta,sum,fb237_v3_ind_seed7001,75,500.0,80,7001,0.7168,0.6876,0.743,0.8132,0.7969,0.6876,0.8844,0.9668,275.3,Reach max iteration 50 | best_iter=9
roberta,sum,fb237_v3_ind_seed7005,75,500.0,80,7005,0.6873,0.6984,0.7451,0.7971,0.7965,0.6984,0.8681,0.9541,281.1,Reach max iteration 50 | best_iter=12
roberta,sum,fb237_v3_ind_seed7009,75,500.0,80,7009,0.7103,0.6901,0.75,0.8012,0.7953,0.6901,0.8779,0.962,270.8,Reach max iteration 50 | best_iter=15
roberta,sum,fb237_v3_ind_seed7001,75,500.0,96,7001,0.7156,0.6922,0.7487,0.8144,0.8007,0.6922,0.897,0.9668,291.1,Reach max iteration 50 | best_iter=29
roberta,sum,fb237_v3_ind_seed7005,75,500.0,96,7005,0.6976,0.7053,0.7493,0.8011,0.7999,0.7053,0.8704,0.9564,295.2,Reach max iteration 50 | best_iter=9
roberta,sum,fb237_v3_ind_seed7009,75,500.0,96,7009,0.7195,0.6947,0.7544,0.8057,0.7979,0.6947,0.8825,0.9643,299.5,Reach max iteration 50 | best_iter=14
roberta,sum,fb237_v3_ind_seed7001,75,1000.0,16,7001,0.6185,0.5995,0.6145,0.7291,0.7072,0.5995,0.7826,0.8902,147.1,Reach max iteration 50 | best_iter=16
roberta,sum,fb237_v3_ind_seed7005,75,1000.0,16,7005,0.5956,0.6044,0.6209,0.7025,0.7088,0.6044,0.7683,0.9048,150.2,Reach max iteration 50 | best_iter=14
roberta,sum,fb237_v3_ind_seed7009,75,1000.0,16,7009,0.5897,0.5876,0.6121,0.6972,0.7049,0.5876,0.7846,0.8929,147.1,Reach max iteration 50 | best_iter=26
roberta,sum,fb237_v3_ind_seed7001,75,1000.0,32,7001,0.6601,0.627,0.6495,0.7608,0.7341,0.627,0.8158,0.9085,152.6,Reach max iteration 50 | best_iter=35
roberta,sum,fb237_v3_ind_seed7005,75,1000.0,32,7005,0.6128,0.6181,0.6449,0.7268,0.7256,0.6181,0.8096,0.9083,156.9,Reach max iteration 50 | best_iter=8
roberta,sum,fb237_v3_ind_seed7009,75,1000.0,32,7009,0.6207,0.6359,0.6443,0.7288,0.7407,0.6359,0.8157,0.9147,154.1,Reach max iteration 50 | best_iter=12
roberta,sum,fb237_v3_ind_seed7001,75,1000.0,48,7001,0.6671,0.6407,0.6629,0.7682,0.7445,0.6407,0.8158,0.9188,175.3,Reach max iteration 50 | best_iter=30
roberta,sum,fb237_v3_ind_seed7005,75,1000.0,48,7005,0.6243,0.6319,0.6571,0.734,0.7388,0.6319,0.8165,0.9186,171.4,Reach max iteration 50 | best_iter=13
roberta,sum,fb237_v3_ind_seed7009,75,1000.0,48,7009,0.6356,0.6578,0.6625,0.7421,0.759,0.6578,0.8318,0.9194,174.5,Reach max iteration 50 | best_iter=23
roberta,sum,fb237_v3_ind_seed7001,75,1000.0,64,7001,0.6717,0.6499,0.6775,0.7748,0.7563,0.6499,0.8352,0.9233,197.1,Reach max iteration 50 | best_iter=16
roberta,sum,fb237_v3_ind_seed7005,75,1000.0,64,7005,0.6438,0.6411,0.6748,0.7481,0.7458,0.6411,0.8211,0.9255,198.6,Reach max iteration 50 | best_iter=24
roberta,sum,fb237_v3_ind_seed7009,75,1000.0,64,7009,0.6529,0.6659,0.6833,0.7551,0.7686,0.6659,0.8456,0.932,197.2,Reach max iteration 50 | best_iter=11
roberta,sum,fb237_v3_ind_seed7001,75,1000.0,80,7001,0.6832,0.6602,0.6833,0.7819,0.7635,0.6602,0.8398,0.9291,218.7,Reach max iteration 50 | best_iter=21
roberta,sum,fb237_v3_ind_seed7005,75,1000.0,80,7005,0.6598,0.6548,0.6897,0.7632,0.7588,0.6548,0.8337,0.93,206.3,Reach max iteration 50 | best_iter=19
roberta,sum,fb237_v3_ind_seed7009,75,1000.0,80,7009,0.6563,0.6694,0.6881,0.7594,0.7703,0.6694,0.8456,0.9309,215.5,Reach max iteration 50 | best_iter=9
roberta,sum,fb237_v3_ind_seed7001,75,1000.0,96,7001,0.6913,0.659,0.6914,0.7882,0.765,0.659,0.8421,0.9359,223.7,Reach max iteration 50 | best_iter=40
roberta,sum,fb237_v3_ind_seed7005,75,1000.0,96,7005,0.669,0.6548,0.6959,0.7712,0.7615,0.6548,0.8417,0.9346,225.0,Reach max iteration 50 | best_iter=29
roberta,sum,fb237_v3_ind_seed7009,75,1000.0,96,7009,0.6609,0.6705,0.6921,0.762,0.7747,0.6705,0.8548,0.9355,222.3,Reach max iteration 50 | best_iter=14
roberta,sum,fb237_v3_ind_seed7001,100,1.0,16,7001,0.6543,0.6556,0.8343,0.7688,0.7653,0.6556,0.8547,0.9508,377.9,Reach max iteration 50 | best_iter=2
roberta,sum,fb237_v3_ind_seed7005,100,1.0,16,7005,0.6369,0.6319,0.8843,0.7598,0.747,0.6319,0.8406,0.9415,390.4,Reach max iteration 50 | best_iter=3
roberta,sum,fb237_v3_ind_seed7009,100,1.0,16,7009,0.6506,0.6555,0.8884,0.7601,0.7689,0.6555,0.8641,0.9447,385.0,Reach max iteration 50 | best_iter=2
roberta,sum,fb237_v3_ind_seed7001,100,1.0,32,7001,0.6659,0.6533,0.8463,0.7762,0.7637,0.6533,0.8558,0.9428,382.8,Reach max iteration 50 | best_iter=2
roberta,sum,fb237_v3_ind_seed7005,100,1.0,32,7005,0.646,0.6468,0.8565,0.7689,0.7586,0.6468,0.8544,0.9427,396.9,Reach max iteration 50 | best_iter=2
roberta,sum,fb237_v3_ind_seed7009,100,1.0,32,7009,0.6552,0.6682,0.9057,0.7663,0.7774,0.6682,0.8721,0.9551,380.1,Reach max iteration 50 | best_iter=5
roberta,sum,fb237_v3_ind_seed7001,100,1.0,48,7001,0.6624,0.6384,0.8794,0.7786,0.7658,0.6384,0.8719,0.9622,394.0,Reach max iteration 50 | best_iter=2
roberta,sum,fb237_v3_ind_seed7005,100,1.0,48,7005,0.6655,0.6399,0.8029,0.7746,0.7498,0.6399,0.8394,0.9427,393.0,Reach max iteration 50 | best_iter=2
roberta,sum,fb237_v3_ind_seed7009,100,1.0,48,7009,0.6552,0.6382,0.8834,0.7646,0.7575,0.6382,0.856,0.9493,402.3,Reach max iteration 50 | best_iter=2
roberta,sum,fb237_v3_ind_seed7001,100,1.0,64,7001,0.6486,0.6304,0.912,0.7718,0.7571,0.6304,0.8627,0.9611,393.9,Reach max iteration 50 | best_iter=5
roberta,sum,fb237_v3_ind_seed7005,100,1.0,64,7005,0.669,0.6456,0.816,0.7705,0.7534,0.6456,0.8429,0.9335,403.6,Reach max iteration 50 | best_iter=2
roberta,sum,fb237_v3_ind_seed7009,100,1.0,64,7009,0.6621,0.6532,0.885,0.77,0.7671,0.6532,0.8675,0.9505,399.6,Reach max iteration 50 | best_iter=2
roberta,sum,fb237_v3_ind_seed7001,100,1.0,80,7001,0.6798,0.6522,0.8418,0.7881,0.7729,0.6522,0.8833,0.9588,400.4,Reach max iteration 50 | best_iter=3
roberta,sum,fb237_v3_ind_seed7005,100,1.0,80,7005,0.6495,0.6353,0.881,0.7684,0.7529,0.6353,0.8486,0.9381,403.1,Reach max iteration 50 | best_iter=2
roberta,sum,fb237_v3_ind_seed7009,100,1.0,80,7009,0.6644,0.6555,0.8951,0.7796,0.7748,0.6555,0.879,0.9666,398.9,Reach max iteration 50 | best_iter=3
roberta,sum,fb237_v3_ind_seed7001,100,1.0,96,7001,0.6775,0.659,0.8602,0.7901,0.7782,0.659,0.8867,0.9531,391.4,Reach max iteration 50 | best_iter=2
roberta,sum,fb237_v3_ind_seed7005,100,1.0,96,7005,0.6609,0.6583,0.8605,0.7818,0.7705,0.6583,0.8544,0.9576,403.6,Reach max iteration 50 | best_iter=2
roberta,sum,fb237_v3_ind_seed7009,100,1.0,96,7009,0.677,0.6705,0.8786,0.7838,0.7836,0.6705,0.8836,0.9631,401.9,Reach max iteration 50 | best_iter=3
roberta,sum,fb237_v3_ind_seed7001,100,5.0,16,7001,0.6659,0.6407,0.8687,0.7733,0.7579,0.6407,0.8638,0.9451,392.0,Reach max iteration 50 | best_iter=2
roberta,sum,fb237_v3_ind_seed7005,100,5.0,16,7005,0.6449,0.6411,0.9294,0.7667,0.7591,0.6411,0.8601,0.9404,393.6,Reach max iteration 50 | best_iter=50
roberta,sum,fb237_v3_ind_seed7009,100,5.0,16,7009,0.6598,0.6647,0.903,0.7694,0.7716,0.6647,0.8583,0.9389,388.6,Reach max iteration 50 | best_iter=3
roberta,sum,fb237_v3_ind_seed7001,100,5.0,32,7001,0.6647,0.651,0.8602,0.7796,0.7667,0.651,0.8638,0.9519,395.6,Reach max iteration 50 | best_iter=3
roberta,sum,fb237_v3_ind_seed7005,100,5.0,32,7005,0.6483,0.6284,0.9294,0.7705,0.7543,0.6284,0.8635,0.9427,394.7,Reach max iteration 50 | best_iter=49
roberta,sum,fb237_v3_ind_seed7009,100,5.0,32,7009,0.6598,0.6567,0.927,0.776,0.7714,0.6567,0.8733,0.9597,392.2,Reach max iteration 50 | best_iter=50
roberta,sum,fb237_v3_ind_seed7001,100,5.0,48,7001,0.6636,0.6453,0.8832,0.7797,0.7713,0.6453,0.8856,0.968,397.9,Reach max iteration 50 | best_iter=2
roberta,sum,fb237_v3_ind_seed7005,100,5.0,48,7005,0.6438,0.633,0.9291,0.7717,0.7579,0.633,0.8647,0.9461,393.0,Reach max iteration 50 | best_iter=50
roberta,sum,fb237_v3_ind_seed7009,100,5.0,48,7009,0.6655,0.6613,0.927,0.7782,0.7788,0.6613,0.8779,0.9608,391.5,Reach max iteration 50 | best_iter=50
roberta,sum,fb237_v3_ind_seed7001,100,5.0,64,7001,0.6728,0.6373,0.8696,0.7839,0.767,0.6373,0.8753,0.9611,391.8,Reach max iteration 50 | best_iter=2
roberta,sum,fb237_v3_ind_seed7005,100,5.0,64,7005,0.6804,0.6617,0.8494,0.7881,0.7715,0.6617,0.8589,0.9495,401.3,Reach max iteration 50 | best_iter=2
roberta,sum,fb237_v3_ind_seed7009,100,5.0,64,7009,0.6736,0.6728,0.8759,0.7818,0.7796,0.6728,0.8698,0.9585,405.2,Reach max iteration 50 | best_iter=2
roberta,sum,fb237_v3_ind_seed7001,100,5.0,80,7001,0.6659,0.651,0.8679,0.7812,0.774,0.651,0.8822,0.9622,400.5,Reach max iteration 50 | best_iter=3
roberta,sum,fb237_v3_ind_seed7005,100,5.0,80,7005,0.6712,0.6606,0.8337,0.7833,0.7661,0.6606,0.8463,0.9392,404.6,Reach max iteration 50 | best_iter=2
roberta,sum,fb237_v3_ind_seed7009,100,5.0,80,7009,0.6816,0.674,0.8574,0.7859,0.789,0.674,0.8952,0.9597,401.5,Reach max iteration 50 | best_iter=2
roberta,sum,fb237_v3_ind_seed7001,100,5.0,96,7001,0.6717,0.6568,0.8621,0.7872,0.7766,0.6568,0.8833,0.9542,398.3,Reach max iteration 50 | best_iter=2
roberta,sum,fb237_v3_ind_seed7005,100,5.0,96,7005,0.6781,0.6651,0.8581,0.7916,0.7766,0.6651,0.8693,0.961,400.7,Reach max iteration 50 | best_iter=2
roberta,sum,fb237_v3_ind_seed7009,100,5.0,96,7009,0.6782,0.6751,0.8761,0.7838,0.7869,0.6751,0.8882,0.9666,396.1,Reach max iteration 50 | best_iter=3
roberta,sum,fb237_v3_ind_seed7001,100,10.0,16,7001,0.6555,0.6419,0.9267,0.7779,0.7678,0.6419,0.8822,0.9634,394.4,Reach max iteration 50 | best_iter=7
roberta,sum,fb237_v3_ind_seed7005,100,10.0,16,7005,0.6541,0.6376,0.9288,0.7752,0.7585,0.6376,0.8624,0.9438,394.9,Reach max iteration 50 | best_iter=33
roberta,sum,fb237_v3_ind_seed7009,100,10.0,16,7009,0.669,0.6809,0.8839,0.7786,0.785,0.6809,0.8687,0.9551,394.6,Reach max iteration 50 | best_iter=2
roberta,sum,fb237_v3_ind_seed7001,100,10.0,32,7001,0.6647,0.6396,0.8743,0.779,0.7675,0.6396,0.8856,0.9554,398.2,Reach max iteration 50 | best_iter=2
roberta,sum,fb237_v3_ind_seed7005,100,10.0,32,7005,0.6529,0.6537,0.929,0.7774,0.7699,0.6537,0.8704,0.9484,393.0,Reach max iteration 50 | best_iter=50
roberta,sum,fb237_v3_ind_seed7009,100,10.0,32,7009,0.6701,0.659,0.9259,0.7797,0.7784,0.659,0.8802,0.9597,399.2,Reach max iteration 50 | best_iter=15
roberta,sum,fb237_v3_ind_seed7001,100,10.0,48,7001,0.6775,0.6625,0.8667,0.7894,0.7829,0.6625,0.8936,0.9668,397.1,Reach max iteration 50 | best_iter=2
roberta,sum,fb237_v3_ind_seed7005,100,10.0,48,7005,0.677,0.6628,0.8548,0.7881,0.7717,0.6628,0.8589,0.9484,392.8,Reach max iteration 50 | best_iter=2
roberta,sum,fb237_v3_ind_seed7009,100,10.0,48,7009,0.677,0.6694,0.9263,0.7874,0.7855,0.6694,0.8859,0.97,403.1,Reach max iteration 50 | best_iter=21
roberta,sum,fb237_v3_ind_seed7001,100,10.0,64,7001,0.6705,0.6419,0.8865,0.7851,0.7696,0.6419,0.8787,0.9645,397.4,Reach max iteration 50 | best_iter=3
roberta,sum,fb237_v3_ind_seed7005,100,10.0,64,7005,0.6735,0.6571,0.8701,0.7879,0.7725,0.6571,0.8693,0.953,404.8,Reach max iteration 50 | best_iter=2
roberta,sum,fb237_v3_ind_seed7009,100,10.0,64,7009,0.6724,0.6717,0.8759,0.7816,0.78,0.6717,0.8744,0.9585,404.2,Reach max iteration 50 | best_iter=2
roberta,sum,fb237_v3_ind_seed7001,100,10.0,80,7001,0.6786,0.6613,0.836,0.7895,0.7794,0.6613,0.8833,0.9577,395.2,Reach max iteration 50 | best_iter=3
roberta,sum,fb237_v3_ind_seed7005,100,10.0,80,7005,0.6552,0.656,0.8807,0.7754,0.7682,0.656,0.8612,0.9472,408.0,Reach max iteration 50 | best_iter=2
roberta,sum,fb237_v3_ind_seed7009,100,10.0,80,7009,0.6862,0.6889,0.8719,0.7933,0.797,0.6889,0.8906,0.962,409.3,Reach max iteration 50 | best_iter=2
roberta,sum,fb237_v3_ind_seed7001,100,10.0,96,7001,0.6682,0.6442,0.9017,0.7846,0.7718,0.6442,0.8879,0.9611,399.8,Reach max iteration 50 | best_iter=3
roberta,sum,fb237_v3_ind_seed7005,100,10.0,96,7005,0.6781,0.664,0.8621,0.7919,0.7756,0.664,0.8658,0.961,401.4,Reach max iteration 50 | best_iter=2
roberta,sum,fb237_v3_ind_seed7009,100,10.0,96,7009,0.6966,0.6889,0.8342,0.794,0.793,0.6889,0.8836,0.9574,395.7,Reach max iteration 50 | best_iter=2
roberta,sum,fb237_v3_ind_seed7001,100,50.0,16,7001,0.7098,0.6705,0.8554,0.8134,0.7938,0.6705,0.9073,0.9725,400.6,Reach max iteration 50 | best_iter=3
roberta,sum,fb237_v3_ind_seed7005,100,50.0,16,7005,0.6896,0.6789,0.8837,0.8047,0.7898,0.6789,0.8865,0.9587,395.3,Reach max iteration 50 | best_iter=6
roberta,sum,fb237_v3_ind_seed7009,100,50.0,16,7009,0.6989,0.6924,0.8671,0.8024,0.8009,0.6924,0.8952,0.9666,400.4,Reach max iteration 50 | best_iter=4
roberta,sum,fb237_v3_ind_seed7001,100,50.0,32,7001,0.7017,0.6613,0.8984,0.8122,0.7893,0.6613,0.913,0.9805,396.0,Reach max iteration 50 | best_iter=44
roberta,sum,fb237_v3_ind_seed7005,100,50.0,32,7005,0.6987,0.6846,0.8854,0.8089,0.7915,0.6846,0.8842,0.9576,403.9,Reach max iteration 50 | best_iter=6
roberta,sum,fb237_v3_ind_seed7009,100,50.0,32,7009,0.708,0.6889,0.852,0.8061,0.8006,0.6889,0.9021,0.9747,402.5,Reach max iteration 50 | best_iter=3
roberta,sum,fb237_v3_ind_seed7001,100,50.0,48,7001,0.7017,0.6773,0.8779,0.8136,0.7977,0.6773,0.9153,0.9817,398.8,Reach max iteration 50 | best_iter=5
roberta,sum,fb237_v3_ind_seed7005,100,50.0,48,7005,0.701,0.6812,0.888,0.8108,0.7912,0.6812,0.8842,0.961,395.3,Reach max iteration 50 | best_iter=8
roberta,sum,fb237_v3_ind_seed7009,100,50.0,48,7009,0.7,0.6843,0.8885,0.8055,0.8005,0.6843,0.9032,0.97,402.3,Reach max iteration 50 | best_iter=8
roberta,sum,fb237_v3_ind_seed7001,100,50.0,64,7001,0.7064,0.6636,0.8885,0.8157,0.7924,0.6636,0.9108,0.9817,406.1,Reach max iteration 50 | best_iter=9
roberta,sum,fb237_v3_ind_seed7005,100,50.0,64,7005,0.7033,0.672,0.8934,0.8137,0.7865,0.672,0.8876,0.961,401.9,Reach max iteration 50 | best_iter=14
roberta,sum,fb237_v3_ind_seed7009,100,50.0,64,7009,0.6977,0.6947,0.8874,0.803,0.8045,0.6947,0.9067,0.9689,405.6,Reach max iteration 50 | best_iter=6
roberta,sum,fb237_v3_ind_seed7001,100,50.0,80,7001,0.7052,0.6762,0.8769,0.8135,0.7974,0.6762,0.9153,0.9783,403.1,Reach max iteration 50 | best_iter=5
roberta,sum,fb237_v3_ind_seed7005,100,50.0,80,7005,0.6987,0.68,0.8835,0.8094,0.7925,0.68,0.8922,0.961,405.5,Reach max iteration 50 | best_iter=6
roberta,sum,fb237_v3_ind_seed7009,100,50.0,80,7009,0.7057,0.6786,0.8882,0.8097,0.7974,0.6786,0.909,0.9724,402.7,Reach max iteration 50 | best_iter=10
roberta,sum,fb237_v3_ind_seed7001,100,50.0,96,7001,0.7133,0.6854,0.8793,0.8186,0.8043,0.6854,0.913,0.9748,396.3,Reach max iteration 50 | best_iter=7
roberta,sum,fb237_v3_ind_seed7005,100,50.0,96,7005,0.6942,0.6732,0.8893,0.8079,0.7878,0.6732,0.8865,0.9576,401.7,Reach max iteration 50 | best_iter=11
roberta,sum,fb237_v3_ind_seed7009,100,50.0,96,7009,0.7034,0.6947,0.8894,0.8074,0.8053,0.6947,0.9009,0.9724,399.2,Reach max iteration 50 | best_iter=15
roberta,sum,fb237_v3_ind_seed7001,100,100.0,16,7001,0.726,0.7002,0.8377,0.8253,0.8102,0.7002,0.9073,0.9805,398.9,Reach max iteration 50 | best_iter=50
roberta,sum,fb237_v3_ind_seed7005,100,100.0,16,7005,0.7102,0.7041,0.8364,0.816,0.804,0.7041,0.8865,0.9656,398.2,Reach max iteration 50 | best_iter=8
roberta,sum,fb237_v3_ind_seed7009,100,100.0,16,7009,0.7172,0.7028,0.8274,0.8124,0.8088,0.7028,0.8998,0.9712,399.9,Reach max iteration 50 | best_iter=5
roberta,sum,fb237_v3_ind_seed7001,100,100.0,32,7001,0.7168,0.6911,0.8475,0.8215,0.8072,0.6911,0.9108,0.9794,402.7,Reach max iteration 50 | best_iter=23
roberta,sum,fb237_v3_ind_seed7005,100,100.0,32,7005,0.7125,0.7053,0.8424,0.8172,0.8061,0.7053,0.8933,0.9644,396.6,Reach max iteration 50 | best_iter=11
roberta,sum,fb237_v3_ind_seed7009,100,100.0,32,7009,0.7207,0.7062,0.8363,0.8151,0.812,0.7062,0.9101,0.9724,402.5,Reach max iteration 50 | best_iter=6
roberta,sum,fb237_v3_ind_seed7001,100,100.0,48,7001,0.7237,0.6979,0.8354,0.8249,0.8111,0.6979,0.9188,0.9805,400.3,Reach max iteration 50 | best_iter=6
roberta,sum,fb237_v3_ind_seed7005,100,100.0,48,7005,0.7136,0.7053,0.8424,0.8201,0.806,0.7053,0.8956,0.9622,400.0,Reach max iteration 50 | best_iter=8
roberta,sum,fb237_v3_ind_seed7009,100,100.0,48,7009,0.7218,0.6947,0.8481,0.8152,0.804,0.6947,0.9032,0.9735,400.2,Reach max iteration 50 | best_iter=35
roberta,sum,fb237_v3_ind_seed7001,100,100.0,64,7001,0.7214,0.6957,0.8409,0.8241,0.8108,0.6957,0.9153,0.9794,401.7,Reach max iteration 50 | best_iter=6
roberta,sum,fb237_v3_ind_seed7005,100,100.0,64,7005,0.7194,0.6892,0.8534,0.8234,0.7998,0.6892,0.8956,0.9656,399.7,Reach max iteration 50 | best_iter=15
roberta,sum,fb237_v3_ind_seed7009,100,100.0,64,7009,0.7322,0.7108,0.8281,0.8212,0.8139,0.7108,0.9044,0.9712,405.2,Reach max iteration 50 | best_iter=5
roberta,sum,fb237_v3_ind_seed7001,100,100.0,80,7001,0.726,0.6957,0.8197,0.8247,0.8088,0.6957,0.9108,0.9737,404.2,Reach max iteration 50 | best_iter=3
roberta,sum,fb237_v3_ind_seed7005,100,100.0,80,7005,0.7251,0.695,0.8588,0.8247,0.8,0.695,0.8865,0.9633,405.1,Reach max iteration 50 | best_iter=48
roberta,sum,fb237_v3_ind_seed7009,100,100.0,80,7009,0.7253,0.7097,0.8371,0.8184,0.814,0.7097,0.909,0.9747,400.4,Reach max iteration 50 | best_iter=5
roberta,sum,fb237_v3_ind_seed7001,100,100.0,96,7001,0.7156,0.6968,0.8536,0.8215,0.8105,0.6968,0.9233,0.9817,399.6,Reach max iteration 50 | best_iter=16
roberta,sum,fb237_v3_ind_seed7005,100,100.0,96,7005,0.7205,0.6869,0.8603,0.8215,0.7954,0.6869,0.8842,0.9622,405.6,Reach max iteration 50 | best_iter=27
roberta,sum,fb237_v3_ind_seed7009,100,100.0,96,7009,0.7264,0.7051,0.8558,0.8179,0.8122,0.7051,0.9113,0.9793,404.3,Reach max iteration 50 | best_iter=47
roberta,sum,fb237_v3_ind_seed7001,100,500.0,16,7001,0.6925,0.6613,0.7083,0.7916,0.7714,0.6613,0.8627,0.9451,217.1,Reach max iteration 50 | best_iter=22
roberta,sum,fb237_v3_ind_seed7005,100,500.0,16,7005,0.6724,0.6709,0.704,0.7751,0.7722,0.6709,0.8521,0.9415,208.6,Reach max iteration 50 | best_iter=31
roberta,sum,fb237_v3_ind_seed7009,100,500.0,16,7009,0.6759,0.6682,0.7004,0.7714,0.7723,0.6682,0.8514,0.9378,221.5,Reach max iteration 50 | best_iter=41
roberta,sum,fb237_v3_ind_seed7001,100,500.0,32,7001,0.7017,0.6808,0.7251,0.8008,0.787,0.6808,0.8741,0.9565,259.4,Reach max iteration 50 | best_iter=13
roberta,sum,fb237_v3_ind_seed7005,100,500.0,32,7005,0.6827,0.6823,0.7215,0.7853,0.7832,0.6823,0.8647,0.9495,262.7,Reach max iteration 50 | best_iter=22
roberta,sum,fb237_v3_ind_seed7009,100,500.0,32,7009,0.6943,0.6889,0.7224,0.7864,0.7875,0.6889,0.8641,0.9482,260.2,Reach max iteration 50 | best_iter=18
roberta,sum,fb237_v3_ind_seed7001,100,500.0,48,7001,0.7064,0.6762,0.7321,0.8051,0.7868,0.6762,0.8844,0.9611,296.7,Reach max iteration 50 | best_iter=7
roberta,sum,fb237_v3_ind_seed7005,100,500.0,48,7005,0.6861,0.6972,0.7346,0.7915,0.7925,0.6972,0.8647,0.9472,292.9,Reach max iteration 50 | best_iter=12
roberta,sum,fb237_v3_ind_seed7009,100,500.0,48,7009,0.7034,0.6889,0.7323,0.7934,0.7912,0.6889,0.871,0.9528,297.7,Reach max iteration 50 | best_iter=43
roberta,sum,fb237_v3_ind_seed7001,100,500.0,64,7001,0.7156,0.6785,0.7406,0.8116,0.7928,0.6785,0.8867,0.9611,347.0,Reach max iteration 50 | best_iter=9
roberta,sum,fb237_v3_ind_seed7005,100,500.0,64,7005,0.693,0.695,0.7365,0.7976,0.7917,0.695,0.8624,0.9518,359.4,Reach max iteration 50 | best_iter=13
roberta,sum,fb237_v3_ind_seed7009,100,500.0,64,7009,0.7034,0.6901,0.7396,0.7952,0.7937,0.6901,0.8721,0.9585,350.8,Reach max iteration 50 | best_iter=11
roberta,sum,fb237_v3_ind_seed7001,100,500.0,80,7001,0.7249,0.6899,0.7434,0.8164,0.799,0.6899,0.8867,0.9668,369.9,Reach max iteration 50 | best_iter=10
roberta,sum,fb237_v3_ind_seed7005,100,500.0,80,7005,0.6942,0.695,0.7408,0.7994,0.7934,0.695,0.8681,0.9564,374.7,Reach max iteration 50 | best_iter=14
roberta,sum,fb237_v3_ind_seed7009,100,500.0,80,7009,0.7069,0.6959,0.746,0.7979,0.7966,0.6959,0.8813,0.9597,362.1,Reach max iteration 50 | best_iter=9
roberta,sum,fb237_v3_ind_seed7001,100,500.0,96,7001,0.7121,0.6842,0.7498,0.8124,0.7965,0.6842,0.8924,0.9691,399.5,Reach max iteration 50 | best_iter=39
roberta,sum,fb237_v3_ind_seed7005,100,500.0,96,7005,0.6964,0.6995,0.7466,0.8012,0.7956,0.6995,0.8716,0.9564,395.4,Reach max iteration 50 | best_iter=17
roberta,sum,fb237_v3_ind_seed7009,100,500.0,96,7009,0.7126,0.7005,0.7505,0.8019,0.8,0.7005,0.8733,0.962,387.3,Reach max iteration 50 | best_iter=49
roberta,sum,fb237_v3_ind_seed7001,100,1000.0,16,7001,0.637,0.6121,0.6233,0.7387,0.7147,0.6121,0.7815,0.8913,195.6,Reach max iteration 50 | best_iter=18
roberta,sum,fb237_v3_ind_seed7005,100,1000.0,16,7005,0.5968,0.6124,0.6308,0.706,0.7132,0.6124,0.7741,0.9048,191.8,Reach max iteration 50 | best_iter=11
roberta,sum,fb237_v3_ind_seed7009,100,1000.0,16,7009,0.5908,0.5876,0.614,0.6984,0.7041,0.5876,0.7834,0.894,192.2,Reach max iteration 50 | best_iter=42
roberta,sum,fb237_v3_ind_seed7001,100,1000.0,32,7001,0.659,0.6281,0.653,0.7607,0.7341,0.6281,0.8078,0.9096,204.8,Reach max iteration 50 | best_iter=10
roberta,sum,fb237_v3_ind_seed7005,100,1000.0,32,7005,0.6197,0.6239,0.6511,0.7281,0.7313,0.6239,0.8073,0.9106,199.0,Reach max iteration 50 | best_iter=50
roberta,sum,fb237_v3_ind_seed7009,100,1000.0,32,7009,0.6253,0.6406,0.6475,0.7324,0.7453,0.6406,0.8168,0.9147,202.9,Reach max iteration 50 | best_iter=16
roberta,sum,fb237_v3_ind_seed7001,100,1000.0,48,7001,0.6728,0.6499,0.6672,0.7733,0.7522,0.6499,0.8318,0.9233,235.1,Reach max iteration 50 | best_iter=8
roberta,sum,fb237_v3_ind_seed7005,100,1000.0,48,7005,0.6438,0.6319,0.6621,0.7451,0.7376,0.6319,0.8131,0.9174,227.8,Reach max iteration 50 | best_iter=10
roberta,sum,fb237_v3_ind_seed7009,100,1000.0,48,7009,0.6333,0.6475,0.6577,0.7411,0.7523,0.6475,0.8283,0.9159,230.4,Reach max iteration 50 | best_iter=34
roberta,sum,fb237_v3_ind_seed7001,100,1000.0,64,7001,0.6751,0.6487,0.6796,0.7768,0.7545,0.6487,0.833,0.9279,255.8,Reach max iteration 50 | best_iter=21
roberta,sum,fb237_v3_ind_seed7005,100,1000.0,64,7005,0.6438,0.6388,0.6725,0.7483,0.7449,0.6388,0.8245,0.922,262.0,Reach max iteration 50 | best_iter=23
roberta,sum,fb237_v3_ind_seed7009,100,1000.0,64,7009,0.6425,0.6636,0.6725,0.7483,0.7643,0.6636,0.841,0.9263,263.3,Reach max iteration 50 | best_iter=10
roberta,sum,fb237_v3_ind_seed7001,100,1000.0,80,7001,0.6798,0.6487,0.6832,0.7812,0.7567,0.6487,0.8364,0.9291,293.4,Reach max iteration 50 | best_iter=10
roberta,sum,fb237_v3_ind_seed7005,100,1000.0,80,7005,0.6598,0.6502,0.6843,0.7633,0.7558,0.6502,0.8383,0.9312,271.7,Reach max iteration 50 | best_iter=32
roberta,sum,fb237_v3_ind_seed7009,100,1000.0,80,7009,0.6494,0.6717,0.6828,0.7556,0.7725,0.6717,0.8479,0.932,287.2,Reach max iteration 50 | best_iter=22
roberta,sum,fb237_v3_ind_seed7001,100,1000.0,96,7001,0.6855,0.6613,0.688,0.7849,0.7653,0.6613,0.841,0.9348,301.6,Reach max iteration 50 | best_iter=28
roberta,sum,fb237_v3_ind_seed7005,100,1000.0,96,7005,0.6655,0.6571,0.6914,0.7676,0.7602,0.6571,0.8337,0.9278,292.9,Reach max iteration 50 | best_iter=9
roberta,sum,fb237_v3_ind_seed7009,100,1000.0,96,7009,0.6724,0.6728,0.6948,0.7697,0.7753,0.6728,0.8525,0.9343,297.0,Reach max iteration 50 | best_iter=20
roberta,sum,fb237_v3_ind_seed7001,125,1.0,16,7001,0.6647,0.6465,0.8671,0.7761,0.7681,0.6465,0.865,0.9577,444.9,Reach max iteration 50 | best_iter=2
roberta,sum,fb237_v3_ind_seed7005,125,1.0,16,7005,0.6346,0.6273,0.877,0.7547,0.7451,0.6273,0.8463,0.9358,451.3,Reach max iteration 50 | best_iter=3
roberta,sum,fb237_v3_ind_seed7009,125,1.0,16,7009,0.669,0.644,0.9272,0.7754,0.7586,0.644,0.8491,0.9355,465.2,Reach max iteration 50 | best_iter=50
roberta,sum,fb237_v3_ind_seed7001,125,1.0,32,7001,0.652,0.6281,0.8969,0.7732,0.7534,0.6281,0.8558,0.9531,486.5,Reach max iteration 50 | best_iter=3
roberta,sum,fb237_v3_ind_seed7005,125,1.0,32,7005,0.6483,0.6307,0.8454,0.7621,0.7392,0.6307,0.8154,0.9255,469.2,Reach max iteration 50 | best_iter=2
roberta,sum,fb237_v3_ind_seed7009,125,1.0,32,7009,0.6655,0.6809,0.8417,0.7731,0.7857,0.6809,0.8767,0.9539,488.0,Reach max iteration 50 | best_iter=2
roberta,sum,fb237_v3_ind_seed7001,125,1.0,48,7001,0.6509,0.6281,0.8596,0.7639,0.7547,0.6281,0.8638,0.9462,481.5,Reach max iteration 50 | best_iter=2
roberta,sum,fb237_v3_ind_seed7005,125,1.0,48,7005,0.6586,0.6514,0.8943,0.7794,0.7642,0.6514,0.8498,0.9518,475.3,Reach max iteration 50 | best_iter=3
roberta,sum,fb237_v3_ind_seed7009,125,1.0,48,7009,0.6759,0.674,0.8717,0.7804,0.7858,0.674,0.8894,0.962,477.2,Reach max iteration 50 | best_iter=2
roberta,sum,fb237_v3_ind_seed7001,125,1.0,64,7001,0.6867,0.635,0.7935,0.782,0.7511,0.635,0.8467,0.9462,487.3,Reach max iteration 50 | best_iter=1
roberta,sum,fb237_v3_ind_seed7005,125,1.0,64,7005,0.6678,0.6411,0.8542,0.7807,0.753,0.6411,0.8406,0.9404,482.0,Reach max iteration 50 | best_iter=2
roberta,sum,fb237_v3_ind_seed7009,125,1.0,64,7009,0.6747,0.6728,0.852,0.7802,0.7801,0.6728,0.8664,0.9493,484.8,Reach max iteration 50 | best_iter=2
roberta,sum,fb237_v3_ind_seed7001,125,1.0,80,7001,0.6763,0.6602,0.859,0.7895,0.7769,0.6602,0.8753,0.9554,485.4,Reach max iteration 50 | best_iter=2
roberta,sum,fb237_v3_ind_seed7005,125,1.0,80,7005,0.6747,0.6422,0.8506,0.7836,0.7568,0.6422,0.8509,0.9404,475.6,Reach max iteration 50 | best_iter=2
roberta,sum,fb237_v3_ind_seed7009,125,1.0,80,7009,0.6724,0.659,0.8739,0.7753,0.7729,0.659,0.8641,0.9551,486.7,Reach max iteration 50 | best_iter=2
roberta,sum,fb237_v3_ind_seed7001,125,1.0,96,7001,0.6613,0.6281,0.8994,0.7772,0.7573,0.6281,0.8753,0.9542,491.6,Reach max iteration 50 | best_iter=3
roberta,sum,fb237_v3_ind_seed7005,125,1.0,96,7005,0.6655,0.6766,0.86,0.7847,0.779,0.6766,0.8635,0.9472,480.8,Reach max iteration 50 | best_iter=2
roberta,sum,fb237_v3_ind_seed7009,125,1.0,96,7009,0.6621,0.6624,0.8616,0.7701,0.7712,0.6624,0.8606,0.9551,485.7,Reach max iteration 50 | best_iter=2
roberta,sum,fb237_v3_ind_seed7001,125,5.0,16,7001,0.6474,0.6281,0.9309,0.7695,0.762,0.6281,0.8844,0.9657,464.9,Reach max iteration 50 | best_iter=25
roberta,sum,fb237_v3_ind_seed7005,125,5.0,16,7005,0.6369,0.6422,0.9294,0.7657,0.7578,0.6422,0.8486,0.9427,475.5,Reach max iteration 50 | best_iter=48
roberta,sum,fb237_v3_ind_seed7009,125,5.0,16,7009,0.6736,0.6498,0.9269,0.7809,0.7676,0.6498,0.8664,0.9574,463.6,Reach max iteration 50 | best_iter=30
roberta,sum,fb237_v3_ind_seed7001,125,5.0,32,7001,0.6717,0.635,0.9069,0.7809,0.7645,0.635,0.873,0.9611,476.7,Reach max iteration 50 | best_iter=4
roberta,sum,fb237_v3_ind_seed7005,125,5.0,32,7005,0.6495,0.6468,0.9292,0.7767,0.7658,0.6468,0.8635,0.9484,469.8,Reach max iteration 50 | best_iter=40
roberta,sum,fb237_v3_ind_seed7009,125,5.0,32,7009,0.6609,0.6555,0.927,0.7744,0.7723,0.6555,0.8698,0.9597,476.7,Reach max iteration 50 | best_iter=46
roberta,sum,fb237_v3_ind_seed7001,125,5.0,48,7001,0.6532,0.6327,0.9309,0.7778,0.7654,0.6327,0.8856,0.9657,473.5,Reach max iteration 50 | best_iter=48
roberta,sum,fb237_v3_ind_seed7005,125,5.0,48,7005,0.677,0.6755,0.8567,0.785,0.7774,0.6755,0.8578,0.9438,474.7,Reach max iteration 50 | best_iter=2
roberta,sum,fb237_v3_ind_seed7009,125,5.0,48,7009,0.669,0.6728,0.8821,0.7804,0.7837,0.6728,0.8813,0.9585,486.7,Reach max iteration 50 | best_iter=2
roberta,sum,fb237_v3_ind_seed7001,125,5.0,64,7001,0.6832,0.6522,0.8587,0.7914,0.7754,0.6522,0.8856,0.9634,471.5,Reach max iteration 50 | best_iter=2
roberta,sum,fb237_v3_ind_seed7005,125,5.0,64,7005,0.6896,0.6651,0.8251,0.7946,0.7688,0.6651,0.8555,0.9472,465.5,Reach max iteration 50 | best_iter=2
roberta,sum,fb237_v3_ind_seed7009,125,5.0,64,7009,0.6724,0.6694,0.8416,0.7784,0.7791,0.6694,0.8698,0.9493,479.2,Reach max iteration 50 | best_iter=2
roberta,sum,fb237_v3_ind_seed7001,125,5.0,80,7001,0.6659,0.6499,0.8879,0.784,0.7743,0.6499,0.8867,0.96,485.8,Reach max iteration 50 | best_iter=3
roberta,sum,fb237_v3_ind_seed7005,125,5.0,80,7005,0.6609,0.6411,0.8998,0.7801,0.7625,0.6411,0.8693,0.9438,469.1,Reach max iteration 50 | best_iter=4
roberta,sum,fb237_v3_ind_seed7009,125,5.0,80,7009,0.6701,0.6624,0.8996,0.7774,0.7774,0.6624,0.8767,0.9551,482.7,Reach max iteration 50 | best_iter=3
roberta,sum,fb237_v3_ind_seed7001,125,5.0,96,7001,0.6659,0.6636,0.8778,0.7821,0.7797,0.6636,0.8753,0.96,490.2,Reach max iteration 50 | best_iter=2
roberta,sum,fb237_v3_ind_seed7005,125,5.0,96,7005,0.6541,0.6525,0.8828,0.7788,0.7705,0.6525,0.8704,0.953,477.3,Reach max iteration 50 | best_iter=3
roberta,sum,fb237_v3_ind_seed7009,125,5.0,96,7009,0.6678,0.6624,0.8696,0.7757,0.7748,0.6624,0.8664,0.9585,487.5,Reach max iteration 50 | best_iter=2
roberta,sum,fb237_v3_ind_seed7001,125,10.0,16,7001,0.6659,0.6339,0.9307,0.7822,0.7669,0.6339,0.8947,0.968,469.7,Reach max iteration 50 | best_iter=17
roberta,sum,fb237_v3_ind_seed7005,125,10.0,16,7005,0.6529,0.6479,0.9287,0.7745,0.7637,0.6479,0.8612,0.9472,454.6,Reach max iteration 50 | best_iter=49
roberta,sum,fb237_v3_ind_seed7009,125,10.0,16,7009,0.6839,0.6555,0.8959,0.7862,0.7721,0.6555,0.8756,0.9562,484.0,Reach max iteration 50 | best_iter=3
roberta,sum,fb237_v3_ind_seed7001,125,10.0,32,7001,0.6601,0.6407,0.9308,0.7843,0.7742,0.6407,0.8982,0.9771,477.8,Reach max iteration 50 | best_iter=50
roberta,sum,fb237_v3_ind_seed7005,125,10.0,32,7005,0.6609,0.6525,0.9287,0.7841,0.7703,0.6525,0.8739,0.9495,471.4,Reach max iteration 50 | best_iter=24
roberta,sum,fb237_v3_ind_seed7009,125,10.0,32,7009,0.669,0.6555,0.9267,0.7802,0.7754,0.6555,0.8779,0.9666,474.4,Reach max iteration 50 | best_iter=36
roberta,sum,fb237_v3_ind_seed7001,125,10.0,48,7001,0.6624,0.6236,0.9308,0.7851,0.7626,0.6236,0.8924,0.9714,479.2,Reach max iteration 50 | best_iter=40
roberta,sum,fb237_v3_ind_seed7005,125,10.0,48,7005,0.6621,0.6548,0.8879,0.7801,0.7637,0.6548,0.8521,0.9484,488.2,Reach max iteration 50 | best_iter=2
roberta,sum,fb237_v3_ind_seed7009,125,10.0,48,7009,0.6759,0.6797,0.88,0.7837,0.7902,0.6797,0.8882,0.962,486.7,Reach max iteration 50 | best_iter=2
roberta,sum,fb237_v3_ind_seed7001,125,10.0,64,7001,0.6786,0.6453,0.8931,0.7937,0.7754,0.6453,0.8959,0.9703,473.1,Reach max iteration 50 | best_iter=3
roberta,sum,fb237_v3_ind_seed7005,125,10.0,64,7005,0.6827,0.6571,0.8397,0.7913,0.7661,0.6571,0.8498,0.9484,473.1,Reach max iteration 50 | best_iter=2
roberta,sum,fb237_v3_ind_seed7009,125,10.0,64,7009,0.6701,0.6647,0.8982,0.7827,0.7791,0.6647,0.8802,0.9597,485.4,Reach max iteration 50 | best_iter=3
roberta,sum,fb237_v3_ind_seed7001,125,10.0,80,7001,0.6913,0.6682,0.8374,0.7999,0.7812,0.6682,0.8799,0.9634,483.3,Reach max iteration 50 | best_iter=2
roberta,sum,fb237_v3_ind_seed7005,125,10.0,80,7005,0.6621,0.6468,0.9079,0.7822,0.7668,0.6468,0.8681,0.945,486.3,Reach max iteration 50 | best_iter=3
roberta,sum,fb237_v3_ind_seed7009,125,10.0,80,7009,0.6828,0.6774,0.8735,0.7862,0.7887,0.6774,0.8836,0.9643,489.4,Reach max iteration 50 | best_iter=2
roberta,sum,fb237_v3_ind_seed7001,125,10.0,96,7001,0.6751,0.6568,0.8951,0.7892,0.7805,0.6568,0.8924,0.9657,489.0,Reach max iteration 50 | best_iter=3
roberta,sum,fb237_v3_ind_seed7005,125,10.0,96,7005,0.6609,0.656,0.8915,0.7844,0.7726,0.656,0.8761,0.9461,470.1,Reach max iteration 50 | best_iter=3
roberta,sum,fb237_v3_ind_seed7009,125,10.0,96,7009,0.6678,0.6705,0.902,0.7833,0.7826,0.6705,0.8836,0.9608,486.3,Reach max iteration 50 | best_iter=4
roberta,sum,fb237_v3_ind_seed7001,125,50.0,16,7001,0.7064,0.6762,0.8708,0.8112,0.7968,0.6762,0.9027,0.9783,479.6,Reach max iteration 50 | best_iter=5
roberta,sum,fb237_v3_ind_seed7005,125,50.0,16,7005,0.6999,0.6846,0.8742,0.8112,0.7932,0.6846,0.8865,0.9622,478.2,Reach max iteration 50 | best_iter=4
roberta,sum,fb237_v3_ind_seed7009,125,50.0,16,7009,0.6966,0.6832,0.8943,0.8027,0.7953,0.6832,0.8952,0.9689,481.6,Reach max iteration 50 | best_iter=15
roberta,sum,fb237_v3_ind_seed7001,125,50.0,32,7001,0.7017,0.6785,0.8637,0.8103,0.7989,0.6785,0.9176,0.976,488.6,Reach max iteration 50 | best_iter=3
roberta,sum,fb237_v3_ind_seed7005,125,50.0,32,7005,0.6896,0.6835,0.8776,0.804,0.7943,0.6835,0.8945,0.9622,475.9,Reach max iteration 50 | best_iter=6
roberta,sum,fb237_v3_ind_seed7009,125,50.0,32,7009,0.7092,0.6947,0.8742,0.8089,0.8033,0.6947,0.8986,0.9747,484.8,Reach max iteration 50 | best_iter=4
roberta,sum,fb237_v3_ind_seed7001,125,50.0,48,7001,0.7052,0.6751,0.8889,0.8132,0.799,0.6751,0.9176,0.9817,488.2,Reach max iteration 50 | best_iter=10
roberta,sum,fb237_v3_ind_seed7005,125,50.0,48,7005,0.7056,0.6881,0.8826,0.8153,0.7951,0.6881,0.8819,0.9622,485.4,Reach max iteration 50 | best_iter=6
roberta,sum,fb237_v3_ind_seed7009,125,50.0,48,7009,0.7069,0.6959,0.8503,0.807,0.8051,0.6959,0.9078,0.9677,483.2,Reach max iteration 50 | best_iter=3
roberta,sum,fb237_v3_ind_seed7001,125,50.0,64,7001,0.7052,0.6716,0.8866,0.8133,0.7994,0.6716,0.9211,0.9805,486.8,Reach max iteration 50 | best_iter=7
roberta,sum,fb237_v3_ind_seed7005,125,50.0,64,7005,0.709,0.6812,0.8881,0.8157,0.791,0.6812,0.8865,0.9622,484.0,Reach max iteration 50 | best_iter=9
roberta,sum,fb237_v3_ind_seed7009,125,50.0,64,7009,0.7069,0.6924,0.8876,0.8101,0.8042,0.6924,0.9021,0.97,475.9,Reach max iteration 50 | best_iter=9
roberta,sum,fb237_v3_ind_seed7001,125,50.0,80,7001,0.7156,0.6785,0.8752,0.819,0.8002,0.6785,0.9119,0.9783,490.5,Reach max iteration 50 | best_iter=4
roberta,sum,fb237_v3_ind_seed7005,125,50.0,80,7005,0.7068,0.6823,0.8918,0.8157,0.7925,0.6823,0.8922,0.9622,481.3,Reach max iteration 50 | best_iter=12
roberta,sum,fb237_v3_ind_seed7009,125,50.0,80,7009,0.7092,0.6959,0.8613,0.8102,0.8038,0.6959,0.8975,0.9712,489.6,Reach max iteration 50 | best_iter=3
roberta,sum,fb237_v3_ind_seed7001,125,50.0,96,7001,0.7156,0.6796,0.8862,0.8183,0.8026,0.6796,0.9176,0.9805,490.2,Reach max iteration 50 | best_iter=7
roberta,sum,fb237_v3_ind_seed7005,125,50.0,96,7005,0.6999,0.6686,0.8914,0.8103,0.7841,0.6686,0.8784,0.9622,488.2,Reach max iteration 50 | best_iter=13
roberta,sum,fb237_v3_ind_seed7009,125,50.0,96,7009,0.7126,0.6901,0.8859,0.8133,0.8024,0.6901,0.9078,0.9689,477.1,Reach max iteration 50 | best_iter=13
roberta,sum,fb237_v3_ind_seed7001,125,100.0,16,7001,0.7225,0.6934,0.83,0.822,0.8087,0.6934,0.9153,0.9828,482.4,Reach max iteration 50 | best_iter=5
roberta,sum,fb237_v3_ind_seed7005,125,100.0,16,7005,0.7102,0.6904,0.8409,0.8152,0.7982,0.6904,0.8922,0.9633,472.3,Reach max iteration 50 | best_iter=26
roberta,sum,fb237_v3_ind_seed7009,125,100.0,16,7009,0.7195,0.7097,0.8348,0.8143,0.813,0.7097,0.9044,0.9747,476.7,Reach max iteration 50 | best_iter=11
roberta,sum,fb237_v3_ind_seed7001,125,100.0,32,7001,0.7156,0.6808,0.8463,0.8202,0.8043,0.6808,0.9222,0.9794,484.6,Reach max iteration 50 | best_iter=33
roberta,sum,fb237_v3_ind_seed7005,125,100.0,32,7005,0.7216,0.6938,0.8038,0.82,0.7933,0.6938,0.8704,0.9599,475.4,Reach max iteration 50 | best_iter=4
roberta,sum,fb237_v3_ind_seed7009,125,100.0,32,7009,0.7218,0.7062,0.8365,0.8175,0.8119,0.7062,0.9044,0.9724,479.9,Reach max iteration 50 | best_iter=10
roberta,sum,fb237_v3_ind_seed7001,125,100.0,48,7001,0.7202,0.6842,0.8482,0.8236,0.805,0.6842,0.9165,0.9828,483.2,Reach max iteration 50 | best_iter=16
roberta,sum,fb237_v3_ind_seed7005,125,100.0,48,7005,0.7216,0.7041,0.836,0.8224,0.8066,0.7041,0.8968,0.9679,480.5,Reach max iteration 50 | best_iter=5
roberta,sum,fb237_v3_ind_seed7009,125,100.0,48,7009,0.723,0.7154,0.8343,0.8193,0.8154,0.7154,0.909,0.9747,491.1,Reach max iteration 50 | best_iter=5
roberta,sum,fb237_v3_ind_seed7001,125,100.0,64,7001,0.7191,0.7082,0.8341,0.8234,0.8177,0.7082,0.9222,0.984,484.6,Reach max iteration 50 | best_iter=6
roberta,sum,fb237_v3_ind_seed7005,125,100.0,64,7005,0.7205,0.6995,0.8557,0.8231,0.8026,0.6995,0.8888,0.961,484.4,Reach max iteration 50 | best_iter=41
roberta,sum,fb237_v3_ind_seed7009,125,100.0,64,7009,0.7276,0.7097,0.8467,0.8191,0.8128,0.7097,0.9032,0.977,483.7,Reach max iteration 50 | best_iter=15
roberta,sum,fb237_v3_ind_seed7001,125,100.0,80,7001,0.7214,0.6957,0.8428,0.8244,0.8112,0.6957,0.9211,0.9794,489.0,Reach max iteration 50 | best_iter=6
roberta,sum,fb237_v3_ind_seed7005,125,100.0,80,7005,0.7159,0.703,0.8378,0.8206,0.8053,0.703,0.8933,0.9644,483.5,Reach max iteration 50 | best_iter=5
roberta,sum,fb237_v3_ind_seed7009,125,100.0,80,7009,0.7253,0.6993,0.8301,0.8173,0.8084,0.6993,0.909,0.9747,487.7,Reach max iteration 50 | best_iter=4
roberta,sum,fb237_v3_ind_seed7001,125,100.0,96,7001,0.7237,0.7037,0.8447,0.8254,0.8161,0.7037,0.9222,0.9817,485.9,Reach max iteration 50 | best_iter=9
roberta,sum,fb237_v3_ind_seed7005,125,100.0,96,7005,0.7216,0.7007,0.8387,0.8257,0.8023,0.7007,0.8876,0.9644,484.2,Reach max iteration 50 | best_iter=7
roberta,sum,fb237_v3_ind_seed7009,125,100.0,96,7009,0.7241,0.7051,0.8504,0.8183,0.8132,0.7051,0.9078,0.977,493.6,Reach max iteration 50 | best_iter=13
roberta,sum,fb237_v3_ind_seed7001,125,500.0,16,7001,0.7029,0.659,0.708,0.7953,0.7683,0.659,0.8513,0.9462,262.2,Reach max iteration 50 | best_iter=11
roberta,sum,fb237_v3_ind_seed7005,125,500.0,16,7005,0.6701,0.664,0.7043,0.7731,0.7662,0.664,0.8463,0.9404,266.9,Reach max iteration 50 | best_iter=12
roberta,sum,fb237_v3_ind_seed7009,125,500.0,16,7009,0.6759,0.6613,0.7016,0.7704,0.7679,0.6613,0.8479,0.9355,262.2,Reach max iteration 50 | best_iter=27
roberta,sum,fb237_v3_ind_seed7001,125,500.0,32,7001,0.7017,0.6865,0.7242,0.8018,0.7909,0.6865,0.873,0.9622,315.2,Reach max iteration 50 | best_iter=11
roberta,sum,fb237_v3_ind_seed7005,125,500.0,32,7005,0.6838,0.6835,0.7266,0.7872,0.7832,0.6835,0.8612,0.9518,308.5,Reach max iteration 50 | best_iter=13
roberta,sum,fb237_v3_ind_seed7009,125,500.0,32,7009,0.7,0.6901,0.7231,0.7903,0.7909,0.6901,0.8721,0.9516,306.7,Reach max iteration 50 | best_iter=43
roberta,sum,fb237_v3_ind_seed7001,125,500.0,48,7001,0.7087,0.6808,0.7334,0.8067,0.7912,0.6808,0.8787,0.9622,353.1,Reach max iteration 50 | best_iter=23
roberta,sum,fb237_v3_ind_seed7005,125,500.0,48,7005,0.6896,0.6938,0.7304,0.7918,0.79,0.6938,0.8658,0.9507,352.0,Reach max iteration 50 | best_iter=21
roberta,sum,fb237_v3_ind_seed7009,125,500.0,48,7009,0.7034,0.6959,0.734,0.7946,0.7952,0.6959,0.8721,0.9551,363.4,Reach max iteration 50 | best_iter=13
roberta,sum,fb237_v3_ind_seed7001,125,500.0,64,7001,0.7087,0.6716,0.7351,0.8056,0.7862,0.6716,0.8787,0.9634,396.6,Reach max iteration 50 | best_iter=8
roberta,sum,fb237_v3_ind_seed7005,125,500.0,64,7005,0.6873,0.6938,0.7396,0.7953,0.7908,0.6938,0.8658,0.953,406.9,Reach max iteration 50 | best_iter=12
roberta,sum,fb237_v3_ind_seed7009,125,500.0,64,7009,0.7057,0.697,0.7425,0.7964,0.7978,0.697,0.8767,0.9562,425.9,Reach max iteration 50 | best_iter=14
roberta,sum,fb237_v3_ind_seed7001,125,500.0,80,7001,0.7087,0.6796,0.7441,0.8091,0.7911,0.6796,0.8799,0.9668,443.0,Reach max iteration 50 | best_iter=34
roberta,sum,fb237_v3_ind_seed7005,125,500.0,80,7005,0.6976,0.7053,0.7465,0.8011,0.8004,0.7053,0.8761,0.9587,443.9,Reach max iteration 50 | best_iter=15
roberta,sum,fb237_v3_ind_seed7009,125,500.0,80,7009,0.7126,0.6924,0.7496,0.7998,0.7956,0.6924,0.8756,0.9608,467.0,Reach max iteration 50 | best_iter=13
roberta,sum,fb237_v3_ind_seed7001,125,500.0,96,7001,0.7237,0.6876,0.7544,0.818,0.7974,0.6876,0.8924,0.9645,483.4,Reach max iteration 50 | best_iter=12
roberta,sum,fb237_v3_ind_seed7005,125,500.0,96,7005,0.6964,0.6961,0.7505,0.8015,0.7943,0.6961,0.8784,0.961,476.0,Reach max iteration 50 | best_iter=26
roberta,sum,fb237_v3_ind_seed7009,125,500.0,96,7009,0.7092,0.6993,0.7546,0.8002,0.7998,0.6993,0.8767,0.9608,476.5,Reach max iteration 50 | best_iter=13
roberta,sum,fb237_v3_ind_seed7001,125,1000.0,16,7001,0.6266,0.6007,0.6204,0.7334,0.7097,0.6007,0.7803,0.8936,229.7,Reach max iteration 50 | best_iter=28
roberta,sum,fb237_v3_ind_seed7005,125,1000.0,16,7005,0.5945,0.5998,0.6247,0.7017,0.706,0.5998,0.7821,0.9002,231.3,Reach max iteration 50 | best_iter=18
roberta,sum,fb237_v3_ind_seed7009,125,1000.0,16,7009,0.5862,0.5899,0.6164,0.6971,0.7082,0.5899,0.7903,0.9009,229.0,Reach max iteration 50 | best_iter=30
roberta,sum,fb237_v3_ind_seed7001,125,1000.0,32,7001,0.6497,0.6247,0.6433,0.7538,0.7297,0.6247,0.8032,0.9062,250.6,Reach max iteration 50 | best_iter=7
roberta,sum,fb237_v3_ind_seed7005,125,1000.0,32,7005,0.6197,0.6239,0.6487,0.7285,0.7295,0.6239,0.8016,0.9117,231.2,Reach max iteration 50 | best_iter=23
roberta,sum,fb237_v3_ind_seed7009,125,1000.0,32,7009,0.6276,0.6429,0.6468,0.7315,0.7456,0.6429,0.818,0.9078,232.1,Reach max iteration 50 | best_iter=23
roberta,sum,fb237_v3_ind_seed7001,125,1000.0,48,7001,0.6613,0.6384,0.6621,0.7659,0.743,0.6384,0.8135,0.9222,273.5,Reach max iteration 50 | best_iter=33
roberta,sum,fb237_v3_ind_seed7005,125,1000.0,48,7005,0.6323,0.6399,0.6622,0.7387,0.7426,0.6399,0.8131,0.9243,278.5,Reach max iteration 50 | best_iter=9
roberta,sum,fb237_v3_ind_seed7009,125,1000.0,48,7009,0.6264,0.6452,0.6571,0.7367,0.7521,0.6452,0.8318,0.9194,274.4,Reach max iteration 50 | best_iter=30
roberta,sum,fb237_v3_ind_seed7001,125,1000.0,64,7001,0.6821,0.6602,0.6791,0.7801,0.7615,0.6602,0.8421,0.9302,307.3,Reach max iteration 50 | best_iter=11
roberta,sum,fb237_v3_ind_seed7005,125,1000.0,64,7005,0.6564,0.6456,0.6814,0.7597,0.7526,0.6456,0.8406,0.9278,310.6,Reach max iteration 50 | best_iter=12
roberta,sum,fb237_v3_ind_seed7009,125,1000.0,64,7009,0.6379,0.6613,0.6762,0.7461,0.7637,0.6613,0.8399,0.9286,311.8,Reach max iteration 50 | best_iter=15
roberta,sum,fb237_v3_ind_seed7001,125,1000.0,80,7001,0.6844,0.667,0.6857,0.7836,0.7678,0.667,0.841,0.9325,337.5,Reach max iteration 50 | best_iter=26
roberta,sum,fb237_v3_ind_seed7005,125,1000.0,80,7005,0.6598,0.6456,0.6876,0.7635,0.7542,0.6456,0.8406,0.9278,342.1,Reach max iteration 50 | best_iter=12
roberta,sum,fb237_v3_ind_seed7009,125,1000.0,80,7009,0.6552,0.6578,0.6812,0.7565,0.7657,0.6578,0.8491,0.9309,345.2,Reach max iteration 50 | best_iter=15
roberta,sum,fb237_v3_ind_seed7001,125,1000.0,96,7001,0.6855,0.6579,0.6882,0.7857,0.7642,0.6579,0.8455,0.9371,357.7,Reach max iteration 50 | best_iter=14
roberta,sum,fb237_v3_ind_seed7005,125,1000.0,96,7005,0.6712,0.656,0.6948,0.7724,0.7625,0.656,0.8452,0.9323,360.6,Reach max iteration 50 | best_iter=14
roberta,sum,fb237_v3_ind_seed7009,125,1000.0,96,7009,0.6563,0.6682,0.6889,0.7601,0.7708,0.6682,0.8479,0.9366,356.0,Reach max iteration 50 | best_iter=14
roberta,sum,fb237_v3_ind_seed7001,150,1.0,16,7001,0.6636,0.6442,0.8425,0.7744,0.7644,0.6442,0.8684,0.9577,570.8,Reach max iteration 50 | best_iter=2
roberta,sum,fb237_v3_ind_seed7005,150,1.0,16,7005,0.6632,0.6388,0.8569,0.7744,0.7519,0.6388,0.8429,0.9415,554.6,Reach max iteration 50 | best_iter=2
roberta,sum,fb237_v3_ind_seed7009,150,1.0,16,7009,0.6529,0.6348,0.9154,0.7662,0.755,0.6348,0.8606,0.9412,549.9,Reach max iteration 50 | best_iter=5
roberta,sum,fb237_v3_ind_seed7001,150,1.0,32,7001,0.6405,0.6224,0.9017,0.7613,0.7475,0.6224,0.8558,0.9428,556.7,Reach max iteration 50 | best_iter=3
roberta,sum,fb237_v3_ind_seed7005,150,1.0,32,7005,0.6609,0.6273,0.8942,0.7766,0.746,0.6273,0.8463,0.9427,570.7,Reach max iteration 50 | best_iter=2
roberta,sum,fb237_v3_ind_seed7009,150,1.0,32,7009,0.6586,0.6601,0.8946,0.7701,0.774,0.6601,0.8687,0.9574,567.3,Reach max iteration 50 | best_iter=3
roberta,sum,fb237_v3_ind_seed7001,150,1.0,48,7001,0.6763,0.6236,0.8662,0.7859,0.759,0.6236,0.8776,0.9622,562.6,Reach max iteration 50 | best_iter=2
roberta,sum,fb237_v3_ind_seed7005,150,1.0,48,7005,0.646,0.6227,0.9021,0.7684,0.742,0.6227,0.8326,0.9346,567.8,Reach max iteration 50 | best_iter=2
roberta,sum,fb237_v3_ind_seed7009,150,1.0,48,7009,0.6586,0.6636,0.9099,0.7715,0.7763,0.6636,0.8687,0.9516,558.2,Reach max iteration 50 | best_iter=4
roberta,sum,fb237_v3_ind_seed7001,150,1.0,64,7001,0.6543,0.627,0.9119,0.7703,0.7591,0.627,0.8741,0.9588,573.4,Reach max iteration 50 | best_iter=3
roberta,sum,fb237_v3_ind_seed7005,150,1.0,64,7005,0.6495,0.6422,0.8906,0.7713,0.761,0.6422,0.8647,0.945,567.1,Reach max iteration 50 | best_iter=3
roberta,sum,fb237_v3_ind_seed7009,150,1.0,64,7009,0.6575,0.6624,0.8744,0.7686,0.773,0.6624,0.8687,0.9528,567.4,Reach max iteration 50 | best_iter=2
roberta,sum,fb237_v3_ind_seed7001,150,1.0,80,7001,0.6659,0.6533,0.8778,0.7838,0.7763,0.6533,0.8844,0.9622,591.6,Reach max iteration 50 | best_iter=2
roberta,sum,fb237_v3_ind_seed7005,150,1.0,80,7005,0.6529,0.6399,0.8823,0.7746,0.759,0.6399,0.8624,0.9415,590.0,Reach max iteration 50 | best_iter=2
roberta,sum,fb237_v3_ind_seed7009,150,1.0,80,7009,0.6724,0.6774,0.8893,0.7779,0.7857,0.6774,0.8813,0.9516,588.8,Reach max iteration 50 | best_iter=2
roberta,sum,fb237_v3_ind_seed7001,150,1.0,96,7001,0.6717,0.6533,0.8514,0.7788,0.7697,0.6533,0.8719,0.9462,590.8,Reach max iteration 50 | best_iter=2
roberta,sum,fb237_v3_ind_seed7005,150,1.0,96,7005,0.6644,0.6628,0.8544,0.7761,0.7701,0.6628,0.8555,0.9472,593.0,Reach max iteration 50 | best_iter=2
roberta,sum,fb237_v3_ind_seed7009,150,1.0,96,7009,0.6678,0.6636,0.8935,0.7774,0.7759,0.6636,0.8675,0.9516,562.1,Reach max iteration 50 | best_iter=3
roberta,sum,fb237_v3_ind_seed7001,150,5.0,16,7001,0.6624,0.627,0.9309,0.7779,0.7612,0.627,0.881,0.9691,566.9,Reach max iteration 50 | best_iter=33
roberta,sum,fb237_v3_ind_seed7005,150,5.0,16,7005,0.6804,0.6548,0.8603,0.7841,0.7624,0.6548,0.8486,0.9472,556.6,Reach max iteration 50 | best_iter=2
roberta,sum,fb237_v3_ind_seed7009,150,5.0,16,7009,0.6667,0.6567,0.9267,0.7765,0.7743,0.6567,0.8813,0.9516,551.8,Reach max iteration 50 | best_iter=26
roberta,sum,fb237_v3_ind_seed7001,150,5.0,32,7001,0.6578,0.6407,0.9309,0.7795,0.7699,0.6407,0.8902,0.9611,550.4,Reach max iteration 50 | best_iter=34
roberta,sum,fb237_v3_ind_seed7005,150,5.0,32,7005,0.6586,0.6445,0.9292,0.7791,0.7655,0.6445,0.8739,0.9495,570.8,Reach max iteration 50 | best_iter=48
roberta,sum,fb237_v3_ind_seed7009,150,5.0,32,7009,0.6747,0.6429,0.927,0.7833,0.7692,0.6429,0.8848,0.9608,565.3,Reach max iteration 50 | best_iter=24
roberta,sum,fb237_v3_ind_seed7001,150,5.0,48,7001,0.6717,0.6213,0.9309,0.7893,0.7628,0.6213,0.8982,0.9703,562.4,Reach max iteration 50 | best_iter=46
roberta,sum,fb237_v3_ind_seed7005,150,5.0,48,7005,0.6518,0.6422,0.9294,0.7759,0.7638,0.6422,0.8681,0.9495,558.6,Reach max iteration 50 | best_iter=50
roberta,sum,fb237_v3_ind_seed7009,150,5.0,48,7009,0.6632,0.6671,0.9269,0.7779,0.78,0.6671,0.8802,0.9597,562.7,Reach max iteration 50 | best_iter=36
roberta,sum,fb237_v3_ind_seed7001,150,5.0,64,7001,0.6647,0.6362,0.9309,0.7844,0.7702,0.6362,0.8913,0.9725,569.7,Reach max iteration 50 | best_iter=49
roberta,sum,fb237_v3_ind_seed7005,150,5.0,64,7005,0.6632,0.6445,0.8957,0.7791,0.7628,0.6445,0.8658,0.9461,564.0,Reach max iteration 50 | best_iter=3
roberta,sum,fb237_v3_ind_seed7009,150,5.0,64,7009,0.669,0.6613,0.927,0.7813,0.7793,0.6613,0.8871,0.9585,570.6,Reach max iteration 50 | best_iter=49
roberta,sum,fb237_v3_ind_seed7001,150,5.0,80,7001,0.6705,0.6373,0.9309,0.7888,0.7685,0.6373,0.889,0.9645,583.7,Reach max iteration 50 | best_iter=31
roberta,sum,fb237_v3_ind_seed7005,150,5.0,80,7005,0.6655,0.633,0.9292,0.7859,0.7597,0.633,0.8704,0.9438,589.4,Reach max iteration 50 | best_iter=47
roberta,sum,fb237_v3_ind_seed7009,150,5.0,80,7009,0.6713,0.6717,0.8909,0.7799,0.7845,0.6717,0.8882,0.9528,588.5,Reach max iteration 50 | best_iter=2
roberta,sum,fb237_v3_ind_seed7001,150,5.0,96,7001,0.6601,0.6373,0.9309,0.7812,0.77,0.6373,0.8959,0.9657,592.1,Reach max iteration 50 | best_iter=43
roberta,sum,fb237_v3_ind_seed7005,150,5.0,96,7005,0.6552,0.656,0.8907,0.7722,0.7688,0.656,0.8681,0.9484,596.9,Reach max iteration 50 | best_iter=3
roberta,sum,fb237_v3_ind_seed7009,150,5.0,96,7009,0.6655,0.6578,0.9269,0.7806,0.777,0.6578,0.8848,0.9654,562.3,Reach max iteration 50 | best_iter=49
roberta,sum,fb237_v3_ind_seed7001,150,10.0,16,7001,0.6613,0.6316,0.9305,0.7836,0.7687,0.6316,0.8913,0.9748,553.4,Reach max iteration 50 | best_iter=27
roberta,sum,fb237_v3_ind_seed7005,150,10.0,16,7005,0.669,0.6548,0.8658,0.7802,0.7649,0.6548,0.8544,0.9461,547.9,Reach max iteration 50 | best_iter=2
roberta,sum,fb237_v3_ind_seed7009,150,10.0,16,7009,0.6759,0.6578,0.9265,0.7844,0.778,0.6578,0.8848,0.962,567.9,Reach max iteration 50 | best_iter=21
roberta,sum,fb237_v3_ind_seed7001,150,10.0,32,7001,0.6728,0.6373,0.9301,0.7903,0.7713,0.6373,0.9039,0.9725,578.0,Reach max iteration 50 | best_iter=14
roberta,sum,fb237_v3_ind_seed7005,150,10.0,32,7005,0.6667,0.6456,0.9288,0.7854,0.7679,0.6456,0.8773,0.9507,565.6,Reach max iteration 50 | best_iter=31
roberta,sum,fb237_v3_ind_seed7009,150,10.0,32,7009,0.6759,0.6578,0.9266,0.7858,0.7773,0.6578,0.8825,0.9608,580.6,Reach max iteration 50 | best_iter=18
roberta,sum,fb237_v3_ind_seed7001,150,10.0,48,7001,0.6775,0.6384,0.9305,0.7918,0.7715,0.6384,0.8936,0.9714,556.4,Reach max iteration 50 | best_iter=45
roberta,sum,fb237_v3_ind_seed7005,150,10.0,48,7005,0.6598,0.6433,0.9284,0.7836,0.7667,0.6433,0.8739,0.9553,556.5,Reach max iteration 50 | best_iter=41
roberta,sum,fb237_v3_ind_seed7009,150,10.0,48,7009,0.6667,0.6613,0.9263,0.7833,0.7797,0.6613,0.8836,0.9597,550.8,Reach max iteration 50 | best_iter=27
roberta,sum,fb237_v3_ind_seed7001,150,10.0,64,7001,0.6694,0.6339,0.9305,0.7889,0.7711,0.6339,0.8902,0.9771,580.3,Reach max iteration 50 | best_iter=32
roberta,sum,fb237_v3_ind_seed7005,150,10.0,64,7005,0.6586,0.6583,0.9274,0.7823,0.7748,0.6583,0.8727,0.9518,563.6,Reach max iteration 50 | best_iter=17
roberta,sum,fb237_v3_ind_seed7009,150,10.0,64,7009,0.677,0.6544,0.9254,0.7863,0.775,0.6544,0.879,0.962,566.6,Reach max iteration 50 | best_iter=14
roberta,sum,fb237_v3_ind_seed7001,150,10.0,80,7001,0.6694,0.6373,0.9292,0.7924,0.7707,0.6373,0.8902,0.9703,581.6,Reach max iteration 50 | best_iter=15
roberta,sum,fb237_v3_ind_seed7005,150,10.0,80,7005,0.6747,0.6548,0.8922,0.7891,0.7702,0.6548,0.8704,0.9495,571.9,Reach max iteration 50 | best_iter=3
roberta,sum,fb237_v3_ind_seed7009,150,10.0,80,7009,0.6805,0.6774,0.8451,0.783,0.7871,0.6774,0.8825,0.9597,581.1,Reach max iteration 50 | best_iter=2
roberta,sum,fb237_v3_ind_seed7001,150,10.0,96,7001,0.6624,0.643,0.9304,0.7868,0.7763,0.643,0.905,0.9737,592.2,Reach max iteration 50 | best_iter=46
roberta,sum,fb237_v3_ind_seed7005,150,10.0,96,7005,0.6621,0.6445,0.9282,0.7845,0.7678,0.6445,0.8773,0.9495,601.8,Reach max iteration 50 | best_iter=49
roberta,sum,fb237_v3_ind_seed7009,150,10.0,96,7009,0.6931,0.6694,0.8731,0.7925,0.7819,0.6694,0.8836,0.9631,565.5,Reach max iteration 50 | best_iter=2
roberta,sum,fb237_v3_ind_seed7001,150,50.0,16,7001,0.7121,0.6808,0.871,0.8159,0.7982,0.6808,0.9096,0.9794,566.9,Reach max iteration 50 | best_iter=5
roberta,sum,fb237_v3_ind_seed7005,150,50.0,16,7005,0.6976,0.6892,0.8736,0.8117,0.7963,0.6892,0.8865,0.9633,557.1,Reach max iteration 50 | best_iter=5
roberta,sum,fb237_v3_ind_seed7009,150,50.0,16,7009,0.7103,0.6982,0.859,0.8051,0.8032,0.6982,0.8975,0.9654,566.4,Reach max iteration 50 | best_iter=3
roberta,sum,fb237_v3_ind_seed7001,150,50.0,32,7001,0.704,0.6773,0.8862,0.8128,0.7975,0.6773,0.9119,0.9783,571.5,Reach max iteration 50 | best_iter=8
roberta,sum,fb237_v3_ind_seed7005,150,50.0,32,7005,0.709,0.68,0.8841,0.8178,0.7933,0.68,0.8979,0.9644,568.5,Reach max iteration 50 | best_iter=7
roberta,sum,fb237_v3_ind_seed7009,150,50.0,32,7009,0.7023,0.6993,0.8709,0.8059,0.806,0.6993,0.9044,0.9677,573.9,Reach max iteration 50 | best_iter=4
roberta,sum,fb237_v3_ind_seed7001,150,50.0,48,7001,0.711,0.6796,0.8602,0.8167,0.8007,0.6796,0.9108,0.9783,570.5,Reach max iteration 50 | best_iter=3
roberta,sum,fb237_v3_ind_seed7005,150,50.0,48,7005,0.7068,0.6858,0.8811,0.8167,0.7949,0.6858,0.8968,0.961,566.0,Reach max iteration 50 | best_iter=5
roberta,sum,fb237_v3_ind_seed7009,150,50.0,48,7009,0.7046,0.6947,0.8707,0.8083,0.8068,0.6947,0.9101,0.9724,569.8,Reach max iteration 50 | best_iter=4
roberta,sum,fb237_v3_ind_seed7001,150,50.0,64,7001,0.7064,0.6579,0.8892,0.8151,0.7906,0.6579,0.9211,0.976,583.5,Reach max iteration 50 | best_iter=10
roberta,sum,fb237_v3_ind_seed7005,150,50.0,64,7005,0.6987,0.6755,0.8856,0.8106,0.7894,0.6755,0.8876,0.9667,579.6,Reach max iteration 50 | best_iter=7
roberta,sum,fb237_v3_ind_seed7009,150,50.0,64,7009,0.7069,0.6855,0.8853,0.8095,0.8021,0.6855,0.9101,0.9724,570.0,Reach max iteration 50 | best_iter=9
roberta,sum,fb237_v3_ind_seed7001,150,50.0,80,7001,0.7202,0.6831,0.8817,0.8238,0.8024,0.6831,0.9188,0.9771,591.0,Reach max iteration 50 | best_iter=5
roberta,sum,fb237_v3_ind_seed7005,150,50.0,80,7005,0.7045,0.6755,0.8843,0.815,0.7907,0.6755,0.8922,0.9656,584.9,Reach max iteration 50 | best_iter=8
roberta,sum,fb237_v3_ind_seed7009,150,50.0,80,7009,0.7069,0.7005,0.877,0.8089,0.8077,0.7005,0.9044,0.97,586.1,Reach max iteration 50 | best_iter=6
roberta,sum,fb237_v3_ind_seed7001,150,50.0,96,7001,0.7168,0.6796,0.8744,0.8188,0.8012,0.6796,0.9199,0.9737,597.7,Reach max iteration 50 | best_iter=6
roberta,sum,fb237_v3_ind_seed7005,150,50.0,96,7005,0.6987,0.6778,0.8856,0.8105,0.7914,0.6778,0.8888,0.9633,596.9,Reach max iteration 50 | best_iter=10
roberta,sum,fb237_v3_ind_seed7009,150,50.0,96,7009,0.708,0.6878,0.8844,0.8097,0.8032,0.6878,0.9078,0.9735,598.9,Reach max iteration 50 | best_iter=8
roberta,sum,fb237_v3_ind_seed7001,150,100.0,16,7001,0.7202,0.6876,0.8391,0.8206,0.8049,0.6876,0.913,0.9794,533.0,Reach max iteration 50 | best_iter=22
roberta,sum,fb237_v3_ind_seed7005,150,100.0,16,7005,0.7102,0.7018,0.8375,0.8172,0.8038,0.7018,0.8911,0.9679,541.3,Reach max iteration 50 | best_iter=10
roberta,sum,fb237_v3_ind_seed7009,150,100.0,16,7009,0.7264,0.7051,0.8336,0.819,0.8106,0.7051,0.8963,0.9712,538.0,Reach max iteration 50 | best_iter=8
roberta,sum,fb237_v3_ind_seed7001,150,100.0,32,7001,0.7214,0.6796,0.846,0.8243,0.8027,0.6796,0.9188,0.9805,548.5,Reach max iteration 50 | best_iter=20
roberta,sum,fb237_v3_ind_seed7005,150,100.0,32,7005,0.7228,0.7041,0.8386,0.8237,0.8069,0.7041,0.8888,0.9656,553.8,Reach max iteration 50 | best_iter=10
roberta,sum,fb237_v3_ind_seed7009,150,100.0,32,7009,0.7218,0.7154,0.8334,0.8177,0.8184,0.7154,0.9147,0.97,552.0,Reach max iteration 50 | best_iter=8
roberta,sum,fb237_v3_ind_seed7001,150,100.0,48,7001,0.7191,0.6968,0.8314,0.8233,0.8108,0.6968,0.9222,0.9805,568.6,Reach max iteration 50 | best_iter=7
roberta,sum,fb237_v3_ind_seed7005,150,100.0,48,7005,0.7228,0.695,0.8431,0.8246,0.8005,0.695,0.8956,0.9656,556.6,Reach max iteration 50 | best_iter=13
roberta,sum,fb237_v3_ind_seed7009,150,100.0,48,7009,0.7287,0.7097,0.8302,0.8206,0.8143,0.7097,0.9113,0.9758,566.8,Reach max iteration 50 | best_iter=6
roberta,sum,fb237_v3_ind_seed7001,150,100.0,64,7001,0.7133,0.6968,0.8371,0.8208,0.8112,0.6968,0.9142,0.9805,576.6,Reach max iteration 50 | best_iter=6
roberta,sum,fb237_v3_ind_seed7005,150,100.0,64,7005,0.7148,0.6961,0.8565,0.8196,0.8007,0.6961,0.8876,0.9644,574.7,Reach max iteration 50 | best_iter=37
roberta,sum,fb237_v3_ind_seed7009,150,100.0,64,7009,0.7264,0.7051,0.8393,0.8199,0.8107,0.7051,0.9067,0.97,580.9,Reach max iteration 50 | best_iter=8
roberta,sum,fb237_v3_ind_seed7001,150,100.0,80,7001,0.7202,0.7025,0.8424,0.8252,0.8156,0.7025,0.9222,0.9805,583.1,Reach max iteration 50 | best_iter=9
roberta,sum,fb237_v3_ind_seed7005,150,100.0,80,7005,0.7216,0.6927,0.8529,0.824,0.8005,0.6927,0.8956,0.9644,583.5,Reach max iteration 50 | best_iter=12
roberta,sum,fb237_v3_ind_seed7009,150,100.0,80,7009,0.7184,0.7074,0.8548,0.8139,0.8131,0.7074,0.9136,0.9735,592.1,Reach max iteration 50 | best_iter=40
roberta,sum,fb237_v3_ind_seed7001,150,100.0,96,7001,0.7225,0.7082,0.8423,0.8252,0.819,0.7082,0.9233,0.9794,590.6,Reach max iteration 50 | best_iter=8
roberta,sum,fb237_v3_ind_seed7005,150,100.0,96,7005,0.7182,0.7064,0.8323,0.8242,0.8039,0.7064,0.8796,0.9644,592.5,Reach max iteration 50 | best_iter=6
roberta,sum,fb237_v3_ind_seed7009,150,100.0,96,7009,0.7172,0.7131,0.8519,0.8147,0.8166,0.7131,0.909,0.977,568.2,Reach max iteration 50 | best_iter=20
roberta,sum,fb237_v3_ind_seed7001,150,500.0,16,7001,0.6983,0.6636,0.7084,0.7945,0.7703,0.6636,0.8501,0.9451,311.0,Reach max iteration 50 | best_iter=27
roberta,sum,fb237_v3_ind_seed7005,150,500.0,16,7005,0.6712,0.6514,0.7006,0.7713,0.7604,0.6514,0.8475,0.9358,310.3,Reach max iteration 50 | best_iter=16
roberta,sum,fb237_v3_ind_seed7009,150,500.0,16,7009,0.6816,0.6717,0.706,0.7742,0.7743,0.6717,0.8514,0.9412,322.2,Reach max iteration 50 | best_iter=10
roberta,sum,fb237_v3_ind_seed7001,150,500.0,32,7001,0.7006,0.6796,0.7191,0.7993,0.7839,0.6796,0.8661,0.9531,375.4,Reach max iteration 50 | best_iter=9
roberta,sum,fb237_v3_ind_seed7005,150,500.0,32,7005,0.6838,0.6869,0.7243,0.788,0.7848,0.6869,0.8601,0.9461,367.7,Reach max iteration 50 | best_iter=10
roberta,sum,fb237_v3_ind_seed7009,150,500.0,32,7009,0.6977,0.682,0.7242,0.7893,0.7861,0.682,0.8687,0.9493,376.9,Reach max iteration 50 | best_iter=46
roberta,sum,fb237_v3_ind_seed7001,150,500.0,48,7001,0.7133,0.6773,0.7313,0.8091,0.788,0.6773,0.881,0.96,418.4,Reach max iteration 50 | best_iter=15
roberta,sum,fb237_v3_ind_seed7005,150,500.0,48,7005,0.6907,0.6835,0.7288,0.7939,0.784,0.6835,0.8612,0.9507,422.9,Reach max iteration 50 | best_iter=36
roberta,sum,fb237_v3_ind_seed7009,150,500.0,48,7009,0.7011,0.6901,0.7309,0.7933,0.7926,0.6901,0.8698,0.9551,424.4,Reach max iteration 50 | best_iter=40
roberta,sum,fb237_v3_ind_seed7001,150,500.0,64,7001,0.7191,0.6899,0.7397,0.8135,0.7973,0.6899,0.8822,0.9657,496.9,Reach max iteration 50 | best_iter=9
roberta,sum,fb237_v3_ind_seed7005,150,500.0,64,7005,0.6907,0.7007,0.7397,0.797,0.7953,0.7007,0.8716,0.953,483.0,Reach max iteration 50 | best_iter=17
roberta,sum,fb237_v3_ind_seed7009,150,500.0,64,7009,0.708,0.6947,0.7409,0.7977,0.7966,0.6947,0.8767,0.9574,483.5,Reach max iteration 50 | best_iter=23
roberta,sum,fb237_v3_ind_seed7001,150,500.0,80,7001,0.7145,0.6819,0.7459,0.8126,0.7948,0.6819,0.8879,0.9668,532.1,Reach max iteration 50 | best_iter=16
roberta,sum,fb237_v3_ind_seed7005,150,500.0,80,7005,0.6964,0.6995,0.7438,0.8003,0.7967,0.6995,0.8716,0.9576,533.6,Reach max iteration 50 | best_iter=35
roberta,sum,fb237_v3_ind_seed7009,150,500.0,80,7009,0.7103,0.6935,0.7486,0.8002,0.795,0.6935,0.8744,0.9631,539.0,Reach max iteration 50 | best_iter=21
roberta,sum,fb237_v3_ind_seed7001,150,500.0,96,7001,0.7156,0.6876,0.7509,0.8134,0.8002,0.6876,0.897,0.9657,554.9,Reach max iteration 50 | best_iter=13
roberta,sum,fb237_v3_ind_seed7005,150,500.0,96,7005,0.6999,0.7007,0.7497,0.8031,0.7978,0.7007,0.8727,0.9576,582.0,Reach max iteration 50 | best_iter=11
roberta,sum,fb237_v3_ind_seed7009,150,500.0,96,7009,0.708,0.6993,0.7504,0.8003,0.7985,0.6993,0.8744,0.9608,588.5,Reach max iteration 50 | best_iter=44
roberta,sum,fb237_v3_ind_seed7001,150,1000.0,16,7001,0.6266,0.6018,0.6172,0.7335,0.7078,0.6018,0.7746,0.889,283.1,Reach max iteration 50 | best_iter=22
roberta,sum,fb237_v3_ind_seed7005,150,1000.0,16,7005,0.5934,0.6009,0.6189,0.6978,0.7022,0.6009,0.7615,0.8933,276.6,Reach max iteration 50 | best_iter=23
roberta,sum,fb237_v3_ind_seed7009,150,1000.0,16,7009,0.5897,0.5991,0.6174,0.6996,0.7122,0.5991,0.7869,0.894,274.9,Reach max iteration 50 | best_iter=40
roberta,sum,fb237_v3_ind_seed7001,150,1000.0,32,7001,0.6532,0.6316,0.6476,0.7551,0.7354,0.6316,0.8066,0.9096,302.1,Reach max iteration 50 | best_iter=50
roberta,sum,fb237_v3_ind_seed7005,150,1000.0,32,7005,0.6163,0.6307,0.648,0.7261,0.7332,0.6307,0.8028,0.9106,280.8,Reach max iteration 50 | best_iter=14
roberta,sum,fb237_v3_ind_seed7009,150,1000.0,32,7009,0.6161,0.6382,0.6462,0.726,0.7416,0.6382,0.8099,0.9113,286.1,Reach max iteration 50 | best_iter=10
roberta,sum,fb237_v3_ind_seed7001,150,1000.0,48,7001,0.6717,0.6499,0.6683,0.772,0.752,0.6499,0.8261,0.9199,336.6,Reach max iteration 50 | best_iter=11
roberta,sum,fb237_v3_ind_seed7005,150,1000.0,48,7005,0.6357,0.6307,0.6606,0.7421,0.7381,0.6307,0.8165,0.9197,331.1,Reach max iteration 50 | best_iter=10
roberta,sum,fb237_v3_ind_seed7009,150,1000.0,48,7009,0.6333,0.6509,0.6583,0.7406,0.7534,0.6509,0.8249,0.9205,330.4,Reach max iteration 50 | best_iter=35
roberta,sum,fb237_v3_ind_seed7001,150,1000.0,64,7001,0.6798,0.6487,0.6815,0.7785,0.7536,0.6487,0.8295,0.9291,381.2,Reach max iteration 50 | best_iter=29
roberta,sum,fb237_v3_ind_seed7005,150,1000.0,64,7005,0.6483,0.6445,0.6714,0.7541,0.7513,0.6445,0.8372,0.9266,380.4,Reach max iteration 50 | best_iter=18
roberta,sum,fb237_v3_ind_seed7009,150,1000.0,64,7009,0.6379,0.6601,0.6709,0.7461,0.7637,0.6601,0.841,0.9286,383.4,Reach max iteration 50 | best_iter=21
roberta,sum,fb237_v3_ind_seed7001,150,1000.0,80,7001,0.6855,0.6545,0.6906,0.7854,0.7626,0.6545,0.8444,0.9348,421.4,Reach max iteration 50 | best_iter=25
roberta,sum,fb237_v3_ind_seed7005,150,1000.0,80,7005,0.6655,0.6468,0.6901,0.7666,0.7555,0.6468,0.836,0.9312,416.3,Reach max iteration 50 | best_iter=14
roberta,sum,fb237_v3_ind_seed7009,150,1000.0,80,7009,0.654,0.6613,0.6824,0.756,0.7677,0.6613,0.8514,0.9297,426.8,Reach max iteration 50 | best_iter=41
roberta,sum,fb237_v3_ind_seed7001,150,1000.0,96,7001,0.6855,0.6579,0.6913,0.7847,0.765,0.6579,0.8467,0.9359,441.5,Reach max iteration 50 | best_iter=28
roberta,sum,fb237_v3_ind_seed7005,150,1000.0,96,7005,0.6678,0.6583,0.6978,0.7714,0.7634,0.6583,0.8452,0.9346,444.1,Reach max iteration 50 | best_iter=16
roberta,sum,fb237_v3_ind_seed7009,150,1000.0,96,7009,0.6678,0.6751,0.6964,0.7667,0.7759,0.6751,0.8571,0.9355,443.3,Reach max iteration 50 | best_iter=14
roberta,sum,fb237_v3_ind_seed7001,175,1.0,16,7001,0.6751,0.6442,0.8502,0.7804,0.763,0.6442,0.8684,0.9519,640.0,Reach max iteration 50 | best_iter=2
roberta,sum,fb237_v3_ind_seed7005,175,1.0,16,7005,0.6678,0.6456,0.8896,0.7814,0.7631,0.6456,0.8612,0.9415,613.3,Reach max iteration 50 | best_iter=3
roberta,sum,fb237_v3_ind_seed7009,175,1.0,16,7009,0.6713,0.6555,0.8354,0.773,0.7673,0.6555,0.8583,0.9493,651.7,Reach max iteration 50 | best_iter=2
roberta,sum,fb237_v3_ind_seed7001,175,1.0,32,7001,0.6624,0.6304,0.8915,0.7794,0.7573,0.6304,0.873,0.9474,650.7,Reach max iteration 50 | best_iter=2
roberta,sum,fb237_v3_ind_seed7005,175,1.0,32,7005,0.6552,0.6548,0.8918,0.774,0.7663,0.6548,0.8589,0.945,651.9,Reach max iteration 50 | best_iter=3
roberta,sum,fb237_v3_ind_seed7009,175,1.0,32,7009,0.654,0.6417,0.9253,0.7627,0.764,0.6417,0.8744,0.9528,664.1,Reach max iteration 50 | best_iter=5
roberta,sum,fb237_v3_ind_seed7001,175,1.0,48,7001,0.6671,0.6293,0.9121,0.7797,0.7591,0.6293,0.8684,0.9542,644.7,Reach max iteration 50 | best_iter=3
roberta,sum,fb237_v3_ind_seed7005,175,1.0,48,7005,0.6529,0.6273,0.9067,0.7712,0.7479,0.6273,0.8475,0.9369,660.8,Reach max iteration 50 | best_iter=3
roberta,sum,fb237_v3_ind_seed7009,175,1.0,48,7009,0.6621,0.6325,0.8707,0.765,0.7513,0.6325,0.856,0.9378,648.1,Reach max iteration 50 | best_iter=2
roberta,sum,fb237_v3_ind_seed7001,175,1.0,64,7001,0.6936,0.6304,0.8124,0.7878,0.7503,0.6304,0.8513,0.9416,663.5,Reach max iteration 50 | best_iter=2
roberta,sum,fb237_v3_ind_seed7005,175,1.0,64,7005,0.6541,0.6479,0.8991,0.7765,0.7607,0.6479,0.8509,0.945,655.6,Reach max iteration 50 | best_iter=3
roberta,sum,fb237_v3_ind_seed7009,175,1.0,64,7009,0.6632,0.6555,0.9043,0.7725,0.7674,0.6555,0.8618,0.9482,666.8,Reach max iteration 50 | best_iter=2
roberta,sum,fb237_v3_ind_seed7001,175,1.0,80,7001,0.6763,0.6396,0.8998,0.7868,0.7668,0.6396,0.8844,0.9588,664.5,Reach max iteration 50 | best_iter=2
roberta,sum,fb237_v3_ind_seed7005,175,1.0,80,7005,0.6586,0.6628,0.8841,0.7785,0.7717,0.6628,0.8601,0.9438,646.8,Reach max iteration 50 | best_iter=2
roberta,sum,fb237_v3_ind_seed7009,175,1.0,80,7009,0.6678,0.6601,0.9099,0.7787,0.7783,0.6601,0.8744,0.9631,661.1,Reach max iteration 50 | best_iter=4
roberta,sum,fb237_v3_ind_seed7001,175,1.0,96,7001,0.6671,0.6533,0.8943,0.7848,0.7785,0.6533,0.8913,0.9611,656.6,Reach max iteration 50 | best_iter=3
roberta,sum,fb237_v3_ind_seed7005,175,1.0,96,7005,0.6564,0.6606,0.8682,0.7762,0.7699,0.6606,0.8624,0.9472,650.8,Reach max iteration 50 | best_iter=2
roberta,sum,fb237_v3_ind_seed7009,175,1.0,96,7009,0.6828,0.6659,0.8355,0.7855,0.7767,0.6659,0.871,0.9585,649.6,Reach max iteration 50 | best_iter=2
roberta,sum,fb237_v3_ind_seed7001,175,5.0,16,7001,0.6509,0.6304,0.9309,0.777,0.7637,0.6304,0.8856,0.9668,647.9,Reach max iteration 50 | best_iter=16
roberta,sum,fb237_v3_ind_seed7005,175,5.0,16,7005,0.6586,0.6342,0.8818,0.7777,0.7573,0.6342,0.8658,0.9427,649.3,Reach max iteration 50 | best_iter=3
roberta,sum,fb237_v3_ind_seed7009,175,5.0,16,7009,0.6724,0.6567,0.9269,0.7811,0.7727,0.6567,0.871,0.9493,655.6,Reach max iteration 50 | best_iter=19
roberta,sum,fb237_v3_ind_seed7001,175,5.0,32,7001,0.674,0.6373,0.8771,0.7814,0.7595,0.6373,0.8684,0.9497,647.0,Reach max iteration 50 | best_iter=3
roberta,sum,fb237_v3_ind_seed7005,175,5.0,32,7005,0.6518,0.6422,0.9292,0.7774,0.7641,0.6422,0.8658,0.9461,641.0,Reach max iteration 50 | best_iter=46
roberta,sum,fb237_v3_ind_seed7009,175,5.0,32,7009,0.6736,0.6601,0.9269,0.782,0.779,0.6601,0.8859,0.9608,661.4,Reach max iteration 50 | best_iter=39
roberta,sum,fb237_v3_ind_seed7001,175,5.0,48,7001,0.6786,0.6579,0.825,0.7861,0.7761,0.6579,0.8799,0.9497,649.3,Reach max iteration 50 | best_iter=2
roberta,sum,fb237_v3_ind_seed7005,175,5.0,48,7005,0.6506,0.6411,0.9294,0.7768,0.7633,0.6411,0.8704,0.9495,646.1,Reach max iteration 50 | best_iter=50
roberta,sum,fb237_v3_ind_seed7009,175,5.0,48,7009,0.6598,0.6647,0.927,0.776,0.7802,0.6647,0.8836,0.9585,653.6,Reach max iteration 50 | best_iter=40
roberta,sum,fb237_v3_ind_seed7001,175,5.0,64,7001,0.6809,0.6316,0.8186,0.7869,0.7587,0.6316,0.8684,0.9542,646.8,Reach max iteration 50 | best_iter=2
roberta,sum,fb237_v3_ind_seed7005,175,5.0,64,7005,0.6667,0.6411,0.8528,0.7826,0.759,0.6411,0.8612,0.945,655.3,Reach max iteration 50 | best_iter=2
roberta,sum,fb237_v3_ind_seed7009,175,5.0,64,7009,0.6678,0.6636,0.9112,0.7786,0.7752,0.6636,0.871,0.9539,653.8,Reach max iteration 50 | best_iter=4
roberta,sum,fb237_v3_ind_seed7001,175,5.0,80,7001,0.6798,0.6487,0.8848,0.7912,0.7738,0.6487,0.889,0.9657,671.4,Reach max iteration 50 | best_iter=2
roberta,sum,fb237_v3_ind_seed7005,175,5.0,80,7005,0.6564,0.6491,0.8846,0.7805,0.7648,0.6491,0.8578,0.9404,639.8,Reach max iteration 50 | best_iter=2
roberta,sum,fb237_v3_ind_seed7009,175,5.0,80,7009,0.6793,0.6717,0.8988,0.7894,0.7888,0.6717,0.8917,0.9689,661.5,Reach max iteration 50 | best_iter=3
roberta,sum,fb237_v3_ind_seed7001,175,5.0,96,7001,0.6902,0.6568,0.8508,0.7925,0.7777,0.6568,0.8879,0.9519,656.4,Reach max iteration 50 | best_iter=2
roberta,sum,fb237_v3_ind_seed7005,175,5.0,96,7005,0.6529,0.633,0.9291,0.7775,0.7593,0.633,0.8727,0.9415,652.9,Reach max iteration 50 | best_iter=28
roberta,sum,fb237_v3_ind_seed7009,175,5.0,96,7009,0.6575,0.6624,0.927,0.7748,0.7794,0.6624,0.8836,0.9631,647.9,Reach max iteration 50 | best_iter=50
roberta,sum,fb237_v3_ind_seed7001,175,10.0,16,7001,0.6636,0.627,0.9305,0.7842,0.7635,0.627,0.8913,0.9725,627.2,Reach max iteration 50 | best_iter=19
roberta,sum,fb237_v3_ind_seed7005,175,10.0,16,7005,0.6644,0.6628,0.8957,0.7839,0.7717,0.6628,0.8658,0.945,630.3,Reach max iteration 50 | best_iter=4
roberta,sum,fb237_v3_ind_seed7009,175,10.0,16,7009,0.6747,0.6567,0.9266,0.7853,0.7743,0.6567,0.8802,0.9551,648.7,Reach max iteration 50 | best_iter=21
roberta,sum,fb237_v3_ind_seed7001,175,10.0,32,7001,0.6682,0.6384,0.9308,0.7899,0.7741,0.6384,0.9005,0.9737,654.9,Reach max iteration 50 | best_iter=39
roberta,sum,fb237_v3_ind_seed7005,175,10.0,32,7005,0.6644,0.6479,0.928,0.7837,0.7677,0.6479,0.8704,0.9495,659.5,Reach max iteration 50 | best_iter=15
roberta,sum,fb237_v3_ind_seed7009,175,10.0,32,7009,0.669,0.6486,0.9262,0.7804,0.773,0.6486,0.8894,0.962,639.5,Reach max iteration 50 | best_iter=18
roberta,sum,fb237_v3_ind_seed7001,175,10.0,48,7001,0.6879,0.6716,0.8652,0.7932,0.7881,0.6716,0.8936,0.9622,643.9,Reach max iteration 50 | best_iter=3
roberta,sum,fb237_v3_ind_seed7005,175,10.0,48,7005,0.677,0.6479,0.8903,0.7863,0.7618,0.6479,0.8555,0.9484,637.9,Reach max iteration 50 | best_iter=2
roberta,sum,fb237_v3_ind_seed7009,175,10.0,48,7009,0.6736,0.6694,0.9263,0.7856,0.7865,0.6694,0.894,0.9654,643.2,Reach max iteration 50 | best_iter=19
roberta,sum,fb237_v3_ind_seed7001,175,10.0,64,7001,0.6775,0.6487,0.9052,0.7918,0.777,0.6487,0.8982,0.9634,641.9,Reach max iteration 50 | best_iter=4
roberta,sum,fb237_v3_ind_seed7005,175,10.0,64,7005,0.6747,0.656,0.9049,0.7914,0.7697,0.656,0.8681,0.9472,655.5,Reach max iteration 50 | best_iter=3
roberta,sum,fb237_v3_ind_seed7009,175,10.0,64,7009,0.6667,0.6647,0.9266,0.7808,0.7834,0.6647,0.8906,0.9608,667.2,Reach max iteration 50 | best_iter=34
roberta,sum,fb237_v3_ind_seed7001,175,10.0,80,7001,0.6832,0.6373,0.899,0.7939,0.7675,0.6373,0.8947,0.9634,669.4,Reach max iteration 50 | best_iter=2
roberta,sum,fb237_v3_ind_seed7005,175,10.0,80,7005,0.6609,0.664,0.8938,0.7831,0.7747,0.664,0.8681,0.9438,644.6,Reach max iteration 50 | best_iter=2
roberta,sum,fb237_v3_ind_seed7009,175,10.0,80,7009,0.6759,0.6786,0.9088,0.7857,0.7916,0.6786,0.8917,0.9724,657.6,Reach max iteration 50 | best_iter=5
roberta,sum,fb237_v3_ind_seed7001,175,10.0,96,7001,0.674,0.6407,0.9303,0.7918,0.7738,0.6407,0.9027,0.9725,659.0,Reach max iteration 50 | best_iter=36
roberta,sum,fb237_v3_ind_seed7005,175,10.0,96,7005,0.6621,0.6663,0.9023,0.7822,0.7774,0.6663,0.8727,0.9518,647.4,Reach max iteration 50 | best_iter=3
roberta,sum,fb237_v3_ind_seed7009,175,10.0,96,7009,0.6621,0.6659,0.9267,0.7814,0.7851,0.6659,0.8929,0.9666,657.5,Reach max iteration 50 | best_iter=47
roberta,sum,fb237_v3_ind_seed7001,175,50.0,16,7001,0.7098,0.6739,0.8744,0.8155,0.7985,0.6739,0.9119,0.976,653.4,Reach max iteration 50 | best_iter=5
roberta,sum,fb237_v3_ind_seed7005,175,50.0,16,7005,0.6976,0.6904,0.881,0.811,0.7962,0.6904,0.8888,0.9633,645.6,Reach max iteration 50 | best_iter=8
roberta,sum,fb237_v3_ind_seed7009,175,50.0,16,7009,0.7034,0.6901,0.889,0.8068,0.7995,0.6901,0.8975,0.9712,655.7,Reach max iteration 50 | best_iter=10
roberta,sum,fb237_v3_ind_seed7001,175,50.0,32,7001,0.7029,0.6831,0.8693,0.8131,0.8019,0.6831,0.9142,0.9783,654.2,Reach max iteration 50 | best_iter=4
roberta,sum,fb237_v3_ind_seed7005,175,50.0,32,7005,0.6919,0.6697,0.882,0.8067,0.7867,0.6697,0.8911,0.9656,653.9,Reach max iteration 50 | best_iter=6
roberta,sum,fb237_v3_ind_seed7009,175,50.0,32,7009,0.7023,0.6786,0.8853,0.8059,0.7989,0.6786,0.9101,0.9712,661.7,Reach max iteration 50 | best_iter=9
roberta,sum,fb237_v3_ind_seed7001,175,50.0,48,7001,0.7179,0.6854,0.8735,0.8206,0.8057,0.6854,0.9211,0.9794,638.0,Reach max iteration 50 | best_iter=8
roberta,sum,fb237_v3_ind_seed7005,175,50.0,48,7005,0.6976,0.6881,0.8864,0.8095,0.796,0.6881,0.8922,0.9656,657.2,Reach max iteration 50 | best_iter=7
roberta,sum,fb237_v3_ind_seed7009,175,50.0,48,7009,0.7092,0.697,0.8813,0.8101,0.8077,0.697,0.9032,0.97,652.4,Reach max iteration 50 | best_iter=8
roberta,sum,fb237_v3_ind_seed7001,175,50.0,64,7001,0.7087,0.6945,0.8716,0.8161,0.8093,0.6945,0.9233,0.9783,666.3,Reach max iteration 50 | best_iter=4
roberta,sum,fb237_v3_ind_seed7005,175,50.0,64,7005,0.7022,0.6823,0.8823,0.8109,0.7939,0.6823,0.8888,0.9633,651.5,Reach max iteration 50 | best_iter=7
roberta,sum,fb237_v3_ind_seed7009,175,50.0,64,7009,0.7069,0.697,0.877,0.8096,0.8081,0.697,0.909,0.9758,653.0,Reach max iteration 50 | best_iter=5
roberta,sum,fb237_v3_ind_seed7001,175,50.0,80,7001,0.7087,0.6762,0.885,0.8164,0.7998,0.6762,0.9188,0.9794,668.6,Reach max iteration 50 | best_iter=8
roberta,sum,fb237_v3_ind_seed7005,175,50.0,80,7005,0.7079,0.6823,0.8853,0.8151,0.7937,0.6823,0.8911,0.9633,658.2,Reach max iteration 50 | best_iter=8
roberta,sum,fb237_v3_ind_seed7009,175,50.0,80,7009,0.7011,0.6878,0.8862,0.8066,0.804,0.6878,0.9101,0.9758,661.6,Reach max iteration 50 | best_iter=10
roberta,sum,fb237_v3_ind_seed7001,175,50.0,96,7001,0.726,0.6785,0.8824,0.8265,0.8002,0.6785,0.9119,0.9805,668.7,Reach max iteration 50 | best_iter=8
roberta,sum,fb237_v3_ind_seed7005,175,50.0,96,7005,0.709,0.6835,0.8787,0.8159,0.791,0.6835,0.8761,0.961,673.6,Reach max iteration 50 | best_iter=6
roberta,sum,fb237_v3_ind_seed7009,175,50.0,96,7009,0.7103,0.6982,0.88,0.8115,0.8082,0.6982,0.9078,0.9724,667.0,Reach max iteration 50 | best_iter=8
roberta,sum,fb237_v3_ind_seed7001,175,100.0,16,7001,0.7202,0.6957,0.8406,0.8216,0.8082,0.6957,0.913,0.9771,616.2,Reach max iteration 50 | best_iter=46
roberta,sum,fb237_v3_ind_seed7005,175,100.0,16,7005,0.7125,0.7053,0.826,0.8175,0.8054,0.7053,0.8933,0.9644,616.6,Reach max iteration 50 | best_iter=6
roberta,sum,fb237_v3_ind_seed7009,175,100.0,16,7009,0.7218,0.7074,0.8265,0.8138,0.8119,0.7074,0.9044,0.9712,615.4,Reach max iteration 50 | best_iter=7
roberta,sum,fb237_v3_ind_seed7001,175,100.0,32,7001,0.726,0.6979,0.8339,0.8248,0.8118,0.6979,0.9119,0.9805,631.5,Reach max iteration 50 | best_iter=6
roberta,sum,fb237_v3_ind_seed7005,175,100.0,32,7005,0.7216,0.7064,0.818,0.8225,0.8076,0.7064,0.8933,0.9713,621.9,Reach max iteration 50 | best_iter=7
roberta,sum,fb237_v3_ind_seed7009,175,100.0,32,7009,0.7241,0.7108,0.8432,0.816,0.8159,0.7108,0.9113,0.9735,625.6,Reach max iteration 50 | best_iter=22
roberta,sum,fb237_v3_ind_seed7001,175,100.0,48,7001,0.7214,0.6922,0.8243,0.8244,0.807,0.6922,0.9108,0.9805,627.4,Reach max iteration 50 | best_iter=6
roberta,sum,fb237_v3_ind_seed7005,175,100.0,48,7005,0.7159,0.7053,0.8381,0.8209,0.8075,0.7053,0.8922,0.969,640.5,Reach max iteration 50 | best_iter=7
roberta,sum,fb237_v3_ind_seed7009,175,100.0,48,7009,0.7241,0.7074,0.8358,0.8177,0.811,0.7074,0.9055,0.9724,631.6,Reach max iteration 50 | best_iter=9
roberta,sum,fb237_v3_ind_seed7001,175,100.0,64,7001,0.711,0.7082,0.8304,0.8185,0.8156,0.7082,0.9119,0.9817,646.8,Reach max iteration 50 | best_iter=6
roberta,sum,fb237_v3_ind_seed7005,175,100.0,64,7005,0.7228,0.6927,0.8567,0.8233,0.7982,0.6927,0.883,0.961,641.7,Reach max iteration 50 | best_iter=39
roberta,sum,fb237_v3_ind_seed7009,175,100.0,64,7009,0.723,0.7051,0.8336,0.8164,0.8125,0.7051,0.9113,0.9712,640.6,Reach max iteration 50 | best_iter=8
roberta,sum,fb237_v3_ind_seed7001,175,100.0,80,7001,0.7272,0.7071,0.8262,0.8267,0.8159,0.7071,0.9165,0.9817,661.6,Reach max iteration 50 | best_iter=6
roberta,sum,fb237_v3_ind_seed7005,175,100.0,80,7005,0.7148,0.7018,0.8489,0.8204,0.8049,0.7018,0.8922,0.9667,657.7,Reach max iteration 50 | best_iter=9
roberta,sum,fb237_v3_ind_seed7009,175,100.0,80,7009,0.7241,0.712,0.838,0.8189,0.8148,0.712,0.9078,0.977,662.6,Reach max iteration 50 | best_iter=6
roberta,sum,fb237_v3_ind_seed7001,175,100.0,96,7001,0.726,0.7059,0.8336,0.8271,0.817,0.7059,0.9188,0.9817,669.1,Reach max iteration 50 | best_iter=5
roberta,sum,fb237_v3_ind_seed7005,175,100.0,96,7005,0.7205,0.6904,0.8482,0.8213,0.7976,0.6904,0.8899,0.9633,667.4,Reach max iteration 50 | best_iter=9
roberta,sum,fb237_v3_ind_seed7009,175,100.0,96,7009,0.723,0.7028,0.8365,0.8175,0.8118,0.7028,0.909,0.9724,670.0,Reach max iteration 50 | best_iter=7
roberta,sum,fb237_v3_ind_seed7001,175,500.0,16,7001,0.7006,0.667,0.7075,0.7937,0.774,0.667,0.857,0.9439,343.7,Reach max iteration 50 | best_iter=33
roberta,sum,fb237_v3_ind_seed7005,175,500.0,16,7005,0.6735,0.6571,0.7041,0.7759,0.7644,0.6571,0.8475,0.9369,358.0,Reach max iteration 50 | best_iter=29
roberta,sum,fb237_v3_ind_seed7009,175,500.0,16,7009,0.6874,0.6797,0.7041,0.778,0.7787,0.6797,0.8594,0.9332,340.1,Reach max iteration 50 | best_iter=15
roberta,sum,fb237_v3_ind_seed7001,175,500.0,32,7001,0.711,0.6785,0.723,0.8043,0.7852,0.6785,0.8696,0.9577,414.7,Reach max iteration 50 | best_iter=9
roberta,sum,fb237_v3_ind_seed7005,175,500.0,32,7005,0.6873,0.68,0.7225,0.7889,0.7817,0.68,0.8635,0.953,412.8,Reach max iteration 50 | best_iter=11
roberta,sum,fb237_v3_ind_seed7009,175,500.0,32,7009,0.6954,0.6843,0.726,0.7896,0.7864,0.6843,0.8675,0.9459,415.5,Reach max iteration 50 | best_iter=13
roberta,sum,fb237_v3_ind_seed7001,175,500.0,48,7001,0.7121,0.6831,0.7337,0.8081,0.794,0.6831,0.8867,0.9645,478.8,Reach max iteration 50 | best_iter=15
roberta,sum,fb237_v3_ind_seed7005,175,500.0,48,7005,0.6907,0.6927,0.7353,0.7933,0.79,0.6927,0.8716,0.9461,472.7,Reach max iteration 50 | best_iter=11
roberta,sum,fb237_v3_ind_seed7009,175,500.0,48,7009,0.6989,0.6947,0.7304,0.7918,0.7946,0.6947,0.8721,0.9539,476.5,Reach max iteration 50 | best_iter=8
roberta,sum,fb237_v3_ind_seed7001,175,500.0,64,7001,0.7156,0.6888,0.7428,0.8108,0.7973,0.6888,0.8822,0.9634,549.1,Reach max iteration 50 | best_iter=12
roberta,sum,fb237_v3_ind_seed7005,175,500.0,64,7005,0.6873,0.6972,0.7397,0.7938,0.7925,0.6972,0.8681,0.9564,534.4,Reach max iteration 50 | best_iter=49
roberta,sum,fb237_v3_ind_seed7009,175,500.0,64,7009,0.7115,0.6982,0.7396,0.7986,0.7979,0.6982,0.8756,0.9597,556.1,Reach max iteration 50 | best_iter=13
roberta,sum,fb237_v3_ind_seed7001,175,500.0,80,7001,0.711,0.6773,0.7443,0.8091,0.7898,0.6773,0.8833,0.9622,608.7,Reach max iteration 50 | best_iter=23
roberta,sum,fb237_v3_ind_seed7005,175,500.0,80,7005,0.6953,0.6972,0.743,0.8004,0.7952,0.6972,0.8773,0.9541,603.7,Reach max iteration 50 | best_iter=44
roberta,sum,fb237_v3_ind_seed7009,175,500.0,80,7009,0.7115,0.6901,0.7486,0.8016,0.7955,0.6901,0.8802,0.962,640.1,Reach max iteration 50 | best_iter=12
roberta,sum,fb237_v3_ind_seed7001,175,500.0,96,7001,0.7191,0.6819,0.7495,0.8151,0.7965,0.6819,0.8959,0.9691,656.8,Reach max iteration 50 | best_iter=12
roberta,sum,fb237_v3_ind_seed7005,175,500.0,96,7005,0.7022,0.703,0.7489,0.8052,0.7986,0.703,0.875,0.9553,643.2,Reach max iteration 50 | best_iter=22
roberta,sum,fb237_v3_ind_seed7009,175,500.0,96,7009,0.7138,0.7005,0.7506,0.8011,0.7992,0.7005,0.8744,0.962,638.0,Reach max iteration 50 | best_iter=12
roberta,sum,fb237_v3_ind_seed7001,175,1000.0,16,7001,0.6277,0.5973,0.6192,0.7334,0.7092,0.5973,0.7838,0.8936,319.4,Reach max iteration 50 | best_iter=33
roberta,sum,fb237_v3_ind_seed7005,175,1000.0,16,7005,0.5922,0.5998,0.6201,0.7023,0.7054,0.5998,0.7695,0.8979,309.5,Reach max iteration 50 | best_iter=15
roberta,sum,fb237_v3_ind_seed7009,175,1000.0,16,7009,0.6092,0.6014,0.624,0.7127,0.7141,0.6014,0.7915,0.9021,312.7,Reach max iteration 50 | best_iter=13
roberta,sum,fb237_v3_ind_seed7001,175,1000.0,32,7001,0.6578,0.6259,0.6477,0.7594,0.7329,0.6259,0.8021,0.9142,321.3,Reach max iteration 50 | best_iter=23
roberta,sum,fb237_v3_ind_seed7005,175,1000.0,32,7005,0.6163,0.6124,0.645,0.7259,0.7219,0.6124,0.7959,0.9071,318.9,Reach max iteration 50 | best_iter=20
roberta,sum,fb237_v3_ind_seed7009,175,1000.0,32,7009,0.6218,0.6348,0.6424,0.7279,0.742,0.6348,0.8134,0.9136,326.1,Reach max iteration 50 | best_iter=27
roberta,sum,fb237_v3_ind_seed7001,175,1000.0,48,7001,0.6694,0.6419,0.6702,0.7701,0.746,0.6419,0.8192,0.9188,370.4,Reach max iteration 50 | best_iter=21
roberta,sum,fb237_v3_ind_seed7005,175,1000.0,48,7005,0.6369,0.6399,0.6709,0.7464,0.7467,0.6399,0.8291,0.9232,372.8,Reach max iteration 50 | best_iter=9
roberta,sum,fb237_v3_ind_seed7009,175,1000.0,48,7009,0.631,0.6475,0.6563,0.7384,0.7522,0.6475,0.8353,0.9228,377.4,Reach max iteration 50 | best_iter=11
roberta,sum,fb237_v3_ind_seed7001,175,1000.0,64,7001,0.674,0.651,0.6748,0.7747,0.7547,0.651,0.8261,0.9279,405.0,Reach max iteration 50 | best_iter=23
roberta,sum,fb237_v3_ind_seed7005,175,1000.0,64,7005,0.646,0.6411,0.6799,0.7538,0.7487,0.6411,0.8291,0.93,427.6,Reach max iteration 50 | best_iter=15
roberta,sum,fb237_v3_ind_seed7009,175,1000.0,64,7009,0.6494,0.659,0.6717,0.7503,0.761,0.659,0.8318,0.924,424.7,Reach max iteration 50 | best_iter=30
roberta,sum,fb237_v3_ind_seed7001,175,1000.0,80,7001,0.6867,0.651,0.6928,0.7875,0.7582,0.651,0.8387,0.9336,483.7,Reach max iteration 50 | best_iter=19
roberta,sum,fb237_v3_ind_seed7005,175,1000.0,80,7005,0.6644,0.6388,0.6897,0.7672,0.7522,0.6388,0.8406,0.93,472.2,Reach max iteration 50 | best_iter=18
roberta,sum,fb237_v3_ind_seed7009,175,1000.0,80,7009,0.6575,0.6624,0.6848,0.7608,0.7684,0.6624,0.8479,0.932,487.4,Reach max iteration 50 | best_iter=21
roberta,sum,fb237_v3_ind_seed7001,175,1000.0,96,7001,0.6925,0.6613,0.6955,0.7899,0.7682,0.6613,0.849,0.9336,496.6,Reach max iteration 50 | best_iter=17
roberta,sum,fb237_v3_ind_seed7005,175,1000.0,96,7005,0.6724,0.6606,0.6982,0.7746,0.7647,0.6606,0.8406,0.9346,496.5,Reach max iteration 50 | best_iter=13
roberta,sum,fb237_v3_ind_seed7009,175,1000.0,96,7009,0.6586,0.6751,0.691,0.7624,0.7744,0.6751,0.8502,0.9378,495.7,Reach max iteration 50 | best_iter=28
roberta,sum,fb237_v3_ind_seed7001,200,1.0,16,7001,0.6578,0.6396,0.8755,0.7721,0.7599,0.6396,0.865,0.9508,726.1,Reach max iteration 50 | best_iter=2
roberta,sum,fb237_v3_ind_seed7005,200,1.0,16,7005,0.6266,0.6181,0.9294,0.7498,0.7422,0.6181,0.844,0.9381,729.0,Reach max iteration 50 | best_iter=34
roberta,sum,fb237_v3_ind_seed7009,200,1.0,16,7009,0.6667,0.6429,0.8636,0.7688,0.7608,0.6429,0.8618,0.9447,742.8,Reach max iteration 50 | best_iter=2
roberta,sum,fb237_v3_ind_seed7001,200,1.0,32,7001,0.6879,0.6407,0.8574,0.7925,0.7644,0.6407,0.873,0.9554,719.1,Reach max iteration 50 | best_iter=2
roberta,sum,fb237_v3_ind_seed7005,200,1.0,32,7005,0.6312,0.6296,0.9294,0.7615,0.7518,0.6296,0.8589,0.9392,741.1,Reach max iteration 50 | best_iter=49
roberta,sum,fb237_v3_ind_seed7009,200,1.0,32,7009,0.677,0.6786,0.8744,0.7796,0.7845,0.6786,0.8779,0.9528,722.3,Reach max iteration 50 | best_iter=2
roberta,sum,fb237_v3_ind_seed7001,200,1.0,48,7001,0.6509,0.6339,0.9155,0.7747,0.7606,0.6339,0.8719,0.9554,740.6,Reach max iteration 50 | best_iter=2
roberta,sum,fb237_v3_ind_seed7005,200,1.0,48,7005,0.6735,0.6514,0.8884,0.7844,0.7663,0.6514,0.8589,0.953,722.6,Reach max iteration 50 | best_iter=3
roberta,sum,fb237_v3_ind_seed7009,200,1.0,48,7009,0.677,0.6751,0.8682,0.7841,0.7835,0.6751,0.8744,0.9585,744.1,Reach max iteration 50 | best_iter=2
roberta,sum,fb237_v3_ind_seed7001,200,1.0,64,7001,0.6624,0.627,0.9,0.778,0.7599,0.627,0.8741,0.9645,724.6,Reach max iteration 50 | best_iter=3
roberta,sum,fb237_v3_ind_seed7005,200,1.0,64,7005,0.6632,0.6365,0.8657,0.776,0.7526,0.6365,0.8452,0.9427,750.4,Reach max iteration 50 | best_iter=2
roberta,sum,fb237_v3_ind_seed7009,200,1.0,64,7009,0.6598,0.659,0.9044,0.7725,0.7735,0.659,0.8756,0.9482,726.8,Reach max iteration 50 | best_iter=3
roberta,sum,fb237_v3_ind_seed7001,200,1.0,80,7001,0.6832,0.6556,0.8632,0.7941,0.7769,0.6556,0.8856,0.9634,742.1,Reach max iteration 50 | best_iter=2
roberta,sum,fb237_v3_ind_seed7005,200,1.0,80,7005,0.6483,0.6433,0.8856,0.7691,0.7616,0.6433,0.8555,0.9461,733.9,Reach max iteration 50 | best_iter=2
roberta,sum,fb237_v3_ind_seed7009,200,1.0,80,7009,0.669,0.6694,0.888,0.7741,0.7815,0.6694,0.871,0.9597,743.5,Reach max iteration 50 | best_iter=2
roberta,sum,fb237_v3_ind_seed7001,200,1.0,96,7001,0.6717,0.6499,0.8986,0.7876,0.7736,0.6499,0.881,0.9531,723.5,Reach max iteration 50 | best_iter=4
roberta,sum,fb237_v3_ind_seed7005,200,1.0,96,7005,0.6495,0.6445,0.8857,0.7771,0.7644,0.6445,0.8681,0.9587,733.0,Reach max iteration 50 | best_iter=2
roberta,sum,fb237_v3_ind_seed7009,200,1.0,96,7009,0.6586,0.6555,0.9023,0.7724,0.7736,0.6555,0.8721,0.9516,725.5,Reach max iteration 50 | best_iter=3
roberta,sum,fb237_v3_ind_seed7001,200,5.0,16,7001,0.659,0.635,0.9309,0.7789,0.767,0.635,0.8867,0.9668,692.9,Reach max iteration 50 | best_iter=32
roberta,sum,fb237_v3_ind_seed7005,200,5.0,16,7005,0.6392,0.6422,0.9291,0.7694,0.7629,0.6422,0.8647,0.9427,732.1,Reach max iteration 50 | best_iter=21
roberta,sum,fb237_v3_ind_seed7009,200,5.0,16,7009,0.6667,0.6555,0.9267,0.7755,0.7727,0.6555,0.8733,0.9482,710.8,Reach max iteration 50 | best_iter=21
roberta,sum,fb237_v3_ind_seed7001,200,5.0,32,7001,0.6844,0.6384,0.8701,0.7919,0.7633,0.6384,0.8661,0.9622,732.7,Reach max iteration 50 | best_iter=2
roberta,sum,fb237_v3_ind_seed7005,200,5.0,32,7005,0.6552,0.6502,0.9292,0.7785,0.767,0.6502,0.8624,0.9484,737.7,Reach max iteration 50 | best_iter=31
roberta,sum,fb237_v3_ind_seed7009,200,5.0,32,7009,0.6678,0.6613,0.9153,0.7783,0.7773,0.6613,0.8802,0.9631,725.5,Reach max iteration 50 | best_iter=4
roberta,sum,fb237_v3_ind_seed7001,200,5.0,48,7001,0.6705,0.627,0.9309,0.7883,0.7616,0.627,0.8879,0.9645,741.2,Reach max iteration 50 | best_iter=46
roberta,sum,fb237_v3_ind_seed7005,200,5.0,48,7005,0.6861,0.6502,0.8889,0.7951,0.7661,0.6502,0.8601,0.9518,726.0,Reach max iteration 50 | best_iter=3
roberta,sum,fb237_v3_ind_seed7009,200,5.0,48,7009,0.6609,0.6544,0.927,0.7777,0.7781,0.6544,0.8859,0.9608,746.8,Reach max iteration 50 | best_iter=47
roberta,sum,fb237_v3_ind_seed7001,200,5.0,64,7001,0.6671,0.635,0.9309,0.7861,0.7699,0.635,0.8936,0.9714,711.6,Reach max iteration 50 | best_iter=50
roberta,sum,fb237_v3_ind_seed7005,200,5.0,64,7005,0.6564,0.6468,0.8493,0.7746,0.7609,0.6468,0.8532,0.9415,749.6,Reach max iteration 50 | best_iter=2
roberta,sum,fb237_v3_ind_seed7009,200,5.0,64,7009,0.6632,0.6647,0.9267,0.778,0.7777,0.6647,0.8779,0.9539,729.4,Reach max iteration 50 | best_iter=33
roberta,sum,fb237_v3_ind_seed7001,200,5.0,80,7001,0.6879,0.6602,0.8781,0.7986,0.7815,0.6602,0.897,0.9668,747.7,Reach max iteration 50 | best_iter=3
roberta,sum,fb237_v3_ind_seed7005,200,5.0,80,7005,0.6449,0.6399,0.9291,0.7748,0.7624,0.6399,0.875,0.9427,720.7,Reach max iteration 50 | best_iter=47
roberta,sum,fb237_v3_ind_seed7009,200,5.0,80,7009,0.6701,0.6578,0.927,0.782,0.7786,0.6578,0.8813,0.9608,735.8,Reach max iteration 50 | best_iter=46
roberta,sum,fb237_v3_ind_seed7001,200,5.0,96,7001,0.6786,0.6487,0.9039,0.7919,0.7732,0.6487,0.8787,0.9588,718.7,Reach max iteration 50 | best_iter=4
roberta,sum,fb237_v3_ind_seed7005,200,5.0,96,7005,0.6586,0.6399,0.9291,0.7815,0.7638,0.6399,0.8658,0.9518,744.5,Reach max iteration 50 | best_iter=29
roberta,sum,fb237_v3_ind_seed7009,200,5.0,96,7009,0.6678,0.6624,0.8853,0.7793,0.7789,0.6624,0.879,0.9574,752.7,Reach max iteration 50 | best_iter=2
roberta,sum,fb237_v3_ind_seed7001,200,10.0,16,7001,0.6786,0.6407,0.9308,0.7926,0.7747,0.6407,0.8993,0.9703,709.6,Reach max iteration 50 | best_iter=31
roberta,sum,fb237_v3_ind_seed7005,200,10.0,16,7005,0.6426,0.6537,0.9279,0.7752,0.77,0.6537,0.8658,0.953,715.8,Reach max iteration 50 | best_iter=15
roberta,sum,fb237_v3_ind_seed7009,200,10.0,16,7009,0.6862,0.6751,0.8678,0.7886,0.7856,0.6751,0.8767,0.9585,745.9,Reach max iteration 50 | best_iter=2
roberta,sum,fb237_v3_ind_seed7001,200,10.0,32,7001,0.6694,0.6304,0.9307,0.7903,0.7713,0.6304,0.9073,0.9725,710.4,Reach max iteration 50 | best_iter=38
roberta,sum,fb237_v3_ind_seed7005,200,10.0,32,7005,0.6621,0.6628,0.928,0.7851,0.7781,0.6628,0.8727,0.9553,704.6,Reach max iteration 50 | best_iter=30
roberta,sum,fb237_v3_ind_seed7009,200,10.0,32,7009,0.677,0.6544,0.9243,0.7838,0.7754,0.6544,0.8894,0.9631,724.2,Reach max iteration 50 | best_iter=12
roberta,sum,fb237_v3_ind_seed7001,200,10.0,48,7001,0.6809,0.6362,0.9307,0.7962,0.7699,0.6362,0.8913,0.9714,739.7,Reach max iteration 50 | best_iter=26
roberta,sum,fb237_v3_ind_seed7005,200,10.0,48,7005,0.6724,0.6502,0.9129,0.7918,0.7685,0.6502,0.8635,0.9587,694.4,Reach max iteration 50 | best_iter=5
roberta,sum,fb237_v3_ind_seed7009,200,10.0,48,7009,0.6724,0.6636,0.9021,0.782,0.778,0.6636,0.8802,0.9505,748.7,Reach max iteration 50 | best_iter=3
roberta,sum,fb237_v3_ind_seed7001,200,10.0,64,7001,0.6671,0.643,0.9303,0.79,0.7761,0.643,0.9027,0.9703,713.0,Reach max iteration 50 | best_iter=39
roberta,sum,fb237_v3_ind_seed7005,200,10.0,64,7005,0.6644,0.6491,0.9275,0.7849,0.7701,0.6491,0.8761,0.953,735.4,Reach max iteration 50 | best_iter=25
roberta,sum,fb237_v3_ind_seed7009,200,10.0,64,7009,0.6678,0.6613,0.9226,0.7807,0.7756,0.6613,0.8756,0.9551,723.9,Reach max iteration 50 | best_iter=12
roberta,sum,fb237_v3_ind_seed7001,200,10.0,80,7001,0.6832,0.6533,0.9121,0.7971,0.7796,0.6533,0.9005,0.9668,742.1,Reach max iteration 50 | best_iter=4
roberta,sum,fb237_v3_ind_seed7005,200,10.0,80,7005,0.6632,0.6514,0.9107,0.7847,0.7715,0.6514,0.8784,0.953,739.2,Reach max iteration 50 | best_iter=4
roberta,sum,fb237_v3_ind_seed7009,200,10.0,80,7009,0.6724,0.6682,0.9266,0.7841,0.7853,0.6682,0.8894,0.9631,745.6,Reach max iteration 50 | best_iter=26
roberta,sum,fb237_v3_ind_seed7001,200,10.0,96,7001,0.6798,0.6613,0.8951,0.7926,0.7803,0.6613,0.8822,0.9634,736.2,Reach max iteration 50 | best_iter=3
roberta,sum,fb237_v3_ind_seed7005,200,10.0,96,7005,0.6678,0.6445,0.9269,0.7889,0.7677,0.6445,0.8727,0.9553,753.4,Reach max iteration 50 | best_iter=20
roberta,sum,fb237_v3_ind_seed7009,200,10.0,96,7009,0.669,0.6578,0.9267,0.7844,0.7815,0.6578,0.8929,0.9677,731.3,Reach max iteration 50 | best_iter=33
roberta,sum,fb237_v3_ind_seed7001,200,50.0,16,7001,0.7145,0.6854,0.8751,0.8182,0.8039,0.6854,0.9096,0.9805,737.9,Reach max iteration 50 | best_iter=5
roberta,sum,fb237_v3_ind_seed7005,200,50.0,16,7005,0.6987,0.6789,0.8843,0.8095,0.7901,0.6789,0.8842,0.9644,737.3,Reach max iteration 50 | best_iter=7
roberta,sum,fb237_v3_ind_seed7009,200,50.0,16,7009,0.6989,0.6947,0.8826,0.8037,0.8041,0.6947,0.9032,0.9666,744.2,Reach max iteration 50 | best_iter=7
roberta,sum,fb237_v3_ind_seed7001,200,50.0,32,7001,0.7017,0.6773,0.8425,0.8094,0.796,0.6773,0.9073,0.9748,740.6,Reach max iteration 50 | best_iter=3
roberta,sum,fb237_v3_ind_seed7005,200,50.0,32,7005,0.693,0.6823,0.882,0.8072,0.7946,0.6823,0.8945,0.9644,739.4,Reach max iteration 50 | best_iter=7
roberta,sum,fb237_v3_ind_seed7009,200,50.0,32,7009,0.7069,0.6855,0.889,0.8066,0.798,0.6855,0.8929,0.9735,734.3,Reach max iteration 50 | best_iter=13
roberta,sum,fb237_v3_ind_seed7001,200,50.0,48,7001,0.7179,0.6854,0.8756,0.8225,0.8049,0.6854,0.9142,0.9851,739.6,Reach max iteration 50 | best_iter=6
roberta,sum,fb237_v3_ind_seed7005,200,50.0,48,7005,0.7182,0.6778,0.8822,0.8217,0.7912,0.6778,0.8888,0.9656,739.2,Reach max iteration 50 | best_iter=7
roberta,sum,fb237_v3_ind_seed7009,200,50.0,48,7009,0.7069,0.6947,0.8805,0.8116,0.8071,0.6947,0.9101,0.9758,737.7,Reach max iteration 50 | best_iter=7
roberta,sum,fb237_v3_ind_seed7001,200,50.0,64,7001,0.7098,0.6957,0.874,0.8169,0.8093,0.6957,0.9165,0.9771,742.9,Reach max iteration 50 | best_iter=5
roberta,sum,fb237_v3_ind_seed7005,200,50.0,64,7005,0.7056,0.6846,0.8847,0.8145,0.7938,0.6846,0.8911,0.9622,748.4,Reach max iteration 50 | best_iter=8
roberta,sum,fb237_v3_ind_seed7009,200,50.0,64,7009,0.7103,0.6982,0.8786,0.8109,0.8078,0.6982,0.9032,0.9689,749.0,Reach max iteration 50 | best_iter=6
roberta,sum,fb237_v3_ind_seed7001,200,50.0,80,7001,0.7202,0.6808,0.8777,0.8231,0.8026,0.6808,0.9188,0.984,742.9,Reach max iteration 50 | best_iter=7
roberta,sum,fb237_v3_ind_seed7005,200,50.0,80,7005,0.7125,0.6904,0.8835,0.8191,0.7975,0.6904,0.8911,0.9656,747.6,Reach max iteration 50 | best_iter=9
roberta,sum,fb237_v3_ind_seed7009,200,50.0,80,7009,0.7092,0.6935,0.8894,0.81,0.8053,0.6935,0.9021,0.9747,748.8,Reach max iteration 50 | best_iter=15
roberta,sum,fb237_v3_ind_seed7001,200,50.0,96,7001,0.7087,0.6762,0.8796,0.815,0.7996,0.6762,0.9188,0.9817,733.1,Reach max iteration 50 | best_iter=8
roberta,sum,fb237_v3_ind_seed7005,200,50.0,96,7005,0.7022,0.6858,0.8837,0.8135,0.7941,0.6858,0.8899,0.9644,747.8,Reach max iteration 50 | best_iter=10
roberta,sum,fb237_v3_ind_seed7009,200,50.0,96,7009,0.708,0.6993,0.887,0.8114,0.8087,0.6993,0.9055,0.9747,747.8,Reach max iteration 50 | best_iter=15
roberta,sum,fb237_v3_ind_seed7001,200,100.0,16,7001,0.7237,0.6922,0.8387,0.8229,0.8069,0.6922,0.9142,0.9771,735.5,Reach max iteration 50 | best_iter=21
roberta,sum,fb237_v3_ind_seed7005,200,100.0,16,7005,0.7136,0.7064,0.8287,0.8187,0.8069,0.7064,0.8876,0.9644,736.3,Reach max iteration 50 | best_iter=7
roberta,sum,fb237_v3_ind_seed7009,200,100.0,16,7009,0.7195,0.7108,0.8204,0.8121,0.8133,0.7108,0.9044,0.9654,742.0,Reach max iteration 50 | best_iter=5
roberta,sum,fb237_v3_ind_seed7001,200,100.0,32,7001,0.7098,0.6911,0.8054,0.8164,0.8053,0.6911,0.9096,0.9748,743.7,Reach max iteration 50 | best_iter=3
roberta,sum,fb237_v3_ind_seed7005,200,100.0,32,7005,0.7148,0.7041,0.8199,0.8199,0.8066,0.7041,0.8922,0.9656,742.9,Reach max iteration 50 | best_iter=5
roberta,sum,fb237_v3_ind_seed7009,200,100.0,32,7009,0.7241,0.712,0.8357,0.8156,0.8154,0.712,0.9101,0.9724,742.4,Reach max iteration 50 | best_iter=10
roberta,sum,fb237_v3_ind_seed7001,200,100.0,48,7001,0.7237,0.6979,0.8295,0.8256,0.8116,0.6979,0.9165,0.9805,726.0,Reach max iteration 50 | best_iter=9
roberta,sum,fb237_v3_ind_seed7005,200,100.0,48,7005,0.7285,0.6961,0.8479,0.8272,0.8013,0.6961,0.8899,0.9622,730.2,Reach max iteration 50 | best_iter=18
roberta,sum,fb237_v3_ind_seed7009,200,100.0,48,7009,0.7253,0.7039,0.8432,0.8198,0.8128,0.7039,0.9182,0.9747,739.7,Reach max iteration 50 | best_iter=13
roberta,sum,fb237_v3_ind_seed7001,200,100.0,64,7001,0.726,0.6991,0.8385,0.827,0.8121,0.6991,0.913,0.9805,744.7,Reach max iteration 50 | best_iter=10
roberta,sum,fb237_v3_ind_seed7005,200,100.0,64,7005,0.7251,0.6995,0.8413,0.8276,0.8029,0.6995,0.8922,0.9633,742.0,Reach max iteration 50 | best_iter=7
roberta,sum,fb237_v3_ind_seed7009,200,100.0,64,7009,0.7241,0.712,0.8367,0.8194,0.8159,0.712,0.909,0.9758,747.1,Reach max iteration 50 | best_iter=7
roberta,sum,fb237_v3_ind_seed7001,200,100.0,80,7001,0.7214,0.6991,0.839,0.825,0.814,0.6991,0.9233,0.9805,741.9,Reach max iteration 50 | best_iter=8
roberta,sum,fb237_v3_ind_seed7005,200,100.0,80,7005,0.7216,0.703,0.8377,0.8249,0.8042,0.703,0.8979,0.9667,740.9,Reach max iteration 50 | best_iter=6
roberta,sum,fb237_v3_ind_seed7009,200,100.0,80,7009,0.7253,0.712,0.8397,0.8194,0.8152,0.712,0.9101,0.9758,759.7,Reach max iteration 50 | best_iter=10
roberta,sum,fb237_v3_ind_seed7001,200,100.0,96,7001,0.7249,0.6991,0.8325,0.8244,0.8118,0.6991,0.9165,0.9851,738.9,Reach max iteration 50 | best_iter=7
roberta,sum,fb237_v3_ind_seed7005,200,100.0,96,7005,0.7251,0.6904,0.8603,0.8261,0.796,0.6904,0.8853,0.9656,757.9,Reach max iteration 50 | best_iter=44
roberta,sum,fb237_v3_ind_seed7009,200,100.0,96,7009,0.7218,0.7085,0.8408,0.8174,0.8145,0.7085,0.9101,0.977,742.7,Reach max iteration 50 | best_iter=11
roberta,sum,fb237_v3_ind_seed7001,200,500.0,16,7001,0.6948,0.6625,0.7032,0.7904,0.7698,0.6625,0.849,0.9439,427.9,Reach max iteration 50 | best_iter=34
roberta,sum,fb237_v3_ind_seed7005,200,500.0,16,7005,0.6781,0.6583,0.7014,0.7754,0.7636,0.6583,0.8429,0.9392,420.5,Reach max iteration 50 | best_iter=47
roberta,sum,fb237_v3_ind_seed7009,200,500.0,16,7009,0.6736,0.6705,0.7024,0.7719,0.7732,0.6705,0.8491,0.9412,394.3,Reach max iteration 50 | best_iter=42
roberta,sum,fb237_v3_ind_seed7001,200,500.0,32,7001,0.704,0.6773,0.7206,0.8008,0.7828,0.6773,0.8627,0.9565,469.3,Reach max iteration 50 | best_iter=12
roberta,sum,fb237_v3_ind_seed7005,200,500.0,32,7005,0.685,0.6881,0.7242,0.7884,0.7859,0.6881,0.8635,0.9472,471.4,Reach max iteration 50 | best_iter=10
roberta,sum,fb237_v3_ind_seed7009,200,500.0,32,7009,0.7069,0.6797,0.7262,0.7943,0.7846,0.6797,0.8606,0.9562,478.1,Reach max iteration 50 | best_iter=18
roberta,sum,fb237_v3_ind_seed7001,200,500.0,48,7001,0.7133,0.6808,0.734,0.8078,0.7893,0.6808,0.8799,0.9634,559.0,Reach max iteration 50 | best_iter=18
roberta,sum,fb237_v3_ind_seed7005,200,500.0,48,7005,0.693,0.6927,0.7338,0.7944,0.7889,0.6927,0.8658,0.9461,557.0,Reach max iteration 50 | best_iter=11
roberta,sum,fb237_v3_ind_seed7009,200,500.0,48,7009,0.7057,0.6866,0.7378,0.7958,0.7899,0.6866,0.8698,0.9562,541.0,Reach max iteration 50 | best_iter=18
roberta,sum,fb237_v3_ind_seed7001,200,500.0,64,7001,0.7145,0.6808,0.7395,0.8113,0.794,0.6808,0.8936,0.9645,612.0,Reach max iteration 50 | best_iter=18
roberta,sum,fb237_v3_ind_seed7005,200,500.0,64,7005,0.6976,0.703,0.7369,0.7996,0.7965,0.703,0.8635,0.9587,625.6,Reach max iteration 50 | best_iter=21
roberta,sum,fb237_v3_ind_seed7009,200,500.0,64,7009,0.7103,0.7016,0.741,0.7995,0.7997,0.7016,0.8767,0.9597,649.8,Reach max iteration 50 | best_iter=23
roberta,sum,fb237_v3_ind_seed7001,200,500.0,80,7001,0.7133,0.6728,0.7461,0.8111,0.7898,0.6728,0.8879,0.9645,699.6,Reach max iteration 50 | best_iter=11
roberta,sum,fb237_v3_ind_seed7005,200,500.0,80,7005,0.6907,0.695,0.7436,0.7973,0.793,0.695,0.8681,0.9541,679.6,Reach max iteration 50 | best_iter=17
roberta,sum,fb237_v3_ind_seed7009,200,500.0,80,7009,0.708,0.697,0.7479,0.7981,0.7973,0.697,0.879,0.9643,679.7,Reach max iteration 50 | best_iter=24
roberta,sum,fb237_v3_ind_seed7001,200,500.0,96,7001,0.7191,0.6888,0.7489,0.8164,0.7993,0.6888,0.8913,0.9657,727.0,Reach max iteration 50 | best_iter=15
roberta,sum,fb237_v3_ind_seed7005,200,500.0,96,7005,0.6919,0.6972,0.7469,0.799,0.7954,0.6972,0.8796,0.9564,732.9,Reach max iteration 50 | best_iter=14
roberta,sum,fb237_v3_ind_seed7009,200,500.0,96,7009,0.7126,0.7016,0.7502,0.8014,0.8004,0.7016,0.8744,0.9597,722.7,Reach max iteration 50 | best_iter=35
roberta,sum,fb237_v3_ind_seed7001,200,1000.0,16,7001,0.6358,0.5995,0.6226,0.74,0.7094,0.5995,0.7769,0.8959,348.5,Reach max iteration 50 | best_iter=15
roberta,sum,fb237_v3_ind_seed7005,200,1000.0,16,7005,0.5945,0.6067,0.6211,0.7019,0.7099,0.6067,0.7764,0.8991,346.3,Reach max iteration 50 | best_iter=32
roberta,sum,fb237_v3_ind_seed7009,200,1000.0,16,7009,0.5931,0.5979,0.6164,0.7007,0.7093,0.5979,0.7846,0.8917,348.8,Reach max iteration 50 | best_iter=10
roberta,sum,fb237_v3_ind_seed7001,200,1000.0,32,7001,0.6474,0.6236,0.6417,0.7532,0.7302,0.6236,0.8021,0.9142,360.5,Reach max iteration 50 | best_iter=13
roberta,sum,fb237_v3_ind_seed7005,200,1000.0,32,7005,0.6151,0.617,0.6442,0.7253,0.7253,0.617,0.7982,0.9094,365.4,Reach max iteration 50 | best_iter=21
roberta,sum,fb237_v3_ind_seed7009,200,1000.0,32,7009,0.6184,0.6279,0.6504,0.7252,0.7361,0.6279,0.8134,0.9101,355.4,Reach max iteration 50 | best_iter=13
roberta,sum,fb237_v3_ind_seed7001,200,1000.0,48,7001,0.6647,0.6419,0.6588,0.7677,0.747,0.6419,0.8204,0.9165,424.4,Reach max iteration 50 | best_iter=19
roberta,sum,fb237_v3_ind_seed7005,200,1000.0,48,7005,0.646,0.6353,0.6702,0.7525,0.746,0.6353,0.8337,0.9197,422.4,Reach max iteration 50 | best_iter=12
roberta,sum,fb237_v3_ind_seed7009,200,1000.0,48,7009,0.6425,0.6532,0.6601,0.7452,0.757,0.6532,0.8341,0.9194,422.2,Reach max iteration 50 | best_iter=16
roberta,sum,fb237_v3_ind_seed7001,200,1000.0,64,7001,0.6798,0.6533,0.6788,0.7787,0.7579,0.6533,0.8352,0.9314,478.9,Reach max iteration 50 | best_iter=12
roberta,sum,fb237_v3_ind_seed7005,200,1000.0,64,7005,0.6552,0.6445,0.676,0.7576,0.7526,0.6445,0.8383,0.9255,472.8,Reach max iteration 50 | best_iter=17
roberta,sum,fb237_v3_ind_seed7009,200,1000.0,64,7009,0.6402,0.6498,0.6724,0.7473,0.7584,0.6498,0.841,0.9263,474.9,Reach max iteration 50 | best_iter=15
roberta,sum,fb237_v3_ind_seed7001,200,1000.0,80,7001,0.6879,0.6533,0.6882,0.7846,0.7597,0.6533,0.8467,0.9336,530.2,Reach max iteration 50 | best_iter=10
roberta,sum,fb237_v3_ind_seed7005,200,1000.0,80,7005,0.6495,0.6502,0.6815,0.7547,0.7571,0.6502,0.8394,0.9312,539.5,Reach max iteration 50 | best_iter=32
roberta,sum,fb237_v3_ind_seed7009,200,1000.0,80,7009,0.6471,0.6601,0.6832,0.7541,0.766,0.6601,0.8456,0.932,506.8,Reach max iteration 50 | best_iter=18
roberta,sum,fb237_v3_ind_seed7001,200,1000.0,96,7001,0.6925,0.6556,0.6932,0.7901,0.7639,0.6556,0.8524,0.9348,548.9,Reach max iteration 50 | best_iter=16
roberta,sum,fb237_v3_ind_seed7005,200,1000.0,96,7005,0.6655,0.6594,0.6953,0.7701,0.764,0.6594,0.8452,0.9323,535.7,Reach max iteration 50 | best_iter=28
roberta,sum,fb237_v3_ind_seed7009,200,1000.0,96,7009,0.6586,0.6705,0.6837,0.7598,0.7728,0.6705,0.8537,0.9274,549.2,Reach max iteration 50 | best_iter=18
