model,aggregation,version,k,lambda,bias,seed,valid_acc,test_acc,train_acc,valid_mrr,test_mrr,hits_1,hits_3,hits_10,train_time,convergence
qwen,sum,fb237_v1_ind_seed7001,50,1.0,16,7001,0.6684,0.6355,0.9409,0.7846,0.77,0.6355,0.8925,0.9579,78.1,Reach max iteration 50 | best_iter=47
qwen,sum,fb237_v1_ind_seed7005,50,1.0,16,7005,0.6479,0.5952,0.9414,0.7708,0.7385,0.5952,0.8571,0.9333,66.0,Reach max iteration 50 | best_iter=49
qwen,sum,fb237_v1_ind_seed7009,50,1.0,16,7009,0.6701,0.6618,0.941,0.7829,0.7787,0.6618,0.8841,0.942,65.0,Reach max iteration 50 | best_iter=22
qwen,sum,fb237_v1_ind_seed7001,50,1.0,32,7001,0.6736,0.6495,0.9409,0.8014,0.7757,0.6495,0.8785,0.9626,64.9,Reach max iteration 50 | best_iter=50
qwen,sum,fb237_v1_ind_seed7005,50,1.0,32,7005,0.6479,0.5714,0.9414,0.7695,0.7199,0.5714,0.8524,0.9619,65.9,Reach max iteration 50 | best_iter=20
qwen,sum,fb237_v1_ind_seed7009,50,1.0,32,7009,0.6548,0.7101,0.941,0.7748,0.8011,0.7101,0.8792,0.9324,66.0,Reach max iteration 50 | best_iter=50
qwen,sum,fb237_v1_ind_seed7001,50,1.0,48,7001,0.6632,0.6308,0.9409,0.7881,0.771,0.6308,0.8972,0.9579,65.0,Reach max iteration 50 | best_iter=45
qwen,sum,fb237_v1_ind_seed7005,50,1.0,48,7005,0.6667,0.5952,0.9414,0.7859,0.7448,0.5952,0.8714,0.9476,66.3,Reach max iteration 50 | best_iter=49
qwen,sum,fb237_v1_ind_seed7009,50,1.0,48,7009,0.665,0.6667,0.941,0.7811,0.778,0.6667,0.8696,0.9372,66.1,Reach max iteration 50 | best_iter=50
qwen,sum,fb237_v1_ind_seed7001,50,1.0,64,7001,0.6528,0.6542,0.9409,0.7843,0.7805,0.6542,0.8972,0.9579,66.0,Reach max iteration 50 | best_iter=48
qwen,sum,fb237_v1_ind_seed7005,50,1.0,64,7005,0.6573,0.6143,0.9414,0.7792,0.7593,0.6143,0.881,0.9762,66.7,Reach max iteration 50 | best_iter=50
qwen,sum,fb237_v1_ind_seed7009,50,1.0,64,7009,0.6701,0.6667,0.941,0.7939,0.7851,0.6667,0.8792,0.9517,65.3,Reach max iteration 50 | best_iter=48
qwen,sum,fb237_v1_ind_seed7001,50,1.0,80,7001,0.6528,0.6495,0.9409,0.7854,0.775,0.6495,0.8832,0.9579,66.1,Reach max iteration 50 | best_iter=46
qwen,sum,fb237_v1_ind_seed7005,50,1.0,80,7005,0.6667,0.581,0.9414,0.7842,0.74,0.581,0.8667,0.9762,65.9,Reach max iteration 50 | best_iter=38
qwen,sum,fb237_v1_ind_seed7009,50,1.0,80,7009,0.665,0.6377,0.941,0.7871,0.7677,0.6377,0.8889,0.9565,65.4,Reach max iteration 50 | best_iter=19
qwen,sum,fb237_v1_ind_seed7001,50,1.0,96,7001,0.6891,0.6168,0.9409,0.8115,0.7618,0.6168,0.8925,0.9626,65.7,Reach max iteration 50 | best_iter=44
qwen,sum,fb237_v1_ind_seed7005,50,1.0,96,7005,0.6854,0.5905,0.9414,0.7876,0.7339,0.5905,0.8476,0.9524,66.5,Reach max iteration 50 | best_iter=12
qwen,sum,fb237_v1_ind_seed7009,50,1.0,96,7009,0.6447,0.6715,0.941,0.7741,0.7835,0.6715,0.8792,0.9372,66.9,Reach max iteration 50 | best_iter=50
qwen,sum,fb237_v1_ind_seed7001,50,5.0,16,7001,0.6736,0.6495,0.9409,0.7984,0.7808,0.6495,0.9065,0.9579,65.8,Reach max iteration 50 | best_iter=32
qwen,sum,fb237_v1_ind_seed7005,50,5.0,16,7005,0.6573,0.5667,0.9414,0.7759,0.7245,0.5667,0.8714,0.9476,66.4,Reach max iteration 50 | best_iter=16
qwen,sum,fb237_v1_ind_seed7009,50,5.0,16,7009,0.6751,0.6763,0.941,0.786,0.7859,0.6763,0.8696,0.9517,66.0,Reach max iteration 50 | best_iter=24
qwen,sum,fb237_v1_ind_seed7001,50,5.0,32,7001,0.6995,0.6215,0.9409,0.8153,0.7639,0.6215,0.8785,0.9673,65.7,Reach max iteration 50 | best_iter=31
qwen,sum,fb237_v1_ind_seed7005,50,5.0,32,7005,0.6667,0.5905,0.9414,0.7841,0.7478,0.5905,0.8905,0.981,65.9,Reach max iteration 50 | best_iter=47
qwen,sum,fb237_v1_ind_seed7009,50,5.0,32,7009,0.6447,0.6812,0.941,0.7719,0.7915,0.6812,0.8841,0.9469,66.0,Reach max iteration 50 | best_iter=32
qwen,sum,fb237_v1_ind_seed7001,50,5.0,48,7001,0.6995,0.6308,0.9409,0.8148,0.7737,0.6308,0.9159,0.9673,66.0,Reach max iteration 50 | best_iter=18
qwen,sum,fb237_v1_ind_seed7005,50,5.0,48,7005,0.6808,0.5952,0.9414,0.795,0.7556,0.5952,0.9095,0.9667,66.5,Reach max iteration 50 | best_iter=22
qwen,sum,fb237_v1_ind_seed7009,50,5.0,48,7009,0.6599,0.6473,0.941,0.7866,0.7725,0.6473,0.8792,0.9517,66.2,Reach max iteration 50 | best_iter=35
qwen,sum,fb237_v1_ind_seed7001,50,5.0,64,7001,0.6684,0.6355,0.9409,0.7917,0.772,0.6355,0.9019,0.972,65.7,Reach max iteration 50 | best_iter=25
qwen,sum,fb237_v1_ind_seed7005,50,5.0,64,7005,0.6714,0.6,0.9414,0.7879,0.755,0.6,0.8952,0.9714,66.7,Reach max iteration 50 | best_iter=37
qwen,sum,fb237_v1_ind_seed7009,50,5.0,64,7009,0.6802,0.6812,0.941,0.7961,0.7933,0.6812,0.8841,0.9517,66.1,Reach max iteration 50 | best_iter=48
qwen,sum,fb237_v1_ind_seed7001,50,5.0,80,7001,0.6943,0.6542,0.9409,0.8185,0.784,0.6542,0.9159,0.9626,66.3,Reach max iteration 50 | best_iter=41
qwen,sum,fb237_v1_ind_seed7005,50,5.0,80,7005,0.6714,0.6048,0.9414,0.7858,0.7544,0.6048,0.8857,0.9857,65.6,Reach max iteration 50 | best_iter=13
qwen,sum,fb237_v1_ind_seed7009,50,5.0,80,7009,0.665,0.6715,0.941,0.7915,0.7855,0.6715,0.8937,0.9469,65.4,Reach max iteration 50 | best_iter=49
qwen,sum,fb237_v1_ind_seed7001,50,5.0,96,7001,0.6943,0.6636,0.9409,0.8176,0.7907,0.6636,0.9065,0.9766,65.1,Reach max iteration 50 | best_iter=50
qwen,sum,fb237_v1_ind_seed7005,50,5.0,96,7005,0.6854,0.5762,0.9414,0.7908,0.7398,0.5762,0.919,0.9762,66.4,Reach max iteration 50 | best_iter=11
qwen,sum,fb237_v1_ind_seed7009,50,5.0,96,7009,0.665,0.6618,0.941,0.793,0.7798,0.6618,0.8696,0.9565,65.9,Reach max iteration 50 | best_iter=21
qwen,sum,fb237_v1_ind_seed7001,50,10.0,16,7001,0.6632,0.6542,0.9409,0.7915,0.7845,0.6542,0.8972,0.9533,66.0,Reach max iteration 50 | best_iter=38
qwen,sum,fb237_v1_ind_seed7005,50,10.0,16,7005,0.6667,0.581,0.9414,0.7855,0.736,0.581,0.8762,0.9571,66.4,Reach max iteration 50 | best_iter=50
qwen,sum,fb237_v1_ind_seed7009,50,10.0,16,7009,0.6701,0.6522,0.941,0.7912,0.7775,0.6522,0.8937,0.942,66.5,Reach max iteration 50 | best_iter=30
qwen,sum,fb237_v1_ind_seed7001,50,10.0,32,7001,0.7047,0.6402,0.9409,0.82,0.778,0.6402,0.8972,0.9766,66.1,Reach max iteration 50 | best_iter=40
qwen,sum,fb237_v1_ind_seed7005,50,10.0,32,7005,0.662,0.5952,0.9414,0.7854,0.7492,0.5952,0.9048,0.9762,66.4,Reach max iteration 50 | best_iter=15
qwen,sum,fb237_v1_ind_seed7009,50,10.0,32,7009,0.6599,0.6957,0.941,0.7876,0.8078,0.6957,0.9082,0.9614,65.9,Reach max iteration 50 | best_iter=28
qwen,sum,fb237_v1_ind_seed7001,50,10.0,48,7001,0.6943,0.6355,0.9409,0.8125,0.7788,0.6355,0.9206,0.9673,66.0,Reach max iteration 50 | best_iter=14
qwen,sum,fb237_v1_ind_seed7005,50,10.0,48,7005,0.6854,0.5714,0.9414,0.7994,0.7378,0.5714,0.8762,0.9762,66.5,Reach max iteration 50 | best_iter=50
qwen,sum,fb237_v1_ind_seed7009,50,10.0,48,7009,0.665,0.6763,0.941,0.7886,0.788,0.6763,0.8792,0.9469,66.2,Reach max iteration 50 | best_iter=10
qwen,sum,fb237_v1_ind_seed7001,50,10.0,64,7001,0.7047,0.6402,0.9409,0.8207,0.781,0.6402,0.9112,0.9766,66.2,Reach max iteration 50 | best_iter=36
qwen,sum,fb237_v1_ind_seed7005,50,10.0,64,7005,0.662,0.5952,0.9414,0.7845,0.7575,0.5952,0.919,0.9762,66.7,Reach max iteration 50 | best_iter=14
qwen,sum,fb237_v1_ind_seed7009,50,10.0,64,7009,0.6701,0.6618,0.941,0.788,0.7931,0.6618,0.9227,0.9662,65.8,Reach max iteration 50 | best_iter=4
qwen,sum,fb237_v1_ind_seed7001,50,10.0,80,7001,0.7098,0.6402,0.9409,0.8213,0.7796,0.6402,0.9112,0.9626,66.4,Reach max iteration 50 | best_iter=42
qwen,sum,fb237_v1_ind_seed7005,50,10.0,80,7005,0.6808,0.5762,0.9414,0.7981,0.748,0.5762,0.9048,0.981,65.9,Reach max iteration 50 | best_iter=32
qwen,sum,fb237_v1_ind_seed7009,50,10.0,80,7009,0.665,0.6667,0.941,0.7904,0.7852,0.6667,0.8889,0.9469,66.4,Reach max iteration 50 | best_iter=49
qwen,sum,fb237_v1_ind_seed7001,50,10.0,96,7001,0.6788,0.6449,0.9409,0.8066,0.7824,0.6449,0.9159,0.9626,66.3,Reach max iteration 50 | best_iter=5
qwen,sum,fb237_v1_ind_seed7005,50,10.0,96,7005,0.6761,0.581,0.9414,0.7939,0.7484,0.581,0.8905,0.9762,66.8,Reach max iteration 50 | best_iter=21
qwen,sum,fb237_v1_ind_seed7009,50,10.0,96,7009,0.6701,0.6618,0.941,0.797,0.7801,0.6618,0.8744,0.9662,66.8,Reach max iteration 50 | best_iter=13
qwen,sum,fb237_v1_ind_seed7001,50,50.0,16,7001,0.6891,0.6542,0.9204,0.8055,0.7941,0.6542,0.9252,0.972,65.6,Reach max iteration 50 | best_iter=11
qwen,sum,fb237_v1_ind_seed7005,50,50.0,16,7005,0.6948,0.6286,0.9071,0.8067,0.7769,0.6286,0.9238,0.9857,66.4,Reach max iteration 50 | best_iter=3
qwen,sum,fb237_v1_ind_seed7009,50,50.0,16,7009,0.7056,0.7005,0.898,0.8188,0.8127,0.7005,0.9179,0.9662,65.7,Reach max iteration 50 | best_iter=3
qwen,sum,fb237_v1_ind_seed7001,50,50.0,32,7001,0.6995,0.6449,0.9274,0.8197,0.7862,0.6449,0.9206,0.972,66.0,Reach max iteration 50 | best_iter=41
qwen,sum,fb237_v1_ind_seed7005,50,50.0,32,7005,0.6995,0.6476,0.8884,0.8148,0.7803,0.6476,0.9048,0.981,66.4,Reach max iteration 50 | best_iter=2
qwen,sum,fb237_v1_ind_seed7009,50,50.0,32,7009,0.665,0.6715,0.924,0.7944,0.7952,0.6715,0.9082,0.971,65.8,Reach max iteration 50 | best_iter=46
qwen,sum,fb237_v1_ind_seed7001,50,50.0,48,7001,0.7358,0.7056,0.8778,0.8334,0.8202,0.7056,0.9252,0.9766,66.3,Reach max iteration 50 | best_iter=2
qwen,sum,fb237_v1_ind_seed7005,50,50.0,48,7005,0.7183,0.6667,0.8995,0.8122,0.8004,0.6667,0.9381,0.9762,66.7,Reach max iteration 50 | best_iter=2
qwen,sum,fb237_v1_ind_seed7009,50,50.0,48,7009,0.6904,0.6908,0.8995,0.809,0.8065,0.6908,0.9034,0.9614,66.4,Reach max iteration 50 | best_iter=3
qwen,sum,fb237_v1_ind_seed7001,50,50.0,64,7001,0.715,0.6589,0.9289,0.8216,0.7952,0.6589,0.9252,0.9766,66.7,Reach max iteration 50 | best_iter=37
qwen,sum,fb237_v1_ind_seed7005,50,50.0,64,7005,0.7042,0.6524,0.9278,0.8137,0.7941,0.6524,0.919,0.9905,66.7,Reach max iteration 50 | best_iter=6
qwen,sum,fb237_v1_ind_seed7009,50,50.0,64,7009,0.6853,0.7053,0.9125,0.8097,0.8163,0.7053,0.913,0.9614,66.5,Reach max iteration 50 | best_iter=4
qwen,sum,fb237_v1_ind_seed7001,50,50.0,80,7001,0.7047,0.6495,0.9294,0.8187,0.7883,0.6495,0.9112,0.986,66.3,Reach max iteration 50 | best_iter=9
qwen,sum,fb237_v1_ind_seed7005,50,50.0,80,7005,0.6995,0.6238,0.9334,0.8096,0.7766,0.6238,0.9143,0.9952,66.9,Reach max iteration 50 | best_iter=49
qwen,sum,fb237_v1_ind_seed7009,50,50.0,80,7009,0.6853,0.7005,0.9295,0.8063,0.8082,0.7005,0.8986,0.971,66.4,Reach max iteration 50 | best_iter=7
qwen,sum,fb237_v1_ind_seed7001,50,50.0,96,7001,0.6995,0.6449,0.9309,0.8183,0.786,0.6449,0.9159,0.9813,66.4,Reach max iteration 50 | best_iter=7
qwen,sum,fb237_v1_ind_seed7005,50,50.0,96,7005,0.6995,0.6571,0.9349,0.8084,0.7937,0.6571,0.9143,0.9905,67.0,Reach max iteration 50 | best_iter=20
qwen,sum,fb237_v1_ind_seed7009,50,50.0,96,7009,0.6954,0.6908,0.907,0.813,0.8044,0.6908,0.9082,0.9807,66.3,Reach max iteration 50 | best_iter=3
qwen,sum,fb237_v1_ind_seed7001,50,100.0,16,7001,0.7358,0.7056,0.8403,0.8299,0.8237,0.7056,0.9393,0.9813,46.6,Reach max iteration 50 | best_iter=35
qwen,sum,fb237_v1_ind_seed7005,50,100.0,16,7005,0.6808,0.6619,0.8465,0.8038,0.7918,0.6619,0.9238,0.9667,44.3,Reach max iteration 50 | best_iter=9
qwen,sum,fb237_v1_ind_seed7009,50,100.0,16,7009,0.7157,0.715,0.8555,0.8198,0.8181,0.715,0.9179,0.971,48.1,Reach max iteration 50 | best_iter=12
qwen,sum,fb237_v1_ind_seed7001,50,100.0,32,7001,0.7461,0.715,0.8548,0.8388,0.8264,0.715,0.9206,0.986,55.7,Reach max iteration 50 | best_iter=27
qwen,sum,fb237_v1_ind_seed7005,50,100.0,32,7005,0.7183,0.6619,0.8612,0.822,0.7915,0.6619,0.9095,0.9857,58.7,Reach max iteration 50 | best_iter=34
qwen,sum,fb237_v1_ind_seed7009,50,100.0,32,7009,0.6853,0.715,0.867,0.8043,0.8189,0.715,0.9034,0.9758,59.6,Reach max iteration 50 | best_iter=21
qwen,sum,fb237_v1_ind_seed7001,50,100.0,48,7001,0.7513,0.7056,0.8653,0.8411,0.8217,0.7056,0.9159,0.9673,65.2,Reach max iteration 50 | best_iter=27
qwen,sum,fb237_v1_ind_seed7005,50,100.0,48,7005,0.7089,0.6619,0.8728,0.8162,0.7983,0.6619,0.919,0.9857,66.1,Reach max iteration 50 | best_iter=21
qwen,sum,fb237_v1_ind_seed7009,50,100.0,48,7009,0.6751,0.7198,0.859,0.8053,0.8279,0.7198,0.9324,0.9758,65.8,Reach max iteration 50 | best_iter=5
qwen,sum,fb237_v1_ind_seed7001,50,100.0,64,7001,0.7461,0.7196,0.8728,0.8387,0.8255,0.7196,0.9159,0.9813,66.5,Reach max iteration 50 | best_iter=37
qwen,sum,fb237_v1_ind_seed7005,50,100.0,64,7005,0.7042,0.6762,0.8788,0.8125,0.8047,0.6762,0.919,0.9905,67.2,Reach max iteration 50 | best_iter=44
qwen,sum,fb237_v1_ind_seed7009,50,100.0,64,7009,0.7005,0.7246,0.8765,0.8161,0.8257,0.7246,0.8986,0.9807,66.0,Reach max iteration 50 | best_iter=6
qwen,sum,fb237_v1_ind_seed7001,50,100.0,80,7001,0.7461,0.6963,0.8768,0.8397,0.8162,0.6963,0.9206,0.9813,66.2,Reach max iteration 50 | best_iter=45
qwen,sum,fb237_v1_ind_seed7005,50,100.0,80,7005,0.7089,0.6952,0.8794,0.8176,0.8162,0.6952,0.9143,1.0,66.5,Reach max iteration 50 | best_iter=6
qwen,sum,fb237_v1_ind_seed7009,50,100.0,80,7009,0.7056,0.7295,0.8625,0.8221,0.8332,0.7295,0.9227,0.9807,66.0,Reach max iteration 50 | best_iter=4
qwen,sum,fb237_v1_ind_seed7001,50,100.0,96,7001,0.7409,0.6963,0.8753,0.8387,0.8185,0.6963,0.9299,0.972,66.0,Reach max iteration 50 | best_iter=8
qwen,sum,fb237_v1_ind_seed7005,50,100.0,96,7005,0.7042,0.7,0.8824,0.8171,0.8169,0.7,0.9333,0.9857,66.8,Reach max iteration 50 | best_iter=6
qwen,sum,fb237_v1_ind_seed7009,50,100.0,96,7009,0.6954,0.7295,0.882,0.8131,0.8231,0.7295,0.8986,0.971,66.2,Reach max iteration 50 | best_iter=6
qwen,sum,fb237_v1_ind_seed7001,50,500.0,16,7001,0.5855,0.5654,0.5533,0.7083,0.6889,0.5654,0.771,0.8785,31.9,Reach max iteration 50 | best_iter=25
qwen,sum,fb237_v1_ind_seed7005,50,500.0,16,7005,0.5211,0.519,0.5588,0.66,0.6566,0.519,0.7571,0.8571,32.7,Reach max iteration 50 | best_iter=46
qwen,sum,fb237_v1_ind_seed7009,50,500.0,16,7009,0.5279,0.57,0.5495,0.6866,0.6917,0.57,0.7778,0.8937,31.8,Reach max iteration 50 | best_iter=50
qwen,sum,fb237_v1_ind_seed7001,50,500.0,32,7001,0.6373,0.6168,0.6149,0.7472,0.7383,0.6168,0.8318,0.9252,32.0,Reach max iteration 50 | best_iter=37
qwen,sum,fb237_v1_ind_seed7005,50,500.0,32,7005,0.5869,0.5667,0.6214,0.7243,0.7037,0.5667,0.819,0.9095,32.0,Reach max iteration 50 | best_iter=19
qwen,sum,fb237_v1_ind_seed7009,50,500.0,32,7009,0.5838,0.6232,0.61,0.723,0.7434,0.6232,0.8213,0.9179,32.3,Reach max iteration 50 | best_iter=49
qwen,sum,fb237_v1_ind_seed7001,50,500.0,48,7001,0.6632,0.6308,0.6475,0.7671,0.753,0.6308,0.8505,0.9252,32.8,Reach max iteration 50 | best_iter=11
qwen,sum,fb237_v1_ind_seed7005,50,500.0,48,7005,0.6338,0.6,0.6547,0.7507,0.7341,0.6,0.8429,0.9286,33.0,Reach max iteration 50 | best_iter=14
qwen,sum,fb237_v1_ind_seed7009,50,500.0,48,7009,0.6091,0.6618,0.6505,0.743,0.7692,0.6618,0.8454,0.9227,32.9,Reach max iteration 50 | best_iter=10
qwen,sum,fb237_v1_ind_seed7001,50,500.0,64,7001,0.6684,0.6589,0.666,0.7726,0.7696,0.6589,0.8551,0.9299,33.9,Reach max iteration 50 | best_iter=22
qwen,sum,fb237_v1_ind_seed7005,50,500.0,64,7005,0.6432,0.6048,0.6603,0.7581,0.7313,0.6048,0.8286,0.9238,36.4,Reach max iteration 50 | best_iter=29
qwen,sum,fb237_v1_ind_seed7009,50,500.0,64,7009,0.6193,0.6763,0.6565,0.7518,0.7832,0.6763,0.8647,0.9275,35.8,Reach max iteration 50 | best_iter=39
qwen,sum,fb237_v1_ind_seed7001,50,500.0,80,7001,0.6891,0.6682,0.6795,0.7886,0.7767,0.6682,0.8645,0.9393,41.9,Reach max iteration 50 | best_iter=43
qwen,sum,fb237_v1_ind_seed7005,50,500.0,80,7005,0.6479,0.619,0.679,0.7684,0.7448,0.619,0.8381,0.9381,39.4,Reach max iteration 50 | best_iter=11
qwen,sum,fb237_v1_ind_seed7009,50,500.0,80,7009,0.6244,0.7005,0.678,0.7583,0.7976,0.7005,0.8696,0.9372,38.3,Reach max iteration 50 | best_iter=41
qwen,sum,fb237_v1_ind_seed7001,50,500.0,96,7001,0.6943,0.6636,0.686,0.7882,0.7769,0.6636,0.8645,0.9533,42.7,Reach max iteration 50 | best_iter=36
qwen,sum,fb237_v1_ind_seed7005,50,500.0,96,7005,0.662,0.6333,0.6931,0.7755,0.7563,0.6333,0.8524,0.9476,42.4,Reach max iteration 50 | best_iter=10
qwen,sum,fb237_v1_ind_seed7009,50,500.0,96,7009,0.6294,0.7005,0.6865,0.7657,0.7972,0.7005,0.8696,0.942,42.3,Reach max iteration 50 | best_iter=29
qwen,sum,fb237_v1_ind_seed7001,50,1000.0,16,7001,0.3057,0.2617,0.2794,0.4457,0.4223,0.2617,0.4813,0.7243,29.6,Reach max iteration 50 | best_iter=1
qwen,sum,fb237_v1_ind_seed7005,50,1000.0,16,7005,0.2676,0.2619,0.2792,0.4075,0.414,0.2619,0.481,0.7667,21.3,Reach max iteration 50 | best_iter=1
qwen,sum,fb237_v1_ind_seed7009,50,1000.0,16,7009,0.2843,0.2947,0.294,0.4331,0.427,0.2947,0.4783,0.6763,29.8,Reach max iteration 50 | best_iter=47
qwen,sum,fb237_v1_ind_seed7001,50,1000.0,32,7001,0.4611,0.4346,0.4186,0.5722,0.5703,0.4346,0.6449,0.8131,30.4,Reach max iteration 50 | best_iter=43
qwen,sum,fb237_v1_ind_seed7005,50,1000.0,32,7005,0.3568,0.3762,0.4316,0.5112,0.5251,0.3762,0.5857,0.7905,29.9,Reach max iteration 50 | best_iter=19
qwen,sum,fb237_v1_ind_seed7009,50,1000.0,32,7009,0.2944,0.285,0.3205,0.4199,0.4194,0.285,0.4638,0.6908,29.2,Reach max iteration 50 | best_iter=32
qwen,sum,fb237_v1_ind_seed7001,50,1000.0,48,7001,0.4974,0.4626,0.4652,0.6164,0.6068,0.4626,0.6963,0.8411,29.7,Reach max iteration 50 | best_iter=13
qwen,sum,fb237_v1_ind_seed7005,50,1000.0,48,7005,0.4131,0.3952,0.4573,0.56,0.5591,0.3952,0.681,0.8333,30.3,Reach max iteration 50 | best_iter=38
qwen,sum,fb237_v1_ind_seed7009,50,1000.0,48,7009,0.4162,0.4396,0.4425,0.5744,0.5869,0.4396,0.6908,0.8502,29.9,Reach max iteration 50 | best_iter=28
qwen,sum,fb237_v1_ind_seed7001,50,1000.0,64,7001,0.5233,0.5,0.4997,0.6466,0.6451,0.5,0.7383,0.8645,30.1,Reach max iteration 50 | best_iter=48
qwen,sum,fb237_v1_ind_seed7005,50,1000.0,64,7005,0.4225,0.4381,0.4962,0.5805,0.6014,0.4381,0.7333,0.8619,30.6,Reach max iteration 50 | best_iter=46
qwen,sum,fb237_v1_ind_seed7009,50,1000.0,64,7009,0.4569,0.5072,0.4985,0.6088,0.6302,0.5072,0.7053,0.8744,30.2,Reach max iteration 50 | best_iter=29
qwen,sum,fb237_v1_ind_seed7001,50,1000.0,80,7001,0.544,0.5187,0.5258,0.6737,0.6595,0.5187,0.757,0.8832,31.2,Reach max iteration 50 | best_iter=18
qwen,sum,fb237_v1_ind_seed7005,50,1000.0,80,7005,0.4366,0.4524,0.5139,0.5923,0.6086,0.4524,0.7333,0.8619,30.9,Reach max iteration 50 | best_iter=45
qwen,sum,fb237_v1_ind_seed7009,50,1000.0,80,7009,0.4873,0.5024,0.5185,0.6387,0.6502,0.5024,0.7633,0.8696,31.2,Reach max iteration 50 | best_iter=28
qwen,sum,fb237_v1_ind_seed7001,50,1000.0,96,7001,0.5492,0.528,0.5218,0.6778,0.6661,0.528,0.7664,0.8692,31.7,Reach max iteration 50 | best_iter=43
qwen,sum,fb237_v1_ind_seed7005,50,1000.0,96,7005,0.4648,0.4857,0.529,0.6174,0.6343,0.4857,0.7429,0.8571,31.8,Reach max iteration 50 | best_iter=12
qwen,sum,fb237_v1_ind_seed7009,50,1000.0,96,7009,0.4822,0.5266,0.532,0.6437,0.6643,0.5266,0.7633,0.8841,31.4,Reach max iteration 50 | best_iter=35
qwen,sum,fb237_v1_ind_seed7001,75,1.0,16,7001,0.6632,0.6636,0.9409,0.7854,0.7885,0.6636,0.8925,0.9626,87.4,Reach max iteration 50 | best_iter=50
qwen,sum,fb237_v1_ind_seed7005,75,1.0,16,7005,0.6667,0.5952,0.9414,0.7882,0.7396,0.5952,0.8619,0.9333,85.2,Reach max iteration 50 | best_iter=12
qwen,sum,fb237_v1_ind_seed7009,75,1.0,16,7009,0.6548,0.6618,0.941,0.7736,0.7792,0.6618,0.8841,0.9372,86.9,Reach max iteration 50 | best_iter=48
qwen,sum,fb237_v1_ind_seed7001,75,1.0,32,7001,0.6839,0.6402,0.9409,0.7996,0.77,0.6402,0.8832,0.9626,87.5,Reach max iteration 50 | best_iter=31
qwen,sum,fb237_v1_ind_seed7005,75,1.0,32,7005,0.6526,0.5905,0.9414,0.7703,0.7417,0.5905,0.8857,0.9524,87.6,Reach max iteration 50 | best_iter=50
qwen,sum,fb237_v1_ind_seed7009,75,1.0,32,7009,0.6701,0.6667,0.941,0.7824,0.7805,0.6667,0.8841,0.942,87.6,Reach max iteration 50 | best_iter=43
qwen,sum,fb237_v1_ind_seed7001,75,1.0,48,7001,0.6943,0.6449,0.9409,0.8098,0.7746,0.6449,0.8785,0.9673,87.0,Reach max iteration 50 | best_iter=21
qwen,sum,fb237_v1_ind_seed7005,75,1.0,48,7005,0.6432,0.6048,0.9414,0.7753,0.7526,0.6048,0.881,0.9714,86.7,Reach max iteration 50 | best_iter=36
qwen,sum,fb237_v1_ind_seed7009,75,1.0,48,7009,0.6599,0.657,0.941,0.7812,0.7734,0.657,0.8696,0.942,87.2,Reach max iteration 50 | best_iter=15
qwen,sum,fb237_v1_ind_seed7001,75,1.0,64,7001,0.6528,0.6215,0.9409,0.784,0.7642,0.6215,0.9019,0.9579,88.5,Reach max iteration 50 | best_iter=26
qwen,sum,fb237_v1_ind_seed7005,75,1.0,64,7005,0.6667,0.6048,0.9414,0.7846,0.7533,0.6048,0.9,0.9667,88.8,Reach max iteration 50 | best_iter=50
qwen,sum,fb237_v1_ind_seed7009,75,1.0,64,7009,0.6599,0.6667,0.941,0.7863,0.7885,0.6667,0.9034,0.942,88.2,Reach max iteration 50 | best_iter=50
qwen,sum,fb237_v1_ind_seed7001,75,1.0,80,7001,0.6839,0.6308,0.9409,0.8036,0.7713,0.6308,0.8972,0.9579,86.4,Reach max iteration 50 | best_iter=38
qwen,sum,fb237_v1_ind_seed7005,75,1.0,80,7005,0.6573,0.6095,0.9414,0.78,0.7625,0.6095,0.9095,0.9762,87.4,Reach max iteration 50 | best_iter=49
qwen,sum,fb237_v1_ind_seed7009,75,1.0,80,7009,0.6497,0.6618,0.941,0.7836,0.7757,0.6618,0.8792,0.942,87.0,Reach max iteration 50 | best_iter=15
qwen,sum,fb237_v1_ind_seed7001,75,1.0,96,7001,0.6839,0.6589,0.9409,0.8062,0.7883,0.6589,0.8972,0.9673,86.0,Reach max iteration 50 | best_iter=31
qwen,sum,fb237_v1_ind_seed7005,75,1.0,96,7005,0.662,0.6048,0.9414,0.7854,0.7515,0.6048,0.8714,0.9619,86.3,Reach max iteration 50 | best_iter=33
qwen,sum,fb237_v1_ind_seed7009,75,1.0,96,7009,0.6548,0.6715,0.941,0.7791,0.7865,0.6715,0.8889,0.9517,88.3,Reach max iteration 50 | best_iter=47
qwen,sum,fb237_v1_ind_seed7001,75,5.0,16,7001,0.6891,0.6636,0.9409,0.7973,0.7927,0.6636,0.9112,0.9673,86.5,Reach max iteration 50 | best_iter=33
qwen,sum,fb237_v1_ind_seed7005,75,5.0,16,7005,0.6667,0.5857,0.9414,0.7793,0.7365,0.5857,0.8762,0.9286,86.1,Reach max iteration 50 | best_iter=13
qwen,sum,fb237_v1_ind_seed7009,75,5.0,16,7009,0.665,0.6618,0.941,0.7813,0.7807,0.6618,0.8889,0.9614,86.5,Reach max iteration 50 | best_iter=27
qwen,sum,fb237_v1_ind_seed7001,75,5.0,32,7001,0.6891,0.6589,0.9409,0.8115,0.7884,0.6589,0.9065,0.972,87.5,Reach max iteration 50 | best_iter=33
qwen,sum,fb237_v1_ind_seed7005,75,5.0,32,7005,0.6761,0.5857,0.9414,0.7879,0.7371,0.5857,0.881,0.9619,87.5,Reach max iteration 50 | best_iter=23
qwen,sum,fb237_v1_ind_seed7009,75,5.0,32,7009,0.6599,0.6812,0.941,0.7902,0.7975,0.6812,0.8986,0.9517,88.1,Reach max iteration 50 | best_iter=20
qwen,sum,fb237_v1_ind_seed7001,75,5.0,48,7001,0.6943,0.6402,0.9409,0.812,0.7802,0.6402,0.9065,0.9766,87.2,Reach max iteration 50 | best_iter=15
qwen,sum,fb237_v1_ind_seed7005,75,5.0,48,7005,0.6667,0.6,0.9414,0.7918,0.7537,0.6,0.8857,0.981,88.3,Reach max iteration 50 | best_iter=47
qwen,sum,fb237_v1_ind_seed7009,75,5.0,48,7009,0.6701,0.6473,0.941,0.7915,0.7727,0.6473,0.8889,0.9372,87.3,Reach max iteration 50 | best_iter=8
qwen,sum,fb237_v1_ind_seed7001,75,5.0,64,7001,0.6943,0.6449,0.9409,0.8126,0.7852,0.6449,0.9206,0.9766,87.5,Reach max iteration 50 | best_iter=41
qwen,sum,fb237_v1_ind_seed7005,75,5.0,64,7005,0.6901,0.6238,0.9414,0.7994,0.7686,0.6238,0.8952,0.9762,88.0,Reach max iteration 50 | best_iter=22
qwen,sum,fb237_v1_ind_seed7009,75,5.0,64,7009,0.6701,0.6667,0.941,0.7924,0.7846,0.6667,0.8937,0.9517,87.8,Reach max iteration 50 | best_iter=49
qwen,sum,fb237_v1_ind_seed7001,75,5.0,80,7001,0.6995,0.6402,0.9409,0.8205,0.7758,0.6402,0.9065,0.9813,87.8,Reach max iteration 50 | best_iter=26
qwen,sum,fb237_v1_ind_seed7005,75,5.0,80,7005,0.6761,0.6048,0.9414,0.7947,0.7578,0.6048,0.8952,0.9762,88.3,Reach max iteration 50 | best_iter=25
qwen,sum,fb237_v1_ind_seed7009,75,5.0,80,7009,0.6751,0.6763,0.941,0.7976,0.7887,0.6763,0.8889,0.9517,87.9,Reach max iteration 50 | best_iter=13
qwen,sum,fb237_v1_ind_seed7001,75,5.0,96,7001,0.6788,0.6449,0.9409,0.8106,0.7804,0.6449,0.9065,0.9626,87.6,Reach max iteration 50 | best_iter=43
qwen,sum,fb237_v1_ind_seed7005,75,5.0,96,7005,0.6761,0.6048,0.9414,0.7932,0.7629,0.6048,0.9095,0.9762,86.8,Reach max iteration 50 | best_iter=42
qwen,sum,fb237_v1_ind_seed7009,75,5.0,96,7009,0.6599,0.6763,0.941,0.7896,0.786,0.6763,0.8841,0.942,87.7,Reach max iteration 50 | best_iter=38
qwen,sum,fb237_v1_ind_seed7001,75,10.0,16,7001,0.6788,0.6449,0.9409,0.7988,0.7803,0.6449,0.8972,0.9626,87.5,Reach max iteration 50 | best_iter=27
qwen,sum,fb237_v1_ind_seed7005,75,10.0,16,7005,0.6573,0.5857,0.9414,0.7827,0.7414,0.5857,0.8762,0.9619,86.4,Reach max iteration 50 | best_iter=5
qwen,sum,fb237_v1_ind_seed7009,75,10.0,16,7009,0.6599,0.6667,0.941,0.786,0.7843,0.6667,0.8841,0.942,87.7,Reach max iteration 50 | best_iter=24
qwen,sum,fb237_v1_ind_seed7001,75,10.0,32,7001,0.6839,0.6308,0.9409,0.8082,0.7761,0.6308,0.9159,0.9673,88.0,Reach max iteration 50 | best_iter=48
qwen,sum,fb237_v1_ind_seed7005,75,10.0,32,7005,0.6901,0.6048,0.9414,0.8027,0.7564,0.6048,0.9048,0.9571,87.1,Reach max iteration 50 | best_iter=6
qwen,sum,fb237_v1_ind_seed7009,75,10.0,32,7009,0.6701,0.6715,0.941,0.7899,0.7907,0.6715,0.8986,0.9469,88.7,Reach max iteration 50 | best_iter=4
qwen,sum,fb237_v1_ind_seed7001,75,10.0,48,7001,0.6788,0.6449,0.9409,0.8062,0.7856,0.6449,0.9065,0.9673,88.0,Reach max iteration 50 | best_iter=11
qwen,sum,fb237_v1_ind_seed7005,75,10.0,48,7005,0.6667,0.6,0.9414,0.7894,0.759,0.6,0.9143,0.981,87.1,Reach max iteration 50 | best_iter=6
qwen,sum,fb237_v1_ind_seed7009,75,10.0,48,7009,0.6599,0.686,0.941,0.7882,0.7965,0.686,0.8937,0.9517,88.5,Reach max iteration 50 | best_iter=4
qwen,sum,fb237_v1_ind_seed7001,75,10.0,64,7001,0.6943,0.6308,0.9409,0.8142,0.7753,0.6308,0.9159,0.9766,87.9,Reach max iteration 50 | best_iter=12
qwen,sum,fb237_v1_ind_seed7005,75,10.0,64,7005,0.6854,0.6095,0.9414,0.8035,0.7674,0.6095,0.9095,0.981,88.0,Reach max iteration 50 | best_iter=33
qwen,sum,fb237_v1_ind_seed7009,75,10.0,64,7009,0.6599,0.6618,0.941,0.792,0.7868,0.6618,0.8986,0.9469,87.9,Reach max iteration 50 | best_iter=12
qwen,sum,fb237_v1_ind_seed7001,75,10.0,80,7001,0.6943,0.6402,0.9409,0.8154,0.7844,0.6402,0.9252,0.9626,86.1,Reach max iteration 50 | best_iter=39
qwen,sum,fb237_v1_ind_seed7005,75,10.0,80,7005,0.6901,0.6095,0.9414,0.8002,0.7652,0.6095,0.919,0.9762,85.5,Reach max iteration 50 | best_iter=34
qwen,sum,fb237_v1_ind_seed7009,75,10.0,80,7009,0.6701,0.6667,0.9405,0.7962,0.7883,0.6667,0.8889,0.9614,87.7,Reach max iteration 50 | best_iter=3
qwen,sum,fb237_v1_ind_seed7001,75,10.0,96,7001,0.6891,0.6495,0.9409,0.8158,0.7866,0.6495,0.9206,0.972,87.9,Reach max iteration 50 | best_iter=29
qwen,sum,fb237_v1_ind_seed7005,75,10.0,96,7005,0.6761,0.581,0.9414,0.7963,0.7477,0.581,0.9,0.9762,87.2,Reach max iteration 50 | best_iter=15
qwen,sum,fb237_v1_ind_seed7009,75,10.0,96,7009,0.6599,0.6667,0.941,0.7901,0.7837,0.6667,0.8792,0.9614,88.7,Reach max iteration 50 | best_iter=22
qwen,sum,fb237_v1_ind_seed7001,75,50.0,16,7001,0.6891,0.6869,0.8973,0.8045,0.8106,0.6869,0.9159,0.9766,85.9,Reach max iteration 50 | best_iter=4
qwen,sum,fb237_v1_ind_seed7005,75,50.0,16,7005,0.7042,0.6429,0.8955,0.8105,0.7785,0.6429,0.9095,0.9619,88.1,Reach max iteration 50 | best_iter=2
qwen,sum,fb237_v1_ind_seed7009,75,50.0,16,7009,0.6954,0.6763,0.918,0.8089,0.7935,0.6763,0.8986,0.971,87.0,Reach max iteration 50 | best_iter=27
qwen,sum,fb237_v1_ind_seed7001,75,50.0,32,7001,0.7047,0.6729,0.9264,0.8242,0.8017,0.6729,0.9252,0.9766,87.4,Reach max iteration 50 | best_iter=47
qwen,sum,fb237_v1_ind_seed7005,75,50.0,32,7005,0.7089,0.6429,0.9152,0.8167,0.7822,0.6429,0.9143,0.9762,88.5,Reach max iteration 50 | best_iter=3
qwen,sum,fb237_v1_ind_seed7009,75,50.0,32,7009,0.6802,0.6908,0.923,0.803,0.808,0.6908,0.913,0.9807,87.8,Reach max iteration 50 | best_iter=10
qwen,sum,fb237_v1_ind_seed7001,75,50.0,48,7001,0.7202,0.6682,0.9259,0.8269,0.8008,0.6682,0.9252,0.9766,88.5,Reach max iteration 50 | best_iter=6
qwen,sum,fb237_v1_ind_seed7005,75,50.0,48,7005,0.7183,0.6286,0.9268,0.8196,0.7838,0.6286,0.9333,0.9905,88.0,Reach max iteration 50 | best_iter=9
qwen,sum,fb237_v1_ind_seed7009,75,50.0,48,7009,0.6904,0.6908,0.9135,0.8121,0.806,0.6908,0.913,0.9614,88.4,Reach max iteration 50 | best_iter=3
qwen,sum,fb237_v1_ind_seed7001,75,50.0,64,7001,0.7098,0.6495,0.9309,0.8221,0.7903,0.6495,0.9252,0.9813,88.3,Reach max iteration 50 | best_iter=33
qwen,sum,fb237_v1_ind_seed7005,75,50.0,64,7005,0.7136,0.6333,0.9324,0.8134,0.7811,0.6333,0.9238,0.9905,88.5,Reach max iteration 50 | best_iter=42
qwen,sum,fb237_v1_ind_seed7009,75,50.0,64,7009,0.7005,0.7005,0.8955,0.8152,0.8177,0.7005,0.9275,0.9662,88.5,Reach max iteration 50 | best_iter=2
qwen,sum,fb237_v1_ind_seed7001,75,50.0,80,7001,0.6995,0.6636,0.9304,0.8194,0.7959,0.6636,0.9252,0.9766,87.3,Reach max iteration 50 | best_iter=9
qwen,sum,fb237_v1_ind_seed7005,75,50.0,80,7005,0.7183,0.6714,0.9036,0.822,0.8014,0.6714,0.919,0.9905,87.5,Reach max iteration 50 | best_iter=3
qwen,sum,fb237_v1_ind_seed7009,75,50.0,80,7009,0.6751,0.7005,0.9225,0.8044,0.8086,0.7005,0.9034,0.9758,86.7,Reach max iteration 50 | best_iter=5
qwen,sum,fb237_v1_ind_seed7001,75,50.0,96,7001,0.7098,0.6682,0.9319,0.8229,0.8001,0.6682,0.9252,0.9813,89.3,Reach max iteration 50 | best_iter=10
qwen,sum,fb237_v1_ind_seed7005,75,50.0,96,7005,0.6995,0.6762,0.9313,0.81,0.8044,0.6762,0.9286,0.9905,88.3,Reach max iteration 50 | best_iter=11
qwen,sum,fb237_v1_ind_seed7009,75,50.0,96,7009,0.7157,0.744,0.888,0.821,0.8379,0.744,0.9227,0.9855,88.6,Reach max iteration 50 | best_iter=2
qwen,sum,fb237_v1_ind_seed7001,75,100.0,16,7001,0.7461,0.715,0.8483,0.8364,0.8245,0.715,0.9206,0.9673,63.7,Reach max iteration 50 | best_iter=25
qwen,sum,fb237_v1_ind_seed7005,75,100.0,16,7005,0.6948,0.6476,0.8536,0.8104,0.7791,0.6476,0.9095,0.9857,60.2,Reach max iteration 50 | best_iter=9
qwen,sum,fb237_v1_ind_seed7009,75,100.0,16,7009,0.7005,0.7198,0.8495,0.8144,0.8206,0.7198,0.8986,0.971,59.0,Reach max iteration 50 | best_iter=7
qwen,sum,fb237_v1_ind_seed7001,75,100.0,32,7001,0.7306,0.7196,0.8578,0.8332,0.828,0.7196,0.9065,0.9813,81.0,Reach max iteration 50 | best_iter=44
qwen,sum,fb237_v1_ind_seed7005,75,100.0,32,7005,0.6995,0.6714,0.8486,0.8134,0.7993,0.6714,0.919,0.9905,72.9,Reach max iteration 50 | best_iter=4
qwen,sum,fb237_v1_ind_seed7009,75,100.0,32,7009,0.6802,0.7053,0.867,0.8031,0.8149,0.7053,0.9179,0.9807,75.4,Reach max iteration 50 | best_iter=11
qwen,sum,fb237_v1_ind_seed7001,75,100.0,48,7001,0.7358,0.7243,0.8503,0.8313,0.8299,0.7243,0.9206,0.9813,87.8,Reach max iteration 50 | best_iter=5
qwen,sum,fb237_v1_ind_seed7005,75,100.0,48,7005,0.7042,0.6857,0.8607,0.8182,0.8117,0.6857,0.9333,0.9905,87.8,Reach max iteration 50 | best_iter=7
qwen,sum,fb237_v1_ind_seed7009,75,100.0,48,7009,0.6751,0.715,0.873,0.8039,0.8207,0.715,0.9034,0.9807,88.4,Reach max iteration 50 | best_iter=7
qwen,sum,fb237_v1_ind_seed7001,75,100.0,64,7001,0.7513,0.7056,0.8683,0.8408,0.8233,0.7056,0.9252,0.9813,88.4,Reach max iteration 50 | best_iter=34
qwen,sum,fb237_v1_ind_seed7005,75,100.0,64,7005,0.7136,0.6857,0.8783,0.8195,0.8099,0.6857,0.9333,0.9905,87.8,Reach max iteration 50 | best_iter=11
qwen,sum,fb237_v1_ind_seed7009,75,100.0,64,7009,0.7005,0.7246,0.877,0.814,0.8245,0.7246,0.9034,0.9807,88.1,Reach max iteration 50 | best_iter=7
qwen,sum,fb237_v1_ind_seed7001,75,100.0,80,7001,0.7513,0.6869,0.8703,0.8421,0.8112,0.6869,0.9159,0.9766,88.4,Reach max iteration 50 | best_iter=6
qwen,sum,fb237_v1_ind_seed7005,75,100.0,80,7005,0.7371,0.681,0.8556,0.8339,0.8074,0.681,0.9333,0.981,88.6,Reach max iteration 50 | best_iter=3
qwen,sum,fb237_v1_ind_seed7009,75,100.0,80,7009,0.6904,0.7246,0.882,0.8106,0.8258,0.7246,0.9082,0.9758,87.7,Reach max iteration 50 | best_iter=6
qwen,sum,fb237_v1_ind_seed7001,75,100.0,96,7001,0.7513,0.715,0.8648,0.8456,0.8275,0.715,0.9252,0.986,87.8,Reach max iteration 50 | best_iter=6
qwen,sum,fb237_v1_ind_seed7005,75,100.0,96,7005,0.7277,0.6905,0.8829,0.8281,0.8137,0.6905,0.9286,0.9905,88.2,Reach max iteration 50 | best_iter=8
qwen,sum,fb237_v1_ind_seed7009,75,100.0,96,7009,0.7005,0.7295,0.8805,0.8181,0.8263,0.7295,0.9082,0.9807,88.1,Reach max iteration 50 | best_iter=6
qwen,sum,fb237_v1_ind_seed7001,75,500.0,16,7001,0.5907,0.5748,0.5679,0.7158,0.704,0.5748,0.8037,0.8879,41.3,Reach max iteration 50 | best_iter=24
qwen,sum,fb237_v1_ind_seed7005,75,500.0,16,7005,0.507,0.5143,0.5447,0.6495,0.647,0.5143,0.7476,0.8476,42.1,Reach max iteration 50 | best_iter=14
qwen,sum,fb237_v1_ind_seed7009,75,500.0,16,7009,0.5431,0.5894,0.56,0.69,0.7067,0.5894,0.7826,0.913,41.4,Reach max iteration 50 | best_iter=39
qwen,sum,fb237_v1_ind_seed7001,75,500.0,32,7001,0.658,0.6121,0.6234,0.7606,0.7327,0.6121,0.8178,0.9112,42.9,Reach max iteration 50 | best_iter=14
qwen,sum,fb237_v1_ind_seed7005,75,500.0,32,7005,0.5915,0.5619,0.6093,0.7237,0.6985,0.5619,0.819,0.8762,43.0,Reach max iteration 50 | best_iter=12
qwen,sum,fb237_v1_ind_seed7009,75,500.0,32,7009,0.5838,0.6329,0.614,0.7216,0.7475,0.6329,0.8261,0.9179,42.5,Reach max iteration 50 | best_iter=38
qwen,sum,fb237_v1_ind_seed7001,75,500.0,48,7001,0.6477,0.6262,0.6465,0.7604,0.7471,0.6262,0.8364,0.9393,43.6,Reach max iteration 50 | best_iter=39
qwen,sum,fb237_v1_ind_seed7005,75,500.0,48,7005,0.6244,0.6048,0.6471,0.7443,0.7275,0.6048,0.8238,0.919,44.1,Reach max iteration 50 | best_iter=14
qwen,sum,fb237_v1_ind_seed7009,75,500.0,48,7009,0.6193,0.686,0.6585,0.7491,0.7848,0.686,0.8647,0.9179,44.0,Reach max iteration 50 | best_iter=13
qwen,sum,fb237_v1_ind_seed7001,75,500.0,64,7001,0.6632,0.6449,0.671,0.7695,0.7605,0.6449,0.8458,0.9393,48.5,Reach max iteration 50 | best_iter=16
qwen,sum,fb237_v1_ind_seed7005,75,500.0,64,7005,0.6385,0.6095,0.6638,0.757,0.7349,0.6095,0.8286,0.9238,50.8,Reach max iteration 50 | best_iter=37
qwen,sum,fb237_v1_ind_seed7009,75,500.0,64,7009,0.6193,0.6957,0.67,0.7537,0.7924,0.6957,0.8647,0.9275,47.7,Reach max iteration 50 | best_iter=28
qwen,sum,fb237_v1_ind_seed7001,75,500.0,80,7001,0.6839,0.6682,0.6785,0.7842,0.7794,0.6682,0.8738,0.9579,52.3,Reach max iteration 50 | best_iter=37
qwen,sum,fb237_v1_ind_seed7005,75,500.0,80,7005,0.6667,0.6286,0.6835,0.7757,0.7513,0.6286,0.8524,0.9333,53.9,Reach max iteration 50 | best_iter=36
qwen,sum,fb237_v1_ind_seed7009,75,500.0,80,7009,0.6345,0.7005,0.6765,0.7617,0.7985,0.7005,0.8744,0.9372,56.7,Reach max iteration 50 | best_iter=41
qwen,sum,fb237_v1_ind_seed7001,75,500.0,96,7001,0.6943,0.6682,0.686,0.7899,0.7804,0.6682,0.8738,0.9579,67.7,Reach max iteration 50 | best_iter=18
qwen,sum,fb237_v1_ind_seed7005,75,500.0,96,7005,0.6667,0.6429,0.6956,0.7797,0.7602,0.6429,0.8524,0.9476,57.9,Reach max iteration 50 | best_iter=17
qwen,sum,fb237_v1_ind_seed7009,75,500.0,96,7009,0.6294,0.6908,0.6955,0.7648,0.7943,0.6908,0.8792,0.942,57.7,Reach max iteration 50 | best_iter=19
qwen,sum,fb237_v1_ind_seed7001,75,1000.0,16,7001,0.3109,0.271,0.2994,0.4496,0.429,0.271,0.4907,0.757,39.9,Reach max iteration 50 | best_iter=1
qwen,sum,fb237_v1_ind_seed7005,75,1000.0,16,7005,0.2629,0.2714,0.2857,0.4057,0.4268,0.2714,0.4857,0.7667,28.3,Reach max iteration 50 | best_iter=1
qwen,sum,fb237_v1_ind_seed7009,75,1000.0,16,7009,0.2386,0.2899,0.2865,0.4087,0.4383,0.2899,0.4976,0.7391,35.0,Reach max iteration 50 | best_iter=1
qwen,sum,fb237_v1_ind_seed7001,75,1000.0,32,7001,0.4456,0.4299,0.4166,0.563,0.5666,0.4299,0.6495,0.8178,39.7,Reach max iteration 50 | best_iter=48
qwen,sum,fb237_v1_ind_seed7005,75,1000.0,32,7005,0.3662,0.3571,0.4149,0.5095,0.5121,0.3571,0.6143,0.8,40.7,Reach max iteration 50 | best_iter=45
qwen,sum,fb237_v1_ind_seed7009,75,1000.0,32,7009,0.3147,0.3043,0.323,0.4454,0.4411,0.3043,0.4879,0.7198,40.5,Reach max iteration 50 | best_iter=34
qwen,sum,fb237_v1_ind_seed7001,75,1000.0,48,7001,0.4715,0.4393,0.4602,0.609,0.6002,0.4393,0.7103,0.8551,39.9,Reach max iteration 50 | best_iter=47
qwen,sum,fb237_v1_ind_seed7005,75,1000.0,48,7005,0.3897,0.4048,0.4609,0.5409,0.5598,0.4048,0.6571,0.8381,40.3,Reach max iteration 50 | best_iter=25
qwen,sum,fb237_v1_ind_seed7009,75,1000.0,48,7009,0.4162,0.4493,0.4575,0.5735,0.5916,0.4493,0.686,0.8357,40.5,Reach max iteration 50 | best_iter=48
qwen,sum,fb237_v1_ind_seed7001,75,1000.0,64,7001,0.4974,0.4953,0.4907,0.6309,0.6372,0.4953,0.743,0.8551,40.7,Reach max iteration 50 | best_iter=46
qwen,sum,fb237_v1_ind_seed7005,75,1000.0,64,7005,0.4272,0.4619,0.5008,0.5817,0.603,0.4619,0.6905,0.8476,41.2,Reach max iteration 50 | best_iter=9
qwen,sum,fb237_v1_ind_seed7009,75,1000.0,64,7009,0.4569,0.4976,0.5005,0.6054,0.6249,0.4976,0.7101,0.8647,40.4,Reach max iteration 50 | best_iter=19
qwen,sum,fb237_v1_ind_seed7001,75,1000.0,80,7001,0.5648,0.5421,0.5243,0.6823,0.6681,0.5421,0.743,0.8692,41.6,Reach max iteration 50 | best_iter=14
qwen,sum,fb237_v1_ind_seed7005,75,1000.0,80,7005,0.4366,0.4524,0.5144,0.5922,0.6078,0.4524,0.7333,0.8667,41.7,Reach max iteration 50 | best_iter=46
qwen,sum,fb237_v1_ind_seed7009,75,1000.0,80,7009,0.4873,0.5314,0.5305,0.6422,0.6586,0.5314,0.7488,0.8841,41.4,Reach max iteration 50 | best_iter=9
qwen,sum,fb237_v1_ind_seed7001,75,1000.0,96,7001,0.544,0.5234,0.5183,0.6761,0.6616,0.5234,0.7617,0.8645,42.0,Reach max iteration 50 | best_iter=15
qwen,sum,fb237_v1_ind_seed7005,75,1000.0,96,7005,0.4554,0.4667,0.5215,0.6117,0.6253,0.4667,0.7476,0.8667,42.5,Reach max iteration 50 | best_iter=21
qwen,sum,fb237_v1_ind_seed7009,75,1000.0,96,7009,0.4924,0.5169,0.5305,0.6447,0.6615,0.5169,0.7681,0.8841,42.2,Reach max iteration 50 | best_iter=24
qwen,sum,fb237_v1_ind_seed7001,100,1.0,16,7001,0.6684,0.6589,0.9409,0.7869,0.783,0.6589,0.8879,0.972,110.0,Reach max iteration 50 | best_iter=49
qwen,sum,fb237_v1_ind_seed7005,100,1.0,16,7005,0.662,0.581,0.9414,0.7855,0.7294,0.581,0.8571,0.9476,111.6,Reach max iteration 50 | best_iter=32
qwen,sum,fb237_v1_ind_seed7009,100,1.0,16,7009,0.665,0.657,0.941,0.7802,0.7817,0.657,0.8889,0.971,108.3,Reach max iteration 50 | best_iter=17
qwen,sum,fb237_v1_ind_seed7001,100,1.0,32,7001,0.6736,0.6449,0.9409,0.7963,0.7772,0.6449,0.8972,0.9579,109.6,Reach max iteration 50 | best_iter=35
qwen,sum,fb237_v1_ind_seed7005,100,1.0,32,7005,0.6667,0.6095,0.9414,0.7831,0.7468,0.6095,0.8667,0.9476,110.9,Reach max iteration 50 | best_iter=29
qwen,sum,fb237_v1_ind_seed7009,100,1.0,32,7009,0.6599,0.6715,0.941,0.7794,0.7887,0.6715,0.9034,0.9517,111.2,Reach max iteration 50 | best_iter=47
qwen,sum,fb237_v1_ind_seed7001,100,1.0,48,7001,0.6995,0.6402,0.9409,0.8127,0.7773,0.6402,0.9112,0.972,110.6,Reach max iteration 50 | best_iter=49
qwen,sum,fb237_v1_ind_seed7005,100,1.0,48,7005,0.662,0.6,0.9414,0.7814,0.7566,0.6,0.9,0.9667,108.7,Reach max iteration 50 | best_iter=44
qwen,sum,fb237_v1_ind_seed7009,100,1.0,48,7009,0.665,0.6763,0.941,0.7798,0.7876,0.6763,0.8889,0.9372,110.5,Reach max iteration 50 | best_iter=34
qwen,sum,fb237_v1_ind_seed7001,100,1.0,64,7001,0.6788,0.6355,0.9409,0.8012,0.7764,0.6355,0.9112,0.972,110.0,Reach max iteration 50 | best_iter=34
qwen,sum,fb237_v1_ind_seed7005,100,1.0,64,7005,0.6573,0.6095,0.9414,0.7806,0.7554,0.6095,0.9,0.9524,110.1,Reach max iteration 50 | best_iter=42
qwen,sum,fb237_v1_ind_seed7009,100,1.0,64,7009,0.665,0.6812,0.941,0.7861,0.7956,0.6812,0.8937,0.9469,110.3,Reach max iteration 50 | best_iter=50
qwen,sum,fb237_v1_ind_seed7001,100,1.0,80,7001,0.6736,0.6495,0.9409,0.8021,0.7808,0.6495,0.8972,0.9439,109.9,Reach max iteration 50 | best_iter=48
qwen,sum,fb237_v1_ind_seed7005,100,1.0,80,7005,0.6808,0.6238,0.9414,0.7943,0.7675,0.6238,0.881,0.9762,109.2,Reach max iteration 50 | best_iter=29
qwen,sum,fb237_v1_ind_seed7009,100,1.0,80,7009,0.6904,0.6763,0.941,0.7994,0.7895,0.6763,0.8986,0.9469,111.9,Reach max iteration 50 | best_iter=38
qwen,sum,fb237_v1_ind_seed7001,100,1.0,96,7001,0.6891,0.6215,0.9409,0.8116,0.7663,0.6215,0.8879,0.9579,111.5,Reach max iteration 50 | best_iter=42
qwen,sum,fb237_v1_ind_seed7005,100,1.0,96,7005,0.6808,0.6048,0.9414,0.7939,0.7523,0.6048,0.8762,0.9714,109.0,Reach max iteration 50 | best_iter=35
qwen,sum,fb237_v1_ind_seed7009,100,1.0,96,7009,0.665,0.6957,0.941,0.7842,0.7972,0.6957,0.8841,0.9372,112.4,Reach max iteration 50 | best_iter=42
qwen,sum,fb237_v1_ind_seed7001,100,5.0,16,7001,0.6684,0.6402,0.9409,0.7867,0.7761,0.6402,0.8972,0.972,109.3,Reach max iteration 50 | best_iter=30
qwen,sum,fb237_v1_ind_seed7005,100,5.0,16,7005,0.6761,0.6048,0.9414,0.7885,0.7484,0.6048,0.8762,0.9571,108.9,Reach max iteration 50 | best_iter=21
qwen,sum,fb237_v1_ind_seed7009,100,5.0,16,7009,0.665,0.6618,0.941,0.7886,0.7849,0.6618,0.8937,0.9662,107.9,Reach max iteration 50 | best_iter=11
qwen,sum,fb237_v1_ind_seed7001,100,5.0,32,7001,0.6839,0.6355,0.9409,0.8068,0.7794,0.6355,0.9159,0.9766,109.4,Reach max iteration 50 | best_iter=46
qwen,sum,fb237_v1_ind_seed7005,100,5.0,32,7005,0.6901,0.6143,0.9414,0.7979,0.7624,0.6143,0.9048,0.9762,109.4,Reach max iteration 50 | best_iter=6
qwen,sum,fb237_v1_ind_seed7009,100,5.0,32,7009,0.6751,0.6812,0.941,0.7899,0.7919,0.6812,0.8841,0.9565,108.3,Reach max iteration 50 | best_iter=8
qwen,sum,fb237_v1_ind_seed7001,100,5.0,48,7001,0.6995,0.6589,0.9409,0.8139,0.7908,0.6589,0.9112,0.9626,109.0,Reach max iteration 50 | best_iter=33
qwen,sum,fb237_v1_ind_seed7005,100,5.0,48,7005,0.6667,0.619,0.9414,0.7867,0.7674,0.619,0.8905,0.9714,107.5,Reach max iteration 50 | best_iter=13
qwen,sum,fb237_v1_ind_seed7009,100,5.0,48,7009,0.6751,0.6908,0.941,0.7913,0.7965,0.6908,0.8889,0.9469,108.6,Reach max iteration 50 | best_iter=32
qwen,sum,fb237_v1_ind_seed7001,100,5.0,64,7001,0.7047,0.6636,0.9409,0.8198,0.7918,0.6636,0.9065,0.9766,110.4,Reach max iteration 50 | best_iter=37
qwen,sum,fb237_v1_ind_seed7005,100,5.0,64,7005,0.6995,0.5952,0.9414,0.8061,0.7596,0.5952,0.9143,0.981,111.0,Reach max iteration 50 | best_iter=43
qwen,sum,fb237_v1_ind_seed7009,100,5.0,64,7009,0.6751,0.6763,0.941,0.7956,0.789,0.6763,0.8841,0.9614,110.6,Reach max iteration 50 | best_iter=29
qwen,sum,fb237_v1_ind_seed7001,100,5.0,80,7001,0.6943,0.6308,0.9409,0.8174,0.7723,0.6308,0.9112,0.9673,110.6,Reach max iteration 50 | best_iter=31
qwen,sum,fb237_v1_ind_seed7005,100,5.0,80,7005,0.6808,0.6,0.9414,0.7971,0.7587,0.6,0.9048,0.9762,108.6,Reach max iteration 50 | best_iter=38
qwen,sum,fb237_v1_ind_seed7009,100,5.0,80,7009,0.6904,0.6812,0.941,0.8053,0.7947,0.6812,0.8841,0.9565,110.0,Reach max iteration 50 | best_iter=14
qwen,sum,fb237_v1_ind_seed7001,100,5.0,96,7001,0.7098,0.6495,0.9409,0.8245,0.7841,0.6495,0.9159,0.972,110.8,Reach max iteration 50 | best_iter=38
qwen,sum,fb237_v1_ind_seed7005,100,5.0,96,7005,0.6995,0.6095,0.9414,0.8073,0.764,0.6095,0.9048,0.981,110.4,Reach max iteration 50 | best_iter=15
qwen,sum,fb237_v1_ind_seed7009,100,5.0,96,7009,0.665,0.6908,0.941,0.7904,0.7997,0.6908,0.8986,0.9469,110.7,Reach max iteration 50 | best_iter=13
qwen,sum,fb237_v1_ind_seed7001,100,10.0,16,7001,0.6736,0.6542,0.9409,0.7958,0.79,0.6542,0.9159,0.972,108.7,Reach max iteration 50 | best_iter=13
qwen,sum,fb237_v1_ind_seed7005,100,10.0,16,7005,0.6573,0.6,0.9414,0.7821,0.7416,0.6,0.8571,0.9619,108.1,Reach max iteration 50 | best_iter=29
qwen,sum,fb237_v1_ind_seed7009,100,10.0,16,7009,0.6599,0.6618,0.9395,0.784,0.783,0.6618,0.8792,0.9565,110.2,Reach max iteration 50 | best_iter=3
qwen,sum,fb237_v1_ind_seed7001,100,10.0,32,7001,0.6736,0.6355,0.9409,0.7975,0.7727,0.6355,0.8972,0.9673,111.2,Reach max iteration 50 | best_iter=35
qwen,sum,fb237_v1_ind_seed7005,100,10.0,32,7005,0.6948,0.6048,0.9414,0.8047,0.7588,0.6048,0.8952,0.9619,109.0,Reach max iteration 50 | best_iter=6
qwen,sum,fb237_v1_ind_seed7009,100,10.0,32,7009,0.6599,0.6763,0.941,0.7898,0.7962,0.6763,0.913,0.9662,110.5,Reach max iteration 50 | best_iter=8
qwen,sum,fb237_v1_ind_seed7001,100,10.0,48,7001,0.6891,0.6402,0.9409,0.814,0.7815,0.6402,0.9065,0.9813,107.8,Reach max iteration 50 | best_iter=8
qwen,sum,fb237_v1_ind_seed7005,100,10.0,48,7005,0.6901,0.6,0.9414,0.8012,0.7576,0.6,0.9,0.9762,110.4,Reach max iteration 50 | best_iter=14
qwen,sum,fb237_v1_ind_seed7009,100,10.0,48,7009,0.6599,0.6715,0.941,0.7886,0.788,0.6715,0.8937,0.942,111.4,Reach max iteration 50 | best_iter=8
qwen,sum,fb237_v1_ind_seed7001,100,10.0,64,7001,0.6891,0.6495,0.9409,0.808,0.7899,0.6495,0.9252,0.9673,110.3,Reach max iteration 50 | best_iter=35
qwen,sum,fb237_v1_ind_seed7005,100,10.0,64,7005,0.6854,0.5952,0.9414,0.8007,0.7582,0.5952,0.9238,0.981,111.3,Reach max iteration 50 | best_iter=8
qwen,sum,fb237_v1_ind_seed7009,100,10.0,64,7009,0.6599,0.7005,0.941,0.7934,0.8027,0.7005,0.8792,0.9517,109.5,Reach max iteration 50 | best_iter=18
qwen,sum,fb237_v1_ind_seed7001,100,10.0,80,7001,0.6943,0.6449,0.9409,0.8187,0.7874,0.6449,0.9159,0.9673,110.5,Reach max iteration 50 | best_iter=33
qwen,sum,fb237_v1_ind_seed7005,100,10.0,80,7005,0.6854,0.6143,0.9414,0.7978,0.7673,0.6143,0.9095,0.981,110.0,Reach max iteration 50 | best_iter=17
qwen,sum,fb237_v1_ind_seed7009,100,10.0,80,7009,0.6751,0.6763,0.941,0.802,0.7954,0.6763,0.8986,0.9758,111.3,Reach max iteration 50 | best_iter=8
qwen,sum,fb237_v1_ind_seed7001,100,10.0,96,7001,0.6891,0.6495,0.9409,0.8163,0.7862,0.6495,0.9065,0.9673,110.0,Reach max iteration 50 | best_iter=7
qwen,sum,fb237_v1_ind_seed7005,100,10.0,96,7005,0.6808,0.6095,0.9414,0.8016,0.7618,0.6095,0.9048,0.981,110.9,Reach max iteration 50 | best_iter=27
qwen,sum,fb237_v1_ind_seed7009,100,10.0,96,7009,0.6751,0.6908,0.941,0.794,0.7974,0.6908,0.8937,0.9565,111.5,Reach max iteration 50 | best_iter=24
qwen,sum,fb237_v1_ind_seed7001,100,50.0,16,7001,0.6943,0.6776,0.9224,0.8079,0.7992,0.6776,0.9112,0.972,109.1,Reach max iteration 50 | best_iter=22
qwen,sum,fb237_v1_ind_seed7005,100,50.0,16,7005,0.6901,0.6238,0.9061,0.806,0.7712,0.6238,0.9095,0.981,108.7,Reach max iteration 50 | best_iter=4
qwen,sum,fb237_v1_ind_seed7009,100,50.0,16,7009,0.6853,0.7005,0.912,0.8097,0.81,0.7005,0.9082,0.9614,109.7,Reach max iteration 50 | best_iter=6
qwen,sum,fb237_v1_ind_seed7001,100,50.0,32,7001,0.6995,0.6682,0.9199,0.8184,0.7992,0.6682,0.9159,0.972,109.4,Reach max iteration 50 | best_iter=9
qwen,sum,fb237_v1_ind_seed7005,100,50.0,32,7005,0.7089,0.6381,0.9041,0.8159,0.7812,0.6381,0.9095,0.9857,110.2,Reach max iteration 50 | best_iter=3
qwen,sum,fb237_v1_ind_seed7009,100,50.0,32,7009,0.7005,0.6908,0.888,0.8133,0.8101,0.6908,0.9179,0.971,110.2,Reach max iteration 50 | best_iter=2
qwen,sum,fb237_v1_ind_seed7001,100,50.0,48,7001,0.7047,0.6495,0.9299,0.8199,0.7846,0.6495,0.9065,0.9766,109.5,Reach max iteration 50 | best_iter=24
qwen,sum,fb237_v1_ind_seed7005,100,50.0,48,7005,0.7089,0.6238,0.9308,0.8177,0.7756,0.6238,0.9048,0.9762,110.1,Reach max iteration 50 | best_iter=20
qwen,sum,fb237_v1_ind_seed7009,100,50.0,48,7009,0.6904,0.6908,0.922,0.8099,0.8091,0.6908,0.9275,0.971,110.8,Reach max iteration 50 | best_iter=6
qwen,sum,fb237_v1_ind_seed7001,100,50.0,64,7001,0.6891,0.6869,0.9339,0.8123,0.8109,0.6869,0.9299,0.9907,109.5,Reach max iteration 50 | best_iter=50
qwen,sum,fb237_v1_ind_seed7005,100,50.0,64,7005,0.7089,0.6667,0.9046,0.8203,0.7972,0.6667,0.919,0.9714,110.4,Reach max iteration 50 | best_iter=3
qwen,sum,fb237_v1_ind_seed7009,100,50.0,64,7009,0.7056,0.7053,0.8905,0.8134,0.8127,0.7053,0.913,0.9614,110.1,Reach max iteration 50 | best_iter=3
qwen,sum,fb237_v1_ind_seed7001,100,50.0,80,7001,0.715,0.6776,0.9014,0.8257,0.8047,0.6776,0.9206,0.9813,111.1,Reach max iteration 50 | best_iter=3
qwen,sum,fb237_v1_ind_seed7005,100,50.0,80,7005,0.6995,0.6333,0.9344,0.8132,0.7808,0.6333,0.919,0.9905,110.1,Reach max iteration 50 | best_iter=25
qwen,sum,fb237_v1_ind_seed7009,100,50.0,80,7009,0.6701,0.7005,0.8905,0.8045,0.8085,0.7005,0.8986,0.971,111.2,Reach max iteration 50 | best_iter=4
qwen,sum,fb237_v1_ind_seed7001,100,50.0,96,7001,0.7409,0.6822,0.8663,0.8337,0.8112,0.6822,0.9299,0.9813,110.2,Reach max iteration 50 | best_iter=3
qwen,sum,fb237_v1_ind_seed7005,100,50.0,96,7005,0.7089,0.6429,0.9334,0.8139,0.7866,0.6429,0.919,0.9952,109.2,Reach max iteration 50 | best_iter=46
qwen,sum,fb237_v1_ind_seed7009,100,50.0,96,7009,0.6751,0.7005,0.92,0.8061,0.8092,0.7005,0.913,0.9662,112.0,Reach max iteration 50 | best_iter=4
qwen,sum,fb237_v1_ind_seed7001,100,100.0,16,7001,0.7306,0.7056,0.8463,0.8289,0.8169,0.7056,0.9159,0.9673,80.9,Reach max iteration 50 | best_iter=12
qwen,sum,fb237_v1_ind_seed7005,100,100.0,16,7005,0.6995,0.6619,0.8188,0.8147,0.7853,0.6619,0.8952,0.9714,72.8,Reach max iteration 50 | best_iter=3
qwen,sum,fb237_v1_ind_seed7009,100,100.0,16,7009,0.6904,0.715,0.8485,0.8073,0.8232,0.715,0.9227,0.9662,74.3,Reach max iteration 50 | best_iter=27
qwen,sum,fb237_v1_ind_seed7001,100,100.0,32,7001,0.7461,0.715,0.8478,0.8361,0.8249,0.715,0.9299,0.9813,100.2,Reach max iteration 50 | best_iter=8
qwen,sum,fb237_v1_ind_seed7005,100,100.0,32,7005,0.7277,0.6905,0.8642,0.8279,0.8085,0.6905,0.9143,0.9905,93.1,Reach max iteration 50 | best_iter=34
qwen,sum,fb237_v1_ind_seed7009,100,100.0,32,7009,0.6904,0.7295,0.8515,0.8116,0.8288,0.7295,0.9227,0.9614,92.2,Reach max iteration 50 | best_iter=5
qwen,sum,fb237_v1_ind_seed7001,100,100.0,48,7001,0.7358,0.6916,0.8668,0.8345,0.8131,0.6916,0.9346,0.9813,110.2,Reach max iteration 50 | best_iter=28
qwen,sum,fb237_v1_ind_seed7005,100,100.0,48,7005,0.7183,0.681,0.8682,0.8263,0.8068,0.681,0.9238,0.9952,111.9,Reach max iteration 50 | best_iter=5
qwen,sum,fb237_v1_ind_seed7009,100,100.0,48,7009,0.7005,0.7053,0.867,0.8163,0.8146,0.7053,0.913,0.9758,111.3,Reach max iteration 50 | best_iter=6
qwen,sum,fb237_v1_ind_seed7001,100,100.0,64,7001,0.7513,0.7009,0.8698,0.8412,0.8198,0.7009,0.9299,0.972,111.4,Reach max iteration 50 | best_iter=11
qwen,sum,fb237_v1_ind_seed7005,100,100.0,64,7005,0.723,0.681,0.8465,0.8249,0.8087,0.681,0.9333,0.9952,111.3,Reach max iteration 50 | best_iter=3
qwen,sum,fb237_v1_ind_seed7009,100,100.0,64,7009,0.6954,0.7246,0.8705,0.8151,0.8269,0.7246,0.9227,0.9758,110.4,Reach max iteration 50 | best_iter=5
qwen,sum,fb237_v1_ind_seed7001,100,100.0,80,7001,0.7461,0.7103,0.8763,0.8415,0.8258,0.7103,0.9299,0.986,110.3,Reach max iteration 50 | best_iter=25
qwen,sum,fb237_v1_ind_seed7005,100,100.0,80,7005,0.7136,0.6857,0.8677,0.8206,0.8071,0.6857,0.919,0.9857,110.5,Reach max iteration 50 | best_iter=5
qwen,sum,fb237_v1_ind_seed7009,100,100.0,80,7009,0.6954,0.7101,0.8765,0.8142,0.8181,0.7101,0.913,0.9807,110.7,Reach max iteration 50 | best_iter=6
qwen,sum,fb237_v1_ind_seed7001,100,100.0,96,7001,0.7461,0.715,0.8563,0.8448,0.8265,0.715,0.9252,0.9813,111.2,Reach max iteration 50 | best_iter=4
qwen,sum,fb237_v1_ind_seed7005,100,100.0,96,7005,0.723,0.6952,0.8652,0.8249,0.8118,0.6952,0.9286,0.9857,110.5,Reach max iteration 50 | best_iter=4
qwen,sum,fb237_v1_ind_seed7009,100,100.0,96,7009,0.7107,0.744,0.88,0.8228,0.8362,0.744,0.913,0.9807,109.2,Reach max iteration 50 | best_iter=22
qwen,sum,fb237_v1_ind_seed7001,100,500.0,16,7001,0.5907,0.5701,0.5709,0.7145,0.7015,0.5701,0.8037,0.8879,51.5,Reach max iteration 50 | best_iter=18
qwen,sum,fb237_v1_ind_seed7005,100,500.0,16,7005,0.507,0.519,0.5608,0.6601,0.6648,0.519,0.7762,0.8571,52.3,Reach max iteration 50 | best_iter=26
qwen,sum,fb237_v1_ind_seed7009,100,500.0,16,7009,0.5533,0.5942,0.5765,0.7,0.7215,0.5942,0.8164,0.8986,52.1,Reach max iteration 50 | best_iter=14
qwen,sum,fb237_v1_ind_seed7001,100,500.0,32,7001,0.6477,0.5888,0.6084,0.7522,0.718,0.5888,0.8037,0.9065,53.3,Reach max iteration 50 | best_iter=26
qwen,sum,fb237_v1_ind_seed7005,100,500.0,32,7005,0.5962,0.5667,0.6148,0.7256,0.7037,0.5667,0.8048,0.8952,53.5,Reach max iteration 50 | best_iter=9
qwen,sum,fb237_v1_ind_seed7009,100,500.0,32,7009,0.5838,0.628,0.604,0.7202,0.7427,0.628,0.8164,0.9179,53.7,Reach max iteration 50 | best_iter=26
qwen,sum,fb237_v1_ind_seed7001,100,500.0,48,7001,0.6632,0.6215,0.6365,0.7687,0.7464,0.6215,0.8551,0.9299,54.9,Reach max iteration 50 | best_iter=24
qwen,sum,fb237_v1_ind_seed7005,100,500.0,48,7005,0.6385,0.6048,0.6487,0.7506,0.7291,0.6048,0.8238,0.919,55.2,Reach max iteration 50 | best_iter=13
qwen,sum,fb237_v1_ind_seed7009,100,500.0,48,7009,0.6142,0.6812,0.6525,0.746,0.7838,0.6812,0.8599,0.9179,54.6,Reach max iteration 50 | best_iter=36
qwen,sum,fb237_v1_ind_seed7001,100,500.0,64,7001,0.6788,0.6542,0.6725,0.7775,0.766,0.6542,0.8551,0.9299,61.2,Reach max iteration 50 | best_iter=12
qwen,sum,fb237_v1_ind_seed7005,100,500.0,64,7005,0.662,0.6048,0.6739,0.7713,0.7381,0.6048,0.8429,0.9286,62.6,Reach max iteration 50 | best_iter=28
qwen,sum,fb237_v1_ind_seed7009,100,500.0,64,7009,0.6193,0.6763,0.6595,0.7506,0.7827,0.6763,0.8696,0.9179,62.1,Reach max iteration 50 | best_iter=28
qwen,sum,fb237_v1_ind_seed7001,100,500.0,80,7001,0.6891,0.6776,0.681,0.7874,0.7827,0.6776,0.8598,0.9533,66.8,Reach max iteration 50 | best_iter=24
qwen,sum,fb237_v1_ind_seed7005,100,500.0,80,7005,0.6385,0.6238,0.6764,0.7626,0.7461,0.6238,0.8333,0.9333,64.0,Reach max iteration 50 | best_iter=45
qwen,sum,fb237_v1_ind_seed7009,100,500.0,80,7009,0.6294,0.6957,0.6795,0.7605,0.7961,0.6957,0.8744,0.9324,65.3,Reach max iteration 50 | best_iter=8
qwen,sum,fb237_v1_ind_seed7001,100,500.0,96,7001,0.6995,0.6636,0.687,0.7936,0.7772,0.6636,0.8738,0.9673,72.8,Reach max iteration 50 | best_iter=12
qwen,sum,fb237_v1_ind_seed7005,100,500.0,96,7005,0.6667,0.6476,0.6916,0.7806,0.7665,0.6476,0.8524,0.9476,72.4,Reach max iteration 50 | best_iter=18
qwen,sum,fb237_v1_ind_seed7009,100,500.0,96,7009,0.6294,0.7101,0.684,0.7608,0.8036,0.7101,0.8696,0.9372,73.4,Reach max iteration 50 | best_iter=18
qwen,sum,fb237_v1_ind_seed7001,100,1000.0,16,7001,0.3212,0.271,0.3065,0.4584,0.4325,0.271,0.5,0.7523,50.5,Reach max iteration 50 | best_iter=1
qwen,sum,fb237_v1_ind_seed7005,100,1000.0,16,7005,0.2958,0.3,0.3342,0.4224,0.4402,0.3,0.5095,0.7619,36.9,Reach max iteration 50 | best_iter=1
qwen,sum,fb237_v1_ind_seed7009,100,1000.0,16,7009,0.2589,0.2995,0.31,0.4306,0.4473,0.2995,0.4928,0.7488,43.8,Reach max iteration 50 | best_iter=1
qwen,sum,fb237_v1_ind_seed7001,100,1000.0,32,7001,0.4041,0.3925,0.4001,0.5276,0.5335,0.3925,0.5888,0.8037,50.0,Reach max iteration 50 | best_iter=49
qwen,sum,fb237_v1_ind_seed7005,100,1000.0,32,7005,0.2629,0.2905,0.3185,0.4136,0.4333,0.2905,0.5095,0.7571,50.6,Reach max iteration 50 | best_iter=11
qwen,sum,fb237_v1_ind_seed7009,100,1000.0,32,7009,0.3959,0.401,0.4045,0.5355,0.5393,0.401,0.5942,0.8164,50.5,Reach max iteration 50 | best_iter=38
qwen,sum,fb237_v1_ind_seed7001,100,1000.0,48,7001,0.4767,0.4439,0.4602,0.6109,0.6033,0.4439,0.7103,0.8551,50.4,Reach max iteration 50 | best_iter=48
qwen,sum,fb237_v1_ind_seed7005,100,1000.0,48,7005,0.385,0.3952,0.4442,0.5383,0.5572,0.3952,0.6762,0.8238,50.6,Reach max iteration 50 | best_iter=50
qwen,sum,fb237_v1_ind_seed7009,100,1000.0,48,7009,0.4518,0.4928,0.4845,0.5988,0.6146,0.4928,0.686,0.8551,50.9,Reach max iteration 50 | best_iter=42
qwen,sum,fb237_v1_ind_seed7001,100,1000.0,64,7001,0.487,0.4907,0.4902,0.6307,0.6386,0.4907,0.743,0.8458,50.6,Reach max iteration 50 | best_iter=50
qwen,sum,fb237_v1_ind_seed7005,100,1000.0,64,7005,0.4319,0.4524,0.5043,0.5897,0.6094,0.4524,0.7429,0.8571,50.9,Reach max iteration 50 | best_iter=34
qwen,sum,fb237_v1_ind_seed7009,100,1000.0,64,7009,0.4518,0.4928,0.501,0.6147,0.6352,0.4928,0.7536,0.8696,51.8,Reach max iteration 50 | best_iter=46
qwen,sum,fb237_v1_ind_seed7001,100,1000.0,80,7001,0.5544,0.5374,0.5198,0.6744,0.6664,0.5374,0.7477,0.8738,51.9,Reach max iteration 50 | best_iter=19
qwen,sum,fb237_v1_ind_seed7005,100,1000.0,80,7005,0.4366,0.4524,0.5159,0.5913,0.6081,0.4524,0.7333,0.8667,52.5,Reach max iteration 50 | best_iter=41
qwen,sum,fb237_v1_ind_seed7009,100,1000.0,80,7009,0.4873,0.5217,0.5265,0.6429,0.6574,0.5217,0.744,0.8889,51.3,Reach max iteration 50 | best_iter=27
qwen,sum,fb237_v1_ind_seed7001,100,1000.0,96,7001,0.5544,0.5187,0.5188,0.6766,0.6602,0.5187,0.757,0.8692,53.1,Reach max iteration 50 | best_iter=27
qwen,sum,fb237_v1_ind_seed7005,100,1000.0,96,7005,0.4507,0.4762,0.5225,0.6118,0.63,0.4762,0.7571,0.8714,53.2,Reach max iteration 50 | best_iter=19
qwen,sum,fb237_v1_ind_seed7009,100,1000.0,96,7009,0.4873,0.5169,0.527,0.6428,0.6604,0.5169,0.7681,0.8841,53.2,Reach max iteration 50 | best_iter=39
qwen,sum,fb237_v1_ind_seed7001,125,1.0,16,7001,0.6839,0.6636,0.9409,0.7998,0.7898,0.6636,0.9019,0.9673,133.2,Reach max iteration 50 | best_iter=21
qwen,sum,fb237_v1_ind_seed7005,125,1.0,16,7005,0.662,0.5857,0.9414,0.7798,0.7321,0.5857,0.8571,0.9429,130.9,Reach max iteration 50 | best_iter=39
qwen,sum,fb237_v1_ind_seed7009,125,1.0,16,7009,0.6548,0.6667,0.941,0.7775,0.7861,0.6667,0.8889,0.9469,132.3,Reach max iteration 50 | best_iter=17
qwen,sum,fb237_v1_ind_seed7001,125,1.0,32,7001,0.6632,0.6495,0.9409,0.7898,0.785,0.6495,0.9019,0.9673,132.2,Reach max iteration 50 | best_iter=27
qwen,sum,fb237_v1_ind_seed7005,125,1.0,32,7005,0.6901,0.6,0.9414,0.7959,0.7511,0.6,0.8952,0.9476,128.9,Reach max iteration 50 | best_iter=16
qwen,sum,fb237_v1_ind_seed7009,125,1.0,32,7009,0.665,0.6763,0.941,0.7839,0.7903,0.6763,0.8986,0.9565,130.8,Reach max iteration 50 | best_iter=32
qwen,sum,fb237_v1_ind_seed7001,125,1.0,48,7001,0.6788,0.6121,0.9409,0.799,0.7612,0.6121,0.9019,0.9673,131.2,Reach max iteration 50 | best_iter=12
qwen,sum,fb237_v1_ind_seed7005,125,1.0,48,7005,0.6432,0.619,0.9414,0.7741,0.7609,0.619,0.8857,0.9762,134.1,Reach max iteration 50 | best_iter=27
qwen,sum,fb237_v1_ind_seed7009,125,1.0,48,7009,0.665,0.657,0.941,0.7846,0.7769,0.657,0.8841,0.9324,132.8,Reach max iteration 50 | best_iter=23
qwen,sum,fb237_v1_ind_seed7001,125,1.0,64,7001,0.6684,0.6355,0.9409,0.7996,0.7722,0.6355,0.9065,0.9626,131.6,Reach max iteration 50 | best_iter=25
qwen,sum,fb237_v1_ind_seed7005,125,1.0,64,7005,0.6714,0.5905,0.9414,0.7876,0.7507,0.5905,0.8952,0.9762,130.0,Reach max iteration 50 | best_iter=42
qwen,sum,fb237_v1_ind_seed7009,125,1.0,64,7009,0.6447,0.686,0.941,0.773,0.7975,0.686,0.8986,0.942,133.4,Reach max iteration 50 | best_iter=43
qwen,sum,fb237_v1_ind_seed7001,125,1.0,80,7001,0.6632,0.6402,0.9409,0.7952,0.7767,0.6402,0.8879,0.9673,132.2,Reach max iteration 50 | best_iter=43
qwen,sum,fb237_v1_ind_seed7005,125,1.0,80,7005,0.6573,0.6286,0.9414,0.7819,0.7651,0.6286,0.8714,0.9762,133.9,Reach max iteration 50 | best_iter=32
qwen,sum,fb237_v1_ind_seed7009,125,1.0,80,7009,0.6599,0.6812,0.941,0.7798,0.7892,0.6812,0.8841,0.9517,130.0,Reach max iteration 50 | best_iter=38
qwen,sum,fb237_v1_ind_seed7001,125,1.0,96,7001,0.6891,0.6355,0.9409,0.8084,0.7756,0.6355,0.9065,0.9673,131.2,Reach max iteration 50 | best_iter=36
qwen,sum,fb237_v1_ind_seed7005,125,1.0,96,7005,0.6667,0.6,0.9414,0.7816,0.7446,0.6,0.8714,0.9524,134.6,Reach max iteration 50 | best_iter=11
qwen,sum,fb237_v1_ind_seed7009,125,1.0,96,7009,0.6599,0.6763,0.941,0.7872,0.7879,0.6763,0.8744,0.9517,132.6,Reach max iteration 50 | best_iter=45
qwen,sum,fb237_v1_ind_seed7001,125,5.0,16,7001,0.6788,0.6495,0.9409,0.7997,0.7816,0.6495,0.9112,0.9579,128.9,Reach max iteration 50 | best_iter=16
qwen,sum,fb237_v1_ind_seed7005,125,5.0,16,7005,0.6761,0.5857,0.9414,0.7887,0.7341,0.5857,0.8571,0.9619,126.2,Reach max iteration 50 | best_iter=18
qwen,sum,fb237_v1_ind_seed7009,125,5.0,16,7009,0.6548,0.6763,0.941,0.783,0.7916,0.6763,0.9034,0.9517,129.7,Reach max iteration 50 | best_iter=23
qwen,sum,fb237_v1_ind_seed7001,125,5.0,32,7001,0.6736,0.6355,0.9409,0.7961,0.7799,0.6355,0.9159,0.9766,127.3,Reach max iteration 50 | best_iter=43
qwen,sum,fb237_v1_ind_seed7005,125,5.0,32,7005,0.6901,0.6143,0.9414,0.7999,0.7593,0.6143,0.8905,0.9762,129.6,Reach max iteration 50 | best_iter=12
qwen,sum,fb237_v1_ind_seed7009,125,5.0,32,7009,0.6497,0.6667,0.941,0.7801,0.7826,0.6667,0.8841,0.9372,127.3,Reach max iteration 50 | best_iter=17
qwen,sum,fb237_v1_ind_seed7001,125,5.0,48,7001,0.6995,0.6449,0.9409,0.8195,0.7795,0.6449,0.9065,0.9673,128.9,Reach max iteration 50 | best_iter=29
qwen,sum,fb237_v1_ind_seed7005,125,5.0,48,7005,0.662,0.5905,0.9414,0.7849,0.7518,0.5905,0.8905,0.981,131.9,Reach max iteration 50 | best_iter=48
qwen,sum,fb237_v1_ind_seed7009,125,5.0,48,7009,0.6548,0.6667,0.941,0.7828,0.785,0.6667,0.8889,0.9614,130.1,Reach max iteration 50 | best_iter=17
qwen,sum,fb237_v1_ind_seed7001,125,5.0,64,7001,0.6839,0.6308,0.9409,0.8087,0.7788,0.6308,0.9112,0.9766,130.9,Reach max iteration 50 | best_iter=49
qwen,sum,fb237_v1_ind_seed7005,125,5.0,64,7005,0.6854,0.6095,0.9414,0.8013,0.7623,0.6095,0.9,0.9714,132.9,Reach max iteration 50 | best_iter=9
qwen,sum,fb237_v1_ind_seed7009,125,5.0,64,7009,0.6701,0.686,0.941,0.7954,0.7969,0.686,0.8937,0.9614,130.0,Reach max iteration 50 | best_iter=44
qwen,sum,fb237_v1_ind_seed7001,125,5.0,80,7001,0.6736,0.6495,0.9409,0.799,0.7841,0.6495,0.8925,0.9766,131.9,Reach max iteration 50 | best_iter=8
qwen,sum,fb237_v1_ind_seed7005,125,5.0,80,7005,0.6854,0.619,0.9414,0.7989,0.7661,0.619,0.9048,0.9857,130.1,Reach max iteration 50 | best_iter=36
qwen,sum,fb237_v1_ind_seed7009,125,5.0,80,7009,0.6701,0.6957,0.941,0.7906,0.7996,0.6957,0.8889,0.9565,128.0,Reach max iteration 50 | best_iter=25
qwen,sum,fb237_v1_ind_seed7001,125,5.0,96,7001,0.6943,0.6449,0.9409,0.8148,0.7856,0.6449,0.9252,0.9579,131.4,Reach max iteration 50 | best_iter=11
qwen,sum,fb237_v1_ind_seed7005,125,5.0,96,7005,0.6901,0.5952,0.9414,0.8012,0.7567,0.5952,0.9095,0.9762,133.5,Reach max iteration 50 | best_iter=33
qwen,sum,fb237_v1_ind_seed7009,125,5.0,96,7009,0.665,0.6763,0.941,0.7911,0.7918,0.6763,0.8986,0.9517,131.0,Reach max iteration 50 | best_iter=13
qwen,sum,fb237_v1_ind_seed7001,125,10.0,16,7001,0.6736,0.6589,0.9409,0.794,0.7918,0.6589,0.9112,0.9626,132.8,Reach max iteration 50 | best_iter=5
qwen,sum,fb237_v1_ind_seed7005,125,10.0,16,7005,0.6714,0.6,0.9414,0.7884,0.7475,0.6,0.881,0.9619,127.9,Reach max iteration 50 | best_iter=7
qwen,sum,fb237_v1_ind_seed7009,125,10.0,16,7009,0.6599,0.6667,0.941,0.7841,0.7891,0.6667,0.8937,0.9662,133.1,Reach max iteration 50 | best_iter=14
qwen,sum,fb237_v1_ind_seed7001,125,10.0,32,7001,0.6736,0.6308,0.9409,0.8056,0.772,0.6308,0.8925,0.972,133.7,Reach max iteration 50 | best_iter=17
qwen,sum,fb237_v1_ind_seed7005,125,10.0,32,7005,0.6854,0.6,0.9414,0.8005,0.7547,0.6,0.9095,0.9714,131.2,Reach max iteration 50 | best_iter=4
qwen,sum,fb237_v1_ind_seed7009,125,10.0,32,7009,0.6599,0.686,0.941,0.7877,0.795,0.686,0.8841,0.9614,133.0,Reach max iteration 50 | best_iter=8
qwen,sum,fb237_v1_ind_seed7001,125,10.0,48,7001,0.715,0.6495,0.9409,0.8259,0.7894,0.6495,0.9252,0.972,131.7,Reach max iteration 50 | best_iter=12
qwen,sum,fb237_v1_ind_seed7005,125,10.0,48,7005,0.6761,0.5905,0.9414,0.7947,0.7549,0.5905,0.9095,0.9905,132.8,Reach max iteration 50 | best_iter=11
qwen,sum,fb237_v1_ind_seed7009,125,10.0,48,7009,0.6599,0.686,0.941,0.789,0.7958,0.686,0.8841,0.9614,134.1,Reach max iteration 50 | best_iter=20
qwen,sum,fb237_v1_ind_seed7001,125,10.0,64,7001,0.6943,0.6402,0.9409,0.8153,0.784,0.6402,0.9065,0.972,133.8,Reach max iteration 50 | best_iter=47
qwen,sum,fb237_v1_ind_seed7005,125,10.0,64,7005,0.6948,0.6095,0.9414,0.8044,0.7654,0.6095,0.9,0.9857,130.7,Reach max iteration 50 | best_iter=11
qwen,sum,fb237_v1_ind_seed7009,125,10.0,64,7009,0.6853,0.6763,0.941,0.7989,0.7876,0.6763,0.8792,0.9469,132.5,Reach max iteration 50 | best_iter=43
qwen,sum,fb237_v1_ind_seed7001,125,10.0,80,7001,0.6943,0.6402,0.9409,0.8141,0.7817,0.6402,0.9206,0.9766,132.5,Reach max iteration 50 | best_iter=30
qwen,sum,fb237_v1_ind_seed7005,125,10.0,80,7005,0.6714,0.6095,0.9414,0.7921,0.7637,0.6095,0.919,0.9667,133.8,Reach max iteration 50 | best_iter=46
qwen,sum,fb237_v1_ind_seed7009,125,10.0,80,7009,0.6497,0.6812,0.941,0.7845,0.7918,0.6812,0.8792,0.9565,134.1,Reach max iteration 50 | best_iter=36
qwen,sum,fb237_v1_ind_seed7001,125,10.0,96,7001,0.6943,0.6402,0.9409,0.817,0.78,0.6402,0.9159,0.9766,133.1,Reach max iteration 50 | best_iter=14
qwen,sum,fb237_v1_ind_seed7005,125,10.0,96,7005,0.6808,0.5857,0.9414,0.7987,0.7532,0.5857,0.9143,0.9762,132.7,Reach max iteration 50 | best_iter=17
qwen,sum,fb237_v1_ind_seed7009,125,10.0,96,7009,0.6701,0.6812,0.941,0.7979,0.7961,0.6812,0.8986,0.9614,133.4,Reach max iteration 50 | best_iter=10
qwen,sum,fb237_v1_ind_seed7001,125,50.0,16,7001,0.6891,0.6636,0.9234,0.8094,0.7937,0.6636,0.9159,0.9673,131.1,Reach max iteration 50 | best_iter=44
qwen,sum,fb237_v1_ind_seed7005,125,50.0,16,7005,0.6995,0.6238,0.897,0.8061,0.7723,0.6238,0.919,0.9714,131.0,Reach max iteration 50 | best_iter=5
qwen,sum,fb237_v1_ind_seed7009,125,50.0,16,7009,0.6802,0.7005,0.907,0.8024,0.8074,0.7005,0.9034,0.9517,131.2,Reach max iteration 50 | best_iter=5
qwen,sum,fb237_v1_ind_seed7001,125,50.0,32,7001,0.6995,0.6589,0.9214,0.8152,0.7947,0.6589,0.9252,0.9766,130.5,Reach max iteration 50 | best_iter=12
qwen,sum,fb237_v1_ind_seed7005,125,50.0,32,7005,0.7183,0.6476,0.9051,0.8209,0.7902,0.6476,0.9238,0.9952,131.6,Reach max iteration 50 | best_iter=4
qwen,sum,fb237_v1_ind_seed7009,125,50.0,32,7009,0.6904,0.686,0.9055,0.811,0.8052,0.686,0.9179,0.9758,133.8,Reach max iteration 50 | best_iter=3
qwen,sum,fb237_v1_ind_seed7001,125,50.0,48,7001,0.7098,0.6589,0.9279,0.819,0.7962,0.6589,0.9346,0.9766,132.1,Reach max iteration 50 | best_iter=15
qwen,sum,fb237_v1_ind_seed7005,125,50.0,48,7005,0.7042,0.6381,0.9253,0.8125,0.7855,0.6381,0.9143,0.9905,133.2,Reach max iteration 50 | best_iter=6
qwen,sum,fb237_v1_ind_seed7009,125,50.0,48,7009,0.6904,0.7101,0.9065,0.8139,0.8157,0.7101,0.913,0.9614,134.5,Reach max iteration 50 | best_iter=3
qwen,sum,fb237_v1_ind_seed7001,125,50.0,64,7001,0.7202,0.6636,0.9299,0.8264,0.7957,0.6636,0.9112,0.9813,132.6,Reach max iteration 50 | best_iter=9
qwen,sum,fb237_v1_ind_seed7005,125,50.0,64,7005,0.7042,0.6524,0.9127,0.8136,0.7922,0.6524,0.9286,0.9905,132.9,Reach max iteration 50 | best_iter=5
qwen,sum,fb237_v1_ind_seed7009,125,50.0,64,7009,0.6904,0.6908,0.913,0.81,0.8071,0.6908,0.9082,0.971,133.6,Reach max iteration 50 | best_iter=4
qwen,sum,fb237_v1_ind_seed7001,125,50.0,80,7001,0.7202,0.6449,0.9314,0.8289,0.7855,0.6449,0.9159,0.9766,132.4,Reach max iteration 50 | best_iter=14
qwen,sum,fb237_v1_ind_seed7005,125,50.0,80,7005,0.6995,0.6524,0.9192,0.8081,0.7909,0.6524,0.919,0.9857,134.5,Reach max iteration 50 | best_iter=5
qwen,sum,fb237_v1_ind_seed7009,125,50.0,80,7009,0.6904,0.7101,0.893,0.8111,0.819,0.7101,0.9227,0.9758,133.0,Reach max iteration 50 | best_iter=3
qwen,sum,fb237_v1_ind_seed7001,125,50.0,96,7001,0.7047,0.6776,0.9064,0.8177,0.7991,0.6776,0.9065,0.9766,134.5,Reach max iteration 50 | best_iter=4
qwen,sum,fb237_v1_ind_seed7005,125,50.0,96,7005,0.6995,0.6571,0.9278,0.8136,0.7965,0.6571,0.9381,0.981,132.6,Reach max iteration 50 | best_iter=9
qwen,sum,fb237_v1_ind_seed7009,125,50.0,96,7009,0.7005,0.7198,0.91,0.8194,0.8207,0.7198,0.913,0.9565,132.3,Reach max iteration 50 | best_iter=5
qwen,sum,fb237_v1_ind_seed7001,125,100.0,16,7001,0.7254,0.6963,0.8177,0.8209,0.8159,0.6963,0.9346,0.9626,100.7,Reach max iteration 50 | best_iter=4
qwen,sum,fb237_v1_ind_seed7005,125,100.0,16,7005,0.7042,0.6429,0.8571,0.8162,0.7783,0.6429,0.9,0.9857,89.0,Reach max iteration 50 | best_iter=20
qwen,sum,fb237_v1_ind_seed7009,125,100.0,16,7009,0.6802,0.7246,0.846,0.8012,0.8264,0.7246,0.9082,0.9807,91.1,Reach max iteration 50 | best_iter=48
qwen,sum,fb237_v1_ind_seed7001,125,100.0,32,7001,0.7461,0.729,0.8553,0.8393,0.833,0.729,0.9206,0.9766,116.2,Reach max iteration 50 | best_iter=26
qwen,sum,fb237_v1_ind_seed7005,125,100.0,32,7005,0.7183,0.6571,0.8516,0.8205,0.7905,0.6571,0.919,0.9857,113.7,Reach max iteration 50 | best_iter=5
qwen,sum,fb237_v1_ind_seed7009,125,100.0,32,7009,0.6954,0.7343,0.865,0.8136,0.8319,0.7343,0.9227,0.9758,117.0,Reach max iteration 50 | best_iter=48
qwen,sum,fb237_v1_ind_seed7001,125,100.0,48,7001,0.7409,0.7243,0.8533,0.8384,0.8313,0.7243,0.9206,0.9766,133.5,Reach max iteration 50 | best_iter=7
qwen,sum,fb237_v1_ind_seed7005,125,100.0,48,7005,0.723,0.6762,0.8652,0.8259,0.8051,0.6762,0.9333,0.9952,132.3,Reach max iteration 50 | best_iter=6
qwen,sum,fb237_v1_ind_seed7009,125,100.0,48,7009,0.6954,0.7198,0.8385,0.8114,0.8226,0.7198,0.9082,0.971,130.1,Reach max iteration 50 | best_iter=5
qwen,sum,fb237_v1_ind_seed7001,125,100.0,64,7001,0.7358,0.6916,0.8553,0.8319,0.8157,0.6916,0.9252,0.9766,131.0,Reach max iteration 50 | best_iter=6
qwen,sum,fb237_v1_ind_seed7005,125,100.0,64,7005,0.7183,0.7048,0.8763,0.8224,0.821,0.7048,0.9381,0.9952,132.2,Reach max iteration 50 | best_iter=9
qwen,sum,fb237_v1_ind_seed7009,125,100.0,64,7009,0.7056,0.7488,0.864,0.8249,0.8391,0.7488,0.9179,0.9758,129.6,Reach max iteration 50 | best_iter=8
qwen,sum,fb237_v1_ind_seed7001,125,100.0,80,7001,0.7461,0.715,0.8698,0.8392,0.8292,0.715,0.9252,0.9813,133.4,Reach max iteration 50 | best_iter=19
qwen,sum,fb237_v1_ind_seed7005,125,100.0,80,7005,0.7183,0.6952,0.8627,0.822,0.8137,0.6952,0.9286,0.9857,132.3,Reach max iteration 50 | best_iter=6
qwen,sum,fb237_v1_ind_seed7009,125,100.0,80,7009,0.6954,0.7391,0.8775,0.8148,0.8338,0.7391,0.9034,0.9662,130.7,Reach max iteration 50 | best_iter=8
qwen,sum,fb237_v1_ind_seed7001,125,100.0,96,7001,0.7409,0.7103,0.8813,0.835,0.8232,0.7103,0.9206,0.9813,131.7,Reach max iteration 50 | best_iter=39
qwen,sum,fb237_v1_ind_seed7005,125,100.0,96,7005,0.7183,0.7,0.8824,0.8192,0.815,0.7,0.9143,0.9905,132.7,Reach max iteration 50 | best_iter=45
qwen,sum,fb237_v1_ind_seed7009,125,100.0,96,7009,0.7005,0.7053,0.8765,0.8186,0.8188,0.7053,0.9227,0.9807,132.7,Reach max iteration 50 | best_iter=7
qwen,sum,fb237_v1_ind_seed7001,125,500.0,16,7001,0.5959,0.5701,0.5658,0.716,0.6945,0.5701,0.7804,0.8645,62.4,Reach max iteration 50 | best_iter=18
qwen,sum,fb237_v1_ind_seed7005,125,500.0,16,7005,0.5023,0.5238,0.5588,0.6517,0.6583,0.5238,0.7667,0.8476,63.0,Reach max iteration 50 | best_iter=15
qwen,sum,fb237_v1_ind_seed7009,125,500.0,16,7009,0.5431,0.6039,0.5685,0.697,0.7219,0.6039,0.8068,0.9034,61.6,Reach max iteration 50 | best_iter=15
qwen,sum,fb237_v1_ind_seed7001,125,500.0,32,7001,0.6373,0.6262,0.6284,0.7521,0.7399,0.6262,0.8271,0.9159,64.1,Reach max iteration 50 | best_iter=41
qwen,sum,fb237_v1_ind_seed7005,125,500.0,32,7005,0.5728,0.5524,0.6078,0.7141,0.6929,0.5524,0.8095,0.8857,64.4,Reach max iteration 50 | best_iter=15
qwen,sum,fb237_v1_ind_seed7009,125,500.0,32,7009,0.5787,0.6377,0.6125,0.7175,0.7548,0.6377,0.8502,0.913,65.0,Reach max iteration 50 | best_iter=30
qwen,sum,fb237_v1_ind_seed7001,125,500.0,48,7001,0.6632,0.6075,0.6365,0.7676,0.7357,0.6075,0.8411,0.9299,65.2,Reach max iteration 50 | best_iter=10
qwen,sum,fb237_v1_ind_seed7005,125,500.0,48,7005,0.6385,0.6048,0.6557,0.7545,0.734,0.6048,0.8238,0.9238,65.9,Reach max iteration 50 | best_iter=24
qwen,sum,fb237_v1_ind_seed7009,125,500.0,48,7009,0.6091,0.6667,0.653,0.7434,0.776,0.6667,0.8599,0.9179,65.5,Reach max iteration 50 | best_iter=22
qwen,sum,fb237_v1_ind_seed7001,125,500.0,64,7001,0.6736,0.6495,0.6685,0.7751,0.7652,0.6495,0.8645,0.9346,68.6,Reach max iteration 50 | best_iter=13
qwen,sum,fb237_v1_ind_seed7005,125,500.0,64,7005,0.6385,0.6095,0.6593,0.7569,0.7338,0.6095,0.8286,0.919,74.9,Reach max iteration 50 | best_iter=27
qwen,sum,fb237_v1_ind_seed7009,125,500.0,64,7009,0.6294,0.6812,0.669,0.7589,0.7863,0.6812,0.8647,0.9227,72.7,Reach max iteration 50 | best_iter=27
qwen,sum,fb237_v1_ind_seed7001,125,500.0,80,7001,0.6684,0.6589,0.6785,0.7719,0.7704,0.6589,0.8645,0.9393,84.4,Reach max iteration 50 | best_iter=34
qwen,sum,fb237_v1_ind_seed7005,125,500.0,80,7005,0.662,0.6333,0.6901,0.7758,0.753,0.6333,0.8429,0.9333,85.0,Reach max iteration 50 | best_iter=23
qwen,sum,fb237_v1_ind_seed7009,125,500.0,80,7009,0.6142,0.6763,0.667,0.7504,0.7857,0.6763,0.8744,0.9372,76.5,Reach max iteration 50 | best_iter=35
qwen,sum,fb237_v1_ind_seed7001,125,500.0,96,7001,0.7047,0.6682,0.684,0.7967,0.7802,0.6682,0.8692,0.9579,87.5,Reach max iteration 50 | best_iter=11
qwen,sum,fb237_v1_ind_seed7005,125,500.0,96,7005,0.6761,0.6286,0.6941,0.7837,0.7498,0.6286,0.8429,0.9333,88.3,Reach max iteration 50 | best_iter=9
qwen,sum,fb237_v1_ind_seed7009,125,500.0,96,7009,0.6345,0.7053,0.684,0.7666,0.8008,0.7053,0.8744,0.942,86.4,Reach max iteration 50 | best_iter=47
qwen,sum,fb237_v1_ind_seed7001,125,1000.0,16,7001,0.3264,0.2617,0.2959,0.4668,0.4264,0.2617,0.4907,0.757,39.3,Reach max iteration 50 | best_iter=1
qwen,sum,fb237_v1_ind_seed7005,125,1000.0,16,7005,0.2676,0.2667,0.311,0.409,0.4165,0.2667,0.4857,0.7619,53.5,Reach max iteration 50 | best_iter=1
qwen,sum,fb237_v1_ind_seed7009,125,1000.0,16,7009,0.2741,0.3092,0.309,0.4371,0.4524,0.3092,0.5024,0.7585,52.2,Reach max iteration 50 | best_iter=1
qwen,sum,fb237_v1_ind_seed7001,125,1000.0,32,7001,0.4249,0.3738,0.3881,0.5456,0.522,0.3738,0.6028,0.7991,60.3,Reach max iteration 50 | best_iter=19
qwen,sum,fb237_v1_ind_seed7005,125,1000.0,32,7005,0.338,0.3619,0.4109,0.4886,0.5113,0.3619,0.5905,0.7905,61.5,Reach max iteration 50 | best_iter=43
qwen,sum,fb237_v1_ind_seed7009,125,1000.0,32,7009,0.3959,0.4106,0.4285,0.5487,0.5493,0.4106,0.6329,0.8261,60.4,Reach max iteration 50 | best_iter=44
qwen,sum,fb237_v1_ind_seed7001,125,1000.0,48,7001,0.4611,0.4439,0.4377,0.586,0.5895,0.4439,0.7009,0.8224,60.7,Reach max iteration 50 | best_iter=23
qwen,sum,fb237_v1_ind_seed7005,125,1000.0,48,7005,0.3944,0.4476,0.4659,0.5531,0.5903,0.4476,0.6905,0.8333,61.4,Reach max iteration 50 | best_iter=48
qwen,sum,fb237_v1_ind_seed7009,125,1000.0,48,7009,0.3959,0.4058,0.4415,0.552,0.5557,0.4058,0.6618,0.8309,60.9,Reach max iteration 50 | best_iter=50
qwen,sum,fb237_v1_ind_seed7001,125,1000.0,64,7001,0.4922,0.4907,0.4922,0.6307,0.6385,0.4907,0.743,0.8458,60.6,Reach max iteration 50 | best_iter=50
qwen,sum,fb237_v1_ind_seed7005,125,1000.0,64,7005,0.4319,0.4476,0.5018,0.5874,0.6031,0.4476,0.7286,0.8476,61.6,Reach max iteration 50 | best_iter=42
qwen,sum,fb237_v1_ind_seed7009,125,1000.0,64,7009,0.4721,0.5072,0.508,0.6222,0.6373,0.5072,0.7343,0.8599,61.2,Reach max iteration 50 | best_iter=15
qwen,sum,fb237_v1_ind_seed7001,125,1000.0,80,7001,0.5544,0.5327,0.5163,0.6709,0.6634,0.5327,0.7477,0.8738,63.1,Reach max iteration 50 | best_iter=10
qwen,sum,fb237_v1_ind_seed7005,125,1000.0,80,7005,0.4366,0.4571,0.5103,0.5938,0.6096,0.4571,0.7333,0.8667,62.4,Reach max iteration 50 | best_iter=36
qwen,sum,fb237_v1_ind_seed7009,125,1000.0,80,7009,0.4569,0.4638,0.484,0.6113,0.6097,0.4638,0.7101,0.8647,63.7,Reach max iteration 50 | best_iter=41
qwen,sum,fb237_v1_ind_seed7001,125,1000.0,96,7001,0.5544,0.5327,0.5178,0.6757,0.6649,0.5327,0.7523,0.8645,61.8,Reach max iteration 50 | best_iter=14
qwen,sum,fb237_v1_ind_seed7005,125,1000.0,96,7005,0.4413,0.4762,0.5235,0.6022,0.6227,0.4762,0.7381,0.8571,63.8,Reach max iteration 50 | best_iter=46
qwen,sum,fb237_v1_ind_seed7009,125,1000.0,96,7009,0.4924,0.5411,0.5355,0.6506,0.672,0.5411,0.7633,0.8841,63.3,Reach max iteration 50 | best_iter=18
qwen,sum,fb237_v1_ind_seed7001,150,1.0,16,7001,0.6736,0.6542,0.9409,0.7928,0.7866,0.6542,0.9019,0.972,154.1,Reach max iteration 50 | best_iter=11
qwen,sum,fb237_v1_ind_seed7005,150,1.0,16,7005,0.6808,0.5952,0.9414,0.7876,0.7399,0.5952,0.8619,0.9476,156.0,Reach max iteration 50 | best_iter=47
qwen,sum,fb237_v1_ind_seed7009,150,1.0,16,7009,0.6548,0.6667,0.941,0.7747,0.7887,0.6667,0.8986,0.9565,155.5,Reach max iteration 50 | best_iter=17
qwen,sum,fb237_v1_ind_seed7001,150,1.0,32,7001,0.6943,0.6215,0.9409,0.8066,0.7645,0.6215,0.8879,0.9626,154.5,Reach max iteration 50 | best_iter=37
qwen,sum,fb237_v1_ind_seed7005,150,1.0,32,7005,0.6714,0.6048,0.9414,0.7913,0.749,0.6048,0.8762,0.9381,155.4,Reach max iteration 50 | best_iter=18
qwen,sum,fb237_v1_ind_seed7009,150,1.0,32,7009,0.665,0.6908,0.941,0.7813,0.797,0.6908,0.8889,0.942,156.5,Reach max iteration 50 | best_iter=16
qwen,sum,fb237_v1_ind_seed7001,150,1.0,48,7001,0.6943,0.6449,0.9409,0.8086,0.7813,0.6449,0.9112,0.9626,158.6,Reach max iteration 50 | best_iter=25
qwen,sum,fb237_v1_ind_seed7005,150,1.0,48,7005,0.6901,0.5952,0.9414,0.7981,0.7435,0.5952,0.8714,0.9619,156.2,Reach max iteration 50 | best_iter=50
qwen,sum,fb237_v1_ind_seed7009,150,1.0,48,7009,0.6701,0.6763,0.941,0.7862,0.7919,0.6763,0.8986,0.9372,157.3,Reach max iteration 50 | best_iter=19
qwen,sum,fb237_v1_ind_seed7001,150,1.0,64,7001,0.6736,0.6402,0.9409,0.7985,0.7772,0.6402,0.8879,0.972,157.3,Reach max iteration 50 | best_iter=46
qwen,sum,fb237_v1_ind_seed7005,150,1.0,64,7005,0.6761,0.5905,0.9414,0.7927,0.7452,0.5905,0.8762,0.9619,159.0,Reach max iteration 50 | best_iter=16
qwen,sum,fb237_v1_ind_seed7009,150,1.0,64,7009,0.6751,0.6715,0.941,0.7937,0.79,0.6715,0.8889,0.9565,159.0,Reach max iteration 50 | best_iter=14
qwen,sum,fb237_v1_ind_seed7001,150,1.0,80,7001,0.6736,0.6636,0.9409,0.8006,0.7933,0.6636,0.9065,0.9626,152.6,Reach max iteration 50 | best_iter=41
qwen,sum,fb237_v1_ind_seed7005,150,1.0,80,7005,0.662,0.6048,0.9414,0.7853,0.7598,0.6048,0.9,0.9667,156.3,Reach max iteration 50 | best_iter=30
qwen,sum,fb237_v1_ind_seed7009,150,1.0,80,7009,0.6497,0.6763,0.941,0.7825,0.7889,0.6763,0.8792,0.9517,159.4,Reach max iteration 50 | best_iter=49
qwen,sum,fb237_v1_ind_seed7001,150,1.0,96,7001,0.6839,0.6449,0.9409,0.8043,0.7811,0.6449,0.9112,0.9626,156.5,Reach max iteration 50 | best_iter=50
qwen,sum,fb237_v1_ind_seed7005,150,1.0,96,7005,0.6761,0.5952,0.9414,0.7907,0.7526,0.5952,0.8905,0.9762,154.8,Reach max iteration 50 | best_iter=50
qwen,sum,fb237_v1_ind_seed7009,150,1.0,96,7009,0.6497,0.6763,0.941,0.7795,0.7853,0.6763,0.8647,0.942,156.1,Reach max iteration 50 | best_iter=31
qwen,sum,fb237_v1_ind_seed7001,150,5.0,16,7001,0.6736,0.6308,0.9409,0.7948,0.7741,0.6308,0.9112,0.9626,151.1,Reach max iteration 50 | best_iter=14
qwen,sum,fb237_v1_ind_seed7005,150,5.0,16,7005,0.6761,0.5857,0.9414,0.787,0.737,0.5857,0.8619,0.9571,152.8,Reach max iteration 50 | best_iter=10
qwen,sum,fb237_v1_ind_seed7009,150,5.0,16,7009,0.665,0.6522,0.941,0.7863,0.7748,0.6522,0.8744,0.9565,151.5,Reach max iteration 50 | best_iter=32
qwen,sum,fb237_v1_ind_seed7001,150,5.0,32,7001,0.6891,0.6355,0.9409,0.8076,0.7717,0.6355,0.8832,0.972,153.5,Reach max iteration 50 | best_iter=36
qwen,sum,fb237_v1_ind_seed7005,150,5.0,32,7005,0.6901,0.5905,0.9414,0.7989,0.7435,0.5905,0.8762,0.9619,157.2,Reach max iteration 50 | best_iter=11
qwen,sum,fb237_v1_ind_seed7009,150,5.0,32,7009,0.6701,0.6763,0.941,0.7941,0.792,0.6763,0.8986,0.9372,153.5,Reach max iteration 50 | best_iter=44
qwen,sum,fb237_v1_ind_seed7001,150,5.0,48,7001,0.6891,0.6355,0.9409,0.8143,0.7821,0.6355,0.9206,0.9766,156.2,Reach max iteration 50 | best_iter=34
qwen,sum,fb237_v1_ind_seed7005,150,5.0,48,7005,0.6948,0.581,0.9414,0.8016,0.7428,0.581,0.8714,0.9619,155.0,Reach max iteration 50 | best_iter=12
qwen,sum,fb237_v1_ind_seed7009,150,5.0,48,7009,0.665,0.6715,0.941,0.7883,0.7856,0.6715,0.8889,0.9565,154.6,Reach max iteration 50 | best_iter=32
qwen,sum,fb237_v1_ind_seed7001,150,5.0,64,7001,0.6788,0.6355,0.9409,0.8086,0.7749,0.6355,0.8972,0.972,155.8,Reach max iteration 50 | best_iter=40
qwen,sum,fb237_v1_ind_seed7005,150,5.0,64,7005,0.6808,0.5952,0.9414,0.7974,0.7557,0.5952,0.9143,0.9667,156.4,Reach max iteration 50 | best_iter=11
qwen,sum,fb237_v1_ind_seed7009,150,5.0,64,7009,0.6751,0.6667,0.941,0.7973,0.7829,0.6667,0.8841,0.9469,156.2,Reach max iteration 50 | best_iter=39
qwen,sum,fb237_v1_ind_seed7001,150,5.0,80,7001,0.6839,0.6449,0.9409,0.8091,0.7853,0.6449,0.9159,0.972,155.3,Reach max iteration 50 | best_iter=18
qwen,sum,fb237_v1_ind_seed7005,150,5.0,80,7005,0.6667,0.6,0.9414,0.7867,0.7508,0.6,0.881,0.9619,152.4,Reach max iteration 50 | best_iter=46
qwen,sum,fb237_v1_ind_seed7009,150,5.0,80,7009,0.6701,0.6667,0.941,0.7941,0.7871,0.6667,0.8889,0.9517,155.1,Reach max iteration 50 | best_iter=21
qwen,sum,fb237_v1_ind_seed7001,150,5.0,96,7001,0.6788,0.6495,0.9409,0.8035,0.7826,0.6495,0.9159,0.9673,154.4,Reach max iteration 50 | best_iter=28
qwen,sum,fb237_v1_ind_seed7005,150,5.0,96,7005,0.7042,0.6095,0.9414,0.8085,0.7615,0.6095,0.8952,0.9714,154.6,Reach max iteration 50 | best_iter=25
qwen,sum,fb237_v1_ind_seed7009,150,5.0,96,7009,0.6701,0.6522,0.9405,0.7912,0.7811,0.6522,0.8792,0.9807,156.7,Reach max iteration 50 | best_iter=5
qwen,sum,fb237_v1_ind_seed7001,150,10.0,16,7001,0.6684,0.6542,0.9409,0.7936,0.7867,0.6542,0.9065,0.9579,154.9,Reach max iteration 50 | best_iter=29
qwen,sum,fb237_v1_ind_seed7005,150,10.0,16,7005,0.6901,0.581,0.9414,0.7994,0.7392,0.581,0.881,0.9476,155.4,Reach max iteration 50 | best_iter=6
qwen,sum,fb237_v1_ind_seed7009,150,10.0,16,7009,0.665,0.6667,0.938,0.7837,0.792,0.6667,0.9034,0.971,155.3,Reach max iteration 50 | best_iter=2
qwen,sum,fb237_v1_ind_seed7001,150,10.0,32,7001,0.6995,0.6355,0.9409,0.811,0.7783,0.6355,0.9019,0.9579,154.7,Reach max iteration 50 | best_iter=17
qwen,sum,fb237_v1_ind_seed7005,150,10.0,32,7005,0.6901,0.6048,0.9409,0.8054,0.7582,0.6048,0.8952,0.9714,155.9,Reach max iteration 50 | best_iter=6
qwen,sum,fb237_v1_ind_seed7009,150,10.0,32,7009,0.6802,0.6763,0.941,0.799,0.7883,0.6763,0.8841,0.9469,157.5,Reach max iteration 50 | best_iter=14
qwen,sum,fb237_v1_ind_seed7001,150,10.0,48,7001,0.6943,0.6355,0.9409,0.8127,0.7754,0.6355,0.9112,0.9579,154.7,Reach max iteration 50 | best_iter=4
qwen,sum,fb237_v1_ind_seed7005,150,10.0,48,7005,0.7089,0.5762,0.9414,0.8085,0.745,0.5762,0.9,0.9762,155.4,Reach max iteration 50 | best_iter=18
qwen,sum,fb237_v1_ind_seed7009,150,10.0,48,7009,0.6701,0.686,0.9405,0.7912,0.7957,0.686,0.8889,0.9469,154.9,Reach max iteration 50 | best_iter=7
qwen,sum,fb237_v1_ind_seed7001,150,10.0,64,7001,0.6891,0.6402,0.9394,0.813,0.7831,0.6402,0.9065,0.9813,154.1,Reach max iteration 50 | best_iter=6
qwen,sum,fb237_v1_ind_seed7005,150,10.0,64,7005,0.6901,0.5952,0.9414,0.8053,0.7548,0.5952,0.9,0.981,157.7,Reach max iteration 50 | best_iter=10
qwen,sum,fb237_v1_ind_seed7009,150,10.0,64,7009,0.665,0.6908,0.941,0.7941,0.7975,0.6908,0.8889,0.9469,157.9,Reach max iteration 50 | best_iter=20
qwen,sum,fb237_v1_ind_seed7001,150,10.0,80,7001,0.6943,0.6449,0.9409,0.8128,0.7808,0.6449,0.8972,0.9673,156.5,Reach max iteration 50 | best_iter=11
qwen,sum,fb237_v1_ind_seed7005,150,10.0,80,7005,0.6901,0.6048,0.9414,0.8001,0.7594,0.6048,0.9048,0.981,155.2,Reach max iteration 50 | best_iter=11
qwen,sum,fb237_v1_ind_seed7009,150,10.0,80,7009,0.6599,0.686,0.941,0.7905,0.7963,0.686,0.8889,0.9614,156.4,Reach max iteration 50 | best_iter=10
qwen,sum,fb237_v1_ind_seed7001,150,10.0,96,7001,0.6839,0.6262,0.9409,0.809,0.7737,0.6262,0.9019,0.972,155.4,Reach max iteration 50 | best_iter=24
qwen,sum,fb237_v1_ind_seed7005,150,10.0,96,7005,0.6948,0.5952,0.9414,0.8047,0.7519,0.5952,0.8857,0.981,157.4,Reach max iteration 50 | best_iter=14
qwen,sum,fb237_v1_ind_seed7009,150,10.0,96,7009,0.665,0.6908,0.941,0.7929,0.8006,0.6908,0.8986,0.9614,157.2,Reach max iteration 50 | best_iter=8
qwen,sum,fb237_v1_ind_seed7001,150,50.0,16,7001,0.6788,0.6822,0.9229,0.8001,0.8061,0.6822,0.9206,0.9813,152.2,Reach max iteration 50 | best_iter=34
qwen,sum,fb237_v1_ind_seed7005,150,50.0,16,7005,0.6901,0.6286,0.9016,0.8054,0.7765,0.6286,0.9238,0.981,154.8,Reach max iteration 50 | best_iter=4
qwen,sum,fb237_v1_ind_seed7009,150,50.0,16,7009,0.6954,0.6667,0.9055,0.8127,0.7928,0.6667,0.8986,0.9758,154.9,Reach max iteration 50 | best_iter=5
qwen,sum,fb237_v1_ind_seed7001,150,50.0,32,7001,0.6891,0.6682,0.9199,0.8066,0.8039,0.6682,0.9299,0.972,154.0,Reach max iteration 50 | best_iter=9
qwen,sum,fb237_v1_ind_seed7005,150,50.0,32,7005,0.7183,0.6333,0.9187,0.817,0.7782,0.6333,0.9048,0.9857,153.4,Reach max iteration 50 | best_iter=9
qwen,sum,fb237_v1_ind_seed7009,150,50.0,32,7009,0.665,0.6908,0.925,0.7963,0.8049,0.6908,0.913,0.971,153.1,Reach max iteration 50 | best_iter=17
qwen,sum,fb237_v1_ind_seed7001,150,50.0,48,7001,0.7047,0.6729,0.9304,0.8196,0.8037,0.6729,0.9159,0.972,155.3,Reach max iteration 50 | best_iter=37
qwen,sum,fb237_v1_ind_seed7005,150,50.0,48,7005,0.7089,0.6381,0.9298,0.8191,0.7849,0.6381,0.919,0.9905,156.2,Reach max iteration 50 | best_iter=15
qwen,sum,fb237_v1_ind_seed7009,150,50.0,48,7009,0.6954,0.7053,0.911,0.8144,0.8139,0.7053,0.9179,0.9758,155.2,Reach max iteration 50 | best_iter=5
qwen,sum,fb237_v1_ind_seed7001,150,50.0,64,7001,0.6995,0.6589,0.9294,0.8183,0.7941,0.6589,0.9206,0.9766,156.9,Reach max iteration 50 | best_iter=9
qwen,sum,fb237_v1_ind_seed7005,150,50.0,64,7005,0.7183,0.6476,0.9172,0.824,0.7878,0.6476,0.919,0.9857,156.5,Reach max iteration 50 | best_iter=5
qwen,sum,fb237_v1_ind_seed7009,150,50.0,64,7009,0.6853,0.7198,0.92,0.8089,0.822,0.7198,0.913,0.9662,154.5,Reach max iteration 50 | best_iter=7
qwen,sum,fb237_v1_ind_seed7001,150,50.0,80,7001,0.7202,0.6776,0.9224,0.8304,0.8071,0.6776,0.9252,0.972,158.0,Reach max iteration 50 | best_iter=6
qwen,sum,fb237_v1_ind_seed7005,150,50.0,80,7005,0.6995,0.6714,0.9273,0.8071,0.7983,0.6714,0.9143,0.9952,153.0,Reach max iteration 50 | best_iter=17
qwen,sum,fb237_v1_ind_seed7009,150,50.0,80,7009,0.6904,0.7198,0.9155,0.8119,0.8217,0.7198,0.9082,0.971,156.8,Reach max iteration 50 | best_iter=5
qwen,sum,fb237_v1_ind_seed7001,150,50.0,96,7001,0.715,0.6589,0.9319,0.8284,0.7939,0.6589,0.9206,0.9813,153.0,Reach max iteration 50 | best_iter=13
qwen,sum,fb237_v1_ind_seed7005,150,50.0,96,7005,0.7324,0.6476,0.9263,0.8291,0.79,0.6476,0.9286,0.981,157.6,Reach max iteration 50 | best_iter=9
qwen,sum,fb237_v1_ind_seed7009,150,50.0,96,7009,0.6802,0.6908,0.916,0.8062,0.805,0.6908,0.9034,0.9758,156.2,Reach max iteration 50 | best_iter=6
qwen,sum,fb237_v1_ind_seed7001,150,100.0,16,7001,0.7358,0.7009,0.8488,0.8309,0.8151,0.7009,0.9112,0.9766,111.4,Reach max iteration 50 | best_iter=21
qwen,sum,fb237_v1_ind_seed7005,150,100.0,16,7005,0.7042,0.6333,0.8481,0.8146,0.7748,0.6333,0.9143,0.9762,106.2,Reach max iteration 50 | best_iter=36
qwen,sum,fb237_v1_ind_seed7009,150,100.0,16,7009,0.6751,0.7246,0.8375,0.8017,0.8218,0.7246,0.9082,0.9758,105.0,Reach max iteration 50 | best_iter=9
qwen,sum,fb237_v1_ind_seed7001,150,100.0,32,7001,0.7358,0.7056,0.8573,0.8385,0.8207,0.7056,0.9206,0.972,141.0,Reach max iteration 50 | best_iter=40
qwen,sum,fb237_v1_ind_seed7005,150,100.0,32,7005,0.7042,0.681,0.8324,0.8158,0.8041,0.681,0.9143,0.981,138.0,Reach max iteration 50 | best_iter=4
qwen,sum,fb237_v1_ind_seed7009,150,100.0,32,7009,0.7005,0.7295,0.8665,0.818,0.83,0.7295,0.913,0.971,129.5,Reach max iteration 50 | best_iter=20
qwen,sum,fb237_v1_ind_seed7001,150,100.0,48,7001,0.7409,0.715,0.8633,0.8386,0.823,0.715,0.9159,0.9766,154.9,Reach max iteration 50 | best_iter=48
qwen,sum,fb237_v1_ind_seed7005,150,100.0,48,7005,0.7418,0.6619,0.8425,0.839,0.7933,0.6619,0.9,0.9762,152.1,Reach max iteration 50 | best_iter=6
qwen,sum,fb237_v1_ind_seed7009,150,100.0,48,7009,0.7056,0.7198,0.8645,0.8207,0.8235,0.7198,0.9179,0.9758,154.5,Reach max iteration 50 | best_iter=8
qwen,sum,fb237_v1_ind_seed7001,150,100.0,64,7001,0.7461,0.729,0.8448,0.8371,0.8311,0.729,0.9252,0.9766,155.2,Reach max iteration 50 | best_iter=6
qwen,sum,fb237_v1_ind_seed7005,150,100.0,64,7005,0.7183,0.6762,0.8677,0.8256,0.804,0.6762,0.919,0.9857,152.2,Reach max iteration 50 | best_iter=8
qwen,sum,fb237_v1_ind_seed7009,150,100.0,64,7009,0.7005,0.7295,0.878,0.8133,0.83,0.7295,0.9275,0.9807,156.5,Reach max iteration 50 | best_iter=9
qwen,sum,fb237_v1_ind_seed7001,150,100.0,80,7001,0.7358,0.7009,0.8683,0.8353,0.8181,0.7009,0.9252,0.9766,156.2,Reach max iteration 50 | best_iter=15
qwen,sum,fb237_v1_ind_seed7005,150,100.0,80,7005,0.7183,0.6857,0.8667,0.8211,0.81,0.6857,0.9286,0.9905,155.3,Reach max iteration 50 | best_iter=6
qwen,sum,fb237_v1_ind_seed7009,150,100.0,80,7009,0.6853,0.715,0.8825,0.8046,0.8232,0.715,0.913,0.9758,154.8,Reach max iteration 50 | best_iter=32
qwen,sum,fb237_v1_ind_seed7001,150,100.0,96,7001,0.7565,0.7009,0.8758,0.8453,0.8173,0.7009,0.9159,0.9766,156.6,Reach max iteration 50 | best_iter=44
qwen,sum,fb237_v1_ind_seed7005,150,100.0,96,7005,0.723,0.6952,0.8839,0.8252,0.8141,0.6952,0.9143,0.9952,155.8,Reach max iteration 50 | best_iter=47
qwen,sum,fb237_v1_ind_seed7009,150,100.0,96,7009,0.6954,0.7343,0.8695,0.8179,0.8335,0.7343,0.913,0.9807,155.1,Reach max iteration 50 | best_iter=7
qwen,sum,fb237_v1_ind_seed7001,150,500.0,16,7001,0.5803,0.5748,0.5819,0.7098,0.7001,0.5748,0.785,0.9065,73.9,Reach max iteration 50 | best_iter=50
qwen,sum,fb237_v1_ind_seed7005,150,500.0,16,7005,0.5164,0.5048,0.5563,0.6598,0.6477,0.5048,0.7619,0.8619,74.6,Reach max iteration 50 | best_iter=29
qwen,sum,fb237_v1_ind_seed7009,150,500.0,16,7009,0.5533,0.5604,0.557,0.6911,0.688,0.5604,0.7729,0.8986,72.7,Reach max iteration 50 | best_iter=14
qwen,sum,fb237_v1_ind_seed7001,150,500.0,32,7001,0.6425,0.5935,0.6179,0.7494,0.7217,0.5935,0.8271,0.9159,75.4,Reach max iteration 50 | best_iter=12
qwen,sum,fb237_v1_ind_seed7005,150,500.0,32,7005,0.5822,0.5571,0.6073,0.7152,0.6977,0.5571,0.8143,0.8952,76.6,Reach max iteration 50 | best_iter=15
qwen,sum,fb237_v1_ind_seed7009,150,500.0,32,7009,0.6142,0.6377,0.6225,0.7375,0.7494,0.6377,0.8213,0.913,75.3,Reach max iteration 50 | best_iter=15
qwen,sum,fb237_v1_ind_seed7001,150,500.0,48,7001,0.6788,0.6449,0.6565,0.7747,0.7556,0.6449,0.8318,0.9299,77.9,Reach max iteration 50 | best_iter=12
qwen,sum,fb237_v1_ind_seed7005,150,500.0,48,7005,0.615,0.6,0.6502,0.7407,0.7319,0.6,0.8381,0.9286,77.5,Reach max iteration 50 | best_iter=24
qwen,sum,fb237_v1_ind_seed7009,150,500.0,48,7009,0.6244,0.6473,0.644,0.7522,0.7662,0.6473,0.8696,0.9179,77.1,Reach max iteration 50 | best_iter=16
qwen,sum,fb237_v1_ind_seed7001,150,500.0,64,7001,0.6839,0.6402,0.673,0.7804,0.7625,0.6402,0.8598,0.9393,82.9,Reach max iteration 50 | best_iter=10
qwen,sum,fb237_v1_ind_seed7005,150,500.0,64,7005,0.6385,0.6,0.6603,0.7579,0.7343,0.6,0.8381,0.9381,86.3,Reach max iteration 50 | best_iter=12
qwen,sum,fb237_v1_ind_seed7009,150,500.0,64,7009,0.6193,0.6763,0.658,0.752,0.783,0.6763,0.8647,0.9227,84.1,Reach max iteration 50 | best_iter=39
qwen,sum,fb237_v1_ind_seed7001,150,500.0,80,7001,0.6891,0.6589,0.673,0.7842,0.7687,0.6589,0.8505,0.9346,99.3,Reach max iteration 50 | best_iter=9
qwen,sum,fb237_v1_ind_seed7005,150,500.0,80,7005,0.6714,0.6238,0.6911,0.7787,0.7452,0.6238,0.8333,0.9429,99.8,Reach max iteration 50 | best_iter=16
qwen,sum,fb237_v1_ind_seed7009,150,500.0,80,7009,0.6193,0.7005,0.6695,0.7567,0.797,0.7005,0.8744,0.9372,99.6,Reach max iteration 50 | best_iter=14
qwen,sum,fb237_v1_ind_seed7001,150,500.0,96,7001,0.7047,0.6729,0.681,0.7955,0.7851,0.6729,0.8832,0.9626,102.6,Reach max iteration 50 | best_iter=14
qwen,sum,fb237_v1_ind_seed7005,150,500.0,96,7005,0.6573,0.6286,0.688,0.7747,0.7511,0.6286,0.8381,0.9381,103.4,Reach max iteration 50 | best_iter=9
qwen,sum,fb237_v1_ind_seed7009,150,500.0,96,7009,0.6244,0.7005,0.685,0.7611,0.797,0.7005,0.8744,0.9324,102.6,Reach max iteration 50 | best_iter=12
qwen,sum,fb237_v1_ind_seed7001,150,1000.0,16,7001,0.3109,0.2477,0.2919,0.4605,0.4207,0.2477,0.4953,0.7477,70.6,Reach max iteration 50 | best_iter=1
qwen,sum,fb237_v1_ind_seed7005,150,1000.0,16,7005,0.2817,0.2667,0.3236,0.4174,0.4213,0.2667,0.4905,0.7524,64.0,Reach max iteration 50 | best_iter=1
qwen,sum,fb237_v1_ind_seed7009,150,1000.0,16,7009,0.2944,0.2995,0.3065,0.4416,0.4296,0.2995,0.4734,0.7005,69.8,Reach max iteration 50 | best_iter=44
qwen,sum,fb237_v1_ind_seed7001,150,1000.0,32,7001,0.4456,0.3972,0.4191,0.5604,0.5514,0.3972,0.6355,0.8131,71.0,Reach max iteration 50 | best_iter=35
qwen,sum,fb237_v1_ind_seed7005,150,1000.0,32,7005,0.3333,0.3619,0.4054,0.4961,0.5112,0.3619,0.6048,0.781,71.8,Reach max iteration 50 | best_iter=17
qwen,sum,fb237_v1_ind_seed7009,150,1000.0,32,7009,0.3807,0.3768,0.4045,0.519,0.5201,0.3768,0.599,0.7874,70.9,Reach max iteration 50 | best_iter=50
qwen,sum,fb237_v1_ind_seed7001,150,1000.0,48,7001,0.4922,0.4766,0.4687,0.6179,0.6186,0.4766,0.715,0.8318,71.6,Reach max iteration 50 | best_iter=31
qwen,sum,fb237_v1_ind_seed7005,150,1000.0,48,7005,0.3709,0.4143,0.4518,0.5343,0.5689,0.4143,0.6714,0.8429,72.0,Reach max iteration 50 | best_iter=31
qwen,sum,fb237_v1_ind_seed7009,150,1000.0,48,7009,0.4061,0.43,0.4475,0.563,0.5681,0.43,0.6473,0.8309,71.5,Reach max iteration 50 | best_iter=50
qwen,sum,fb237_v1_ind_seed7001,150,1000.0,64,7001,0.5233,0.4953,0.4892,0.6513,0.6375,0.4953,0.729,0.8738,72.1,Reach max iteration 50 | best_iter=28
qwen,sum,fb237_v1_ind_seed7005,150,1000.0,64,7005,0.4178,0.4524,0.5028,0.5862,0.6078,0.4524,0.7333,0.8476,72.4,Reach max iteration 50 | best_iter=27
qwen,sum,fb237_v1_ind_seed7009,150,1000.0,64,7009,0.4619,0.4976,0.511,0.6227,0.6401,0.4976,0.7488,0.8744,73.5,Reach max iteration 50 | best_iter=30
qwen,sum,fb237_v1_ind_seed7001,150,1000.0,80,7001,0.5233,0.5093,0.4862,0.6484,0.6417,0.5093,0.729,0.8692,73.1,Reach max iteration 50 | best_iter=15
qwen,sum,fb237_v1_ind_seed7005,150,1000.0,80,7005,0.4366,0.4571,0.5189,0.5958,0.6147,0.4571,0.7429,0.8667,74.7,Reach max iteration 50 | best_iter=44
qwen,sum,fb237_v1_ind_seed7009,150,1000.0,80,7009,0.4873,0.5121,0.5205,0.6381,0.6518,0.5121,0.7585,0.8696,74.6,Reach max iteration 50 | best_iter=29
qwen,sum,fb237_v1_ind_seed7001,150,1000.0,96,7001,0.544,0.514,0.5243,0.6742,0.6572,0.514,0.7617,0.8692,75.2,Reach max iteration 50 | best_iter=34
qwen,sum,fb237_v1_ind_seed7005,150,1000.0,96,7005,0.446,0.4571,0.5225,0.6075,0.6212,0.4571,0.7524,0.8714,75.1,Reach max iteration 50 | best_iter=42
qwen,sum,fb237_v1_ind_seed7009,150,1000.0,96,7009,0.4619,0.5266,0.5155,0.6189,0.6503,0.5266,0.7295,0.8744,74.7,Reach max iteration 50 | best_iter=18
qwen,sum,fb237_v1_ind_seed7001,175,1.0,16,7001,0.6684,0.6542,0.9409,0.7907,0.7866,0.6542,0.9112,0.972,176.3,Reach max iteration 50 | best_iter=14
qwen,sum,fb237_v1_ind_seed7005,175,1.0,16,7005,0.6667,0.5905,0.9414,0.7848,0.7354,0.5905,0.8476,0.9429,177.0,Reach max iteration 50 | best_iter=38
qwen,sum,fb237_v1_ind_seed7009,175,1.0,16,7009,0.6548,0.6715,0.941,0.7767,0.7925,0.6715,0.8986,0.9565,177.3,Reach max iteration 50 | best_iter=13
qwen,sum,fb237_v1_ind_seed7001,175,1.0,32,7001,0.6943,0.6402,0.9409,0.8052,0.7774,0.6402,0.9065,0.9673,180.0,Reach max iteration 50 | best_iter=41
qwen,sum,fb237_v1_ind_seed7005,175,1.0,32,7005,0.6714,0.6,0.9414,0.7924,0.7493,0.6,0.881,0.9476,172.5,Reach max iteration 50 | best_iter=26
qwen,sum,fb237_v1_ind_seed7009,175,1.0,32,7009,0.665,0.6763,0.941,0.7846,0.7909,0.6763,0.8841,0.9469,179.0,Reach max iteration 50 | best_iter=36
qwen,sum,fb237_v1_ind_seed7001,175,1.0,48,7001,0.6995,0.6495,0.9409,0.8184,0.7809,0.6495,0.8972,0.972,178.7,Reach max iteration 50 | best_iter=39
qwen,sum,fb237_v1_ind_seed7005,175,1.0,48,7005,0.6761,0.581,0.9414,0.795,0.7395,0.581,0.8619,0.9762,179.7,Reach max iteration 50 | best_iter=50
qwen,sum,fb237_v1_ind_seed7009,175,1.0,48,7009,0.6751,0.6618,0.941,0.786,0.7786,0.6618,0.8792,0.9469,177.9,Reach max iteration 50 | best_iter=8
qwen,sum,fb237_v1_ind_seed7001,175,1.0,64,7001,0.6891,0.6495,0.9409,0.8041,0.7811,0.6495,0.9019,0.9626,180.5,Reach max iteration 50 | best_iter=14
qwen,sum,fb237_v1_ind_seed7005,175,1.0,64,7005,0.6432,0.6143,0.9414,0.7775,0.7613,0.6143,0.8952,0.9762,180.6,Reach max iteration 50 | best_iter=19
qwen,sum,fb237_v1_ind_seed7009,175,1.0,64,7009,0.6701,0.6715,0.941,0.7883,0.7901,0.6715,0.8889,0.9565,182.0,Reach max iteration 50 | best_iter=10
qwen,sum,fb237_v1_ind_seed7001,175,1.0,80,7001,0.6891,0.6308,0.9409,0.8073,0.7737,0.6308,0.9159,0.9673,181.2,Reach max iteration 50 | best_iter=31
qwen,sum,fb237_v1_ind_seed7005,175,1.0,80,7005,0.6714,0.6143,0.9414,0.7918,0.7583,0.6143,0.8905,0.9667,177.0,Reach max iteration 50 | best_iter=32
qwen,sum,fb237_v1_ind_seed7009,175,1.0,80,7009,0.6548,0.6812,0.941,0.7799,0.7917,0.6812,0.8889,0.9469,180.9,Reach max iteration 50 | best_iter=48
qwen,sum,fb237_v1_ind_seed7001,175,1.0,96,7001,0.6891,0.6449,0.9409,0.8105,0.7806,0.6449,0.8972,0.9626,179.7,Reach max iteration 50 | best_iter=47
qwen,sum,fb237_v1_ind_seed7005,175,1.0,96,7005,0.6714,0.5857,0.9414,0.7883,0.7408,0.5857,0.8667,0.9762,179.3,Reach max iteration 50 | best_iter=16
qwen,sum,fb237_v1_ind_seed7009,175,1.0,96,7009,0.6701,0.6715,0.941,0.7863,0.7841,0.6715,0.8889,0.9469,177.7,Reach max iteration 50 | best_iter=25
qwen,sum,fb237_v1_ind_seed7001,175,5.0,16,7001,0.6788,0.6449,0.9409,0.8045,0.775,0.6449,0.8972,0.9579,172.7,Reach max iteration 50 | best_iter=29
qwen,sum,fb237_v1_ind_seed7005,175,5.0,16,7005,0.6854,0.5476,0.9414,0.795,0.7114,0.5476,0.8667,0.9524,172.4,Reach max iteration 50 | best_iter=24
qwen,sum,fb237_v1_ind_seed7009,175,5.0,16,7009,0.6548,0.6667,0.941,0.7812,0.7875,0.6667,0.8889,0.9517,171.8,Reach max iteration 50 | best_iter=47
qwen,sum,fb237_v1_ind_seed7001,175,5.0,32,7001,0.6891,0.6402,0.9409,0.8076,0.7762,0.6402,0.9019,0.9673,170.2,Reach max iteration 50 | best_iter=17
qwen,sum,fb237_v1_ind_seed7005,175,5.0,32,7005,0.6808,0.6095,0.9414,0.8014,0.7573,0.6095,0.8905,0.9714,174.6,Reach max iteration 50 | best_iter=8
qwen,sum,fb237_v1_ind_seed7009,175,5.0,32,7009,0.6701,0.6715,0.941,0.7874,0.782,0.6715,0.8696,0.9565,174.0,Reach max iteration 50 | best_iter=47
qwen,sum,fb237_v1_ind_seed7001,175,5.0,48,7001,0.7098,0.6542,0.9409,0.8202,0.7885,0.6542,0.9019,0.9626,176.9,Reach max iteration 50 | best_iter=11
qwen,sum,fb237_v1_ind_seed7005,175,5.0,48,7005,0.6901,0.5857,0.9414,0.8045,0.7444,0.5857,0.8762,0.981,176.8,Reach max iteration 50 | best_iter=13
qwen,sum,fb237_v1_ind_seed7009,175,5.0,48,7009,0.665,0.6618,0.941,0.7929,0.7817,0.6618,0.8889,0.9469,176.0,Reach max iteration 50 | best_iter=17
qwen,sum,fb237_v1_ind_seed7001,175,5.0,64,7001,0.6995,0.6449,0.9409,0.8163,0.781,0.6449,0.9019,0.972,175.8,Reach max iteration 50 | best_iter=11
qwen,sum,fb237_v1_ind_seed7005,175,5.0,64,7005,0.662,0.6,0.9414,0.788,0.7636,0.6,0.919,0.9857,174.6,Reach max iteration 50 | best_iter=29
qwen,sum,fb237_v1_ind_seed7009,175,5.0,64,7009,0.6802,0.6908,0.941,0.7989,0.8001,0.6908,0.9034,0.9517,177.4,Reach max iteration 50 | best_iter=14
qwen,sum,fb237_v1_ind_seed7001,175,5.0,80,7001,0.6995,0.6449,0.9409,0.8147,0.7861,0.6449,0.9159,0.972,176.5,Reach max iteration 50 | best_iter=40
qwen,sum,fb237_v1_ind_seed7005,175,5.0,80,7005,0.6714,0.6048,0.9414,0.7953,0.7566,0.6048,0.8952,0.9619,178.0,Reach max iteration 50 | best_iter=16
qwen,sum,fb237_v1_ind_seed7009,175,5.0,80,7009,0.6599,0.6667,0.941,0.7881,0.7875,0.6667,0.8937,0.9469,176.1,Reach max iteration 50 | best_iter=12
qwen,sum,fb237_v1_ind_seed7001,175,5.0,96,7001,0.6995,0.6402,0.9409,0.8184,0.7801,0.6402,0.8972,0.9626,172.2,Reach max iteration 50 | best_iter=22
qwen,sum,fb237_v1_ind_seed7005,175,5.0,96,7005,0.6667,0.5905,0.9414,0.7926,0.7483,0.5905,0.8762,0.981,175.9,Reach max iteration 50 | best_iter=11
qwen,sum,fb237_v1_ind_seed7009,175,5.0,96,7009,0.6599,0.6812,0.941,0.7873,0.7934,0.6812,0.8937,0.9565,176.3,Reach max iteration 50 | best_iter=49
qwen,sum,fb237_v1_ind_seed7001,175,10.0,16,7001,0.6736,0.6449,0.9409,0.7989,0.7759,0.6449,0.8879,0.9626,171.8,Reach max iteration 50 | best_iter=26
qwen,sum,fb237_v1_ind_seed7005,175,10.0,16,7005,0.6761,0.581,0.9414,0.792,0.7329,0.581,0.8571,0.9381,170.7,Reach max iteration 50 | best_iter=10
qwen,sum,fb237_v1_ind_seed7009,175,10.0,16,7009,0.6751,0.6618,0.941,0.7951,0.7915,0.6618,0.9179,0.971,177.6,Reach max iteration 50 | best_iter=11
qwen,sum,fb237_v1_ind_seed7001,175,10.0,32,7001,0.6891,0.6308,0.9409,0.8068,0.7753,0.6308,0.9065,0.9673,174.6,Reach max iteration 50 | best_iter=7
qwen,sum,fb237_v1_ind_seed7005,175,10.0,32,7005,0.6854,0.6238,0.9399,0.7995,0.7657,0.6238,0.881,0.9667,174.8,Reach max iteration 50 | best_iter=6
qwen,sum,fb237_v1_ind_seed7009,175,10.0,32,7009,0.6853,0.6715,0.941,0.7975,0.7898,0.6715,0.8937,0.9517,177.7,Reach max iteration 50 | best_iter=25
qwen,sum,fb237_v1_ind_seed7001,175,10.0,48,7001,0.6943,0.6495,0.9409,0.8122,0.7867,0.6495,0.9112,0.9626,175.5,Reach max iteration 50 | best_iter=29
qwen,sum,fb237_v1_ind_seed7005,175,10.0,48,7005,0.6901,0.5952,0.9414,0.8027,0.7576,0.5952,0.9143,0.9857,182.2,Reach max iteration 50 | best_iter=11
qwen,sum,fb237_v1_ind_seed7009,175,10.0,48,7009,0.6701,0.6908,0.941,0.7945,0.7979,0.6908,0.8937,0.942,175.5,Reach max iteration 50 | best_iter=16
qwen,sum,fb237_v1_ind_seed7001,175,10.0,64,7001,0.6839,0.6589,0.9409,0.8102,0.7938,0.6589,0.9159,0.9813,177.2,Reach max iteration 50 | best_iter=17
qwen,sum,fb237_v1_ind_seed7005,175,10.0,64,7005,0.662,0.6095,0.9414,0.7899,0.7627,0.6095,0.9048,0.9762,179.6,Reach max iteration 50 | best_iter=8
qwen,sum,fb237_v1_ind_seed7009,175,10.0,64,7009,0.6701,0.6763,0.941,0.795,0.7878,0.6763,0.8841,0.9614,179.5,Reach max iteration 50 | best_iter=38
qwen,sum,fb237_v1_ind_seed7001,175,10.0,80,7001,0.6891,0.6449,0.9409,0.8114,0.7861,0.6449,0.9159,0.9673,180.2,Reach max iteration 50 | best_iter=11
qwen,sum,fb237_v1_ind_seed7005,175,10.0,80,7005,0.6761,0.6095,0.9414,0.7973,0.7666,0.6095,0.9,0.981,178.8,Reach max iteration 50 | best_iter=7
qwen,sum,fb237_v1_ind_seed7009,175,10.0,80,7009,0.6701,0.6715,0.941,0.7924,0.7882,0.6715,0.8937,0.9517,175.8,Reach max iteration 50 | best_iter=50
qwen,sum,fb237_v1_ind_seed7001,175,10.0,96,7001,0.7047,0.6636,0.9409,0.8234,0.7927,0.6636,0.9206,0.9673,177.6,Reach max iteration 50 | best_iter=16
qwen,sum,fb237_v1_ind_seed7005,175,10.0,96,7005,0.6901,0.6143,0.9414,0.8036,0.7618,0.6143,0.9,0.9714,179.3,Reach max iteration 50 | best_iter=20
qwen,sum,fb237_v1_ind_seed7009,175,10.0,96,7009,0.6751,0.686,0.941,0.7956,0.798,0.686,0.8937,0.9469,178.4,Reach max iteration 50 | best_iter=9
qwen,sum,fb237_v1_ind_seed7001,175,50.0,16,7001,0.6632,0.6682,0.9224,0.7991,0.7947,0.6682,0.9065,0.972,173.5,Reach max iteration 50 | best_iter=48
qwen,sum,fb237_v1_ind_seed7005,175,50.0,16,7005,0.6948,0.6286,0.896,0.8092,0.7782,0.6286,0.9238,0.981,176.6,Reach max iteration 50 | best_iter=4
qwen,sum,fb237_v1_ind_seed7009,175,50.0,16,7009,0.6751,0.7005,0.915,0.798,0.809,0.7005,0.9034,0.9758,176.2,Reach max iteration 50 | best_iter=8
qwen,sum,fb237_v1_ind_seed7001,175,50.0,32,7001,0.7098,0.6729,0.9184,0.8228,0.802,0.6729,0.9206,0.9813,177.3,Reach max iteration 50 | best_iter=10
qwen,sum,fb237_v1_ind_seed7005,175,50.0,32,7005,0.7042,0.6524,0.9026,0.8132,0.789,0.6524,0.919,0.9857,178.7,Reach max iteration 50 | best_iter=5
qwen,sum,fb237_v1_ind_seed7009,175,50.0,32,7009,0.6802,0.7053,0.9235,0.8049,0.8162,0.7053,0.913,0.9662,175.4,Reach max iteration 50 | best_iter=14
qwen,sum,fb237_v1_ind_seed7001,175,50.0,48,7001,0.7202,0.6776,0.9109,0.8295,0.8055,0.6776,0.9252,0.972,176.6,Reach max iteration 50 | best_iter=6
qwen,sum,fb237_v1_ind_seed7005,175,50.0,48,7005,0.7277,0.6571,0.9268,0.8277,0.7942,0.6571,0.9238,0.9905,177.3,Reach max iteration 50 | best_iter=14
qwen,sum,fb237_v1_ind_seed7009,175,50.0,48,7009,0.6904,0.7005,0.903,0.8153,0.8138,0.7005,0.913,0.9758,178.3,Reach max iteration 50 | best_iter=4
qwen,sum,fb237_v1_ind_seed7001,175,50.0,64,7001,0.7306,0.6682,0.8858,0.8313,0.7939,0.6682,0.9065,0.9766,176.4,Reach max iteration 50 | best_iter=4
qwen,sum,fb237_v1_ind_seed7005,175,50.0,64,7005,0.7136,0.6429,0.9162,0.8172,0.7836,0.6429,0.9143,0.9857,175.4,Reach max iteration 50 | best_iter=9
qwen,sum,fb237_v1_ind_seed7009,175,50.0,64,7009,0.6751,0.7053,0.9135,0.8075,0.8175,0.7053,0.9082,0.9662,181.4,Reach max iteration 50 | best_iter=4
qwen,sum,fb237_v1_ind_seed7001,175,50.0,80,7001,0.7254,0.6916,0.9064,0.8282,0.8122,0.6916,0.9299,0.9813,178.1,Reach max iteration 50 | best_iter=5
qwen,sum,fb237_v1_ind_seed7005,175,50.0,80,7005,0.7136,0.6619,0.9228,0.8193,0.7998,0.6619,0.9286,0.9952,179.8,Reach max iteration 50 | best_iter=7
qwen,sum,fb237_v1_ind_seed7009,175,50.0,80,7009,0.6853,0.7343,0.9125,0.8104,0.8318,0.7343,0.9227,0.971,176.7,Reach max iteration 50 | best_iter=6
qwen,sum,fb237_v1_ind_seed7001,175,50.0,96,7001,0.7098,0.6776,0.9204,0.8247,0.8039,0.6776,0.9206,0.9766,179.4,Reach max iteration 50 | best_iter=6
qwen,sum,fb237_v1_ind_seed7005,175,50.0,96,7005,0.7042,0.6571,0.9137,0.8145,0.7971,0.6571,0.9381,0.981,178.4,Reach max iteration 50 | best_iter=6
qwen,sum,fb237_v1_ind_seed7009,175,50.0,96,7009,0.6802,0.7101,0.9285,0.8051,0.8116,0.7101,0.8986,0.9614,177.2,Reach max iteration 50 | best_iter=9
qwen,sum,fb237_v1_ind_seed7001,175,100.0,16,7001,0.7306,0.6963,0.8468,0.8275,0.8133,0.6963,0.9206,0.9673,120.9,Reach max iteration 50 | best_iter=47
qwen,sum,fb237_v1_ind_seed7005,175,100.0,16,7005,0.7042,0.6429,0.8516,0.8176,0.7809,0.6429,0.9,0.981,116.8,Reach max iteration 50 | best_iter=14
qwen,sum,fb237_v1_ind_seed7009,175,100.0,16,7009,0.6954,0.7053,0.846,0.8119,0.8155,0.7053,0.913,0.9758,116.6,Reach max iteration 50 | best_iter=8
qwen,sum,fb237_v1_ind_seed7001,175,100.0,32,7001,0.7461,0.7103,0.8513,0.8399,0.8256,0.7103,0.9299,0.9766,153.4,Reach max iteration 50 | best_iter=20
qwen,sum,fb237_v1_ind_seed7005,175,100.0,32,7005,0.7042,0.6857,0.8642,0.8113,0.8069,0.6857,0.9048,0.9905,163.1,Reach max iteration 50 | best_iter=16
qwen,sum,fb237_v1_ind_seed7009,175,100.0,32,7009,0.7005,0.7391,0.861,0.8159,0.8338,0.7391,0.913,0.9758,151.3,Reach max iteration 50 | best_iter=9
qwen,sum,fb237_v1_ind_seed7001,175,100.0,48,7001,0.7254,0.7103,0.8608,0.8307,0.8234,0.7103,0.9159,0.9766,175.0,Reach max iteration 50 | best_iter=32
qwen,sum,fb237_v1_ind_seed7005,175,100.0,48,7005,0.7089,0.6905,0.8718,0.82,0.8113,0.6905,0.9238,1.0,176.2,Reach max iteration 50 | best_iter=27
qwen,sum,fb237_v1_ind_seed7009,175,100.0,48,7009,0.6954,0.7198,0.8675,0.8155,0.8239,0.7198,0.9179,0.9662,175.9,Reach max iteration 50 | best_iter=8
qwen,sum,fb237_v1_ind_seed7001,175,100.0,64,7001,0.7409,0.6776,0.8748,0.8355,0.8097,0.6776,0.9393,0.9813,174.7,Reach max iteration 50 | best_iter=13
qwen,sum,fb237_v1_ind_seed7005,175,100.0,64,7005,0.7136,0.6762,0.8622,0.8232,0.8043,0.6762,0.919,0.9857,176.8,Reach max iteration 50 | best_iter=7
qwen,sum,fb237_v1_ind_seed7009,175,100.0,64,7009,0.6904,0.7391,0.876,0.8116,0.8317,0.7391,0.9082,0.971,173.2,Reach max iteration 50 | best_iter=10
qwen,sum,fb237_v1_ind_seed7001,175,100.0,80,7001,0.7461,0.6916,0.8753,0.8391,0.8141,0.6916,0.9252,0.9813,175.9,Reach max iteration 50 | best_iter=46
qwen,sum,fb237_v1_ind_seed7005,175,100.0,80,7005,0.7136,0.7,0.8794,0.8168,0.8177,0.7,0.9381,0.9905,175.6,Reach max iteration 50 | best_iter=8
qwen,sum,fb237_v1_ind_seed7009,175,100.0,80,7009,0.6954,0.715,0.8815,0.8142,0.8202,0.715,0.9082,0.9758,174.3,Reach max iteration 50 | best_iter=22
qwen,sum,fb237_v1_ind_seed7001,175,100.0,96,7001,0.7617,0.7196,0.8723,0.8488,0.8281,0.7196,0.9112,0.986,177.4,Reach max iteration 50 | best_iter=45
qwen,sum,fb237_v1_ind_seed7005,175,100.0,96,7005,0.7277,0.6762,0.8854,0.8274,0.8046,0.6762,0.9238,0.9905,178.5,Reach max iteration 50 | best_iter=16
qwen,sum,fb237_v1_ind_seed7009,175,100.0,96,7009,0.6904,0.7343,0.8845,0.8068,0.8293,0.7343,0.9179,0.9662,174.1,Reach max iteration 50 | best_iter=37
qwen,sum,fb237_v1_ind_seed7001,175,500.0,16,7001,0.6062,0.5654,0.5563,0.7195,0.6916,0.5654,0.7804,0.8738,83.7,Reach max iteration 50 | best_iter=15
qwen,sum,fb237_v1_ind_seed7005,175,500.0,16,7005,0.493,0.4952,0.5608,0.6544,0.6508,0.4952,0.7857,0.8667,84.6,Reach max iteration 50 | best_iter=37
qwen,sum,fb237_v1_ind_seed7009,175,500.0,16,7009,0.533,0.5797,0.5635,0.6852,0.7041,0.5797,0.7874,0.9034,83.5,Reach max iteration 50 | best_iter=17
qwen,sum,fb237_v1_ind_seed7001,175,500.0,32,7001,0.6269,0.6028,0.6144,0.7431,0.7278,0.6028,0.8224,0.9112,85.9,Reach max iteration 50 | best_iter=9
qwen,sum,fb237_v1_ind_seed7005,175,500.0,32,7005,0.5869,0.5524,0.6037,0.721,0.6982,0.5524,0.819,0.9,85.5,Reach max iteration 50 | best_iter=11
qwen,sum,fb237_v1_ind_seed7009,175,500.0,32,7009,0.599,0.6329,0.626,0.7324,0.7496,0.6329,0.8454,0.913,86.1,Reach max iteration 50 | best_iter=21
qwen,sum,fb237_v1_ind_seed7001,175,500.0,48,7001,0.6632,0.6308,0.6555,0.767,0.7525,0.6308,0.8505,0.9299,87.4,Reach max iteration 50 | best_iter=13
qwen,sum,fb237_v1_ind_seed7005,175,500.0,48,7005,0.6338,0.6048,0.6471,0.7498,0.7268,0.6048,0.8238,0.919,88.5,Reach max iteration 50 | best_iter=20
qwen,sum,fb237_v1_ind_seed7009,175,500.0,48,7009,0.6193,0.6667,0.654,0.7464,0.7709,0.6667,0.8454,0.9179,88.3,Reach max iteration 50 | best_iter=11
qwen,sum,fb237_v1_ind_seed7001,175,500.0,64,7001,0.6788,0.6589,0.6555,0.7778,0.7641,0.6589,0.8458,0.9346,92.3,Reach max iteration 50 | best_iter=5
qwen,sum,fb237_v1_ind_seed7005,175,500.0,64,7005,0.6197,0.6,0.6527,0.744,0.7282,0.6,0.8333,0.9286,90.9,Reach max iteration 50 | best_iter=9
qwen,sum,fb237_v1_ind_seed7009,175,500.0,64,7009,0.6244,0.6715,0.6565,0.7535,0.7817,0.6715,0.8744,0.9227,101.7,Reach max iteration 50 | best_iter=39
qwen,sum,fb237_v1_ind_seed7001,175,500.0,80,7001,0.6943,0.6636,0.68,0.7898,0.776,0.6636,0.8692,0.9439,114.9,Reach max iteration 50 | best_iter=39
qwen,sum,fb237_v1_ind_seed7005,175,500.0,80,7005,0.6573,0.6286,0.686,0.7709,0.749,0.6286,0.8476,0.9333,107.0,Reach max iteration 50 | best_iter=29
qwen,sum,fb237_v1_ind_seed7009,175,500.0,80,7009,0.6142,0.6812,0.674,0.7542,0.7872,0.6812,0.8696,0.9275,107.7,Reach max iteration 50 | best_iter=9
qwen,sum,fb237_v1_ind_seed7001,175,500.0,96,7001,0.6943,0.6636,0.688,0.7909,0.7773,0.6636,0.8692,0.9533,116.5,Reach max iteration 50 | best_iter=15
qwen,sum,fb237_v1_ind_seed7005,175,500.0,96,7005,0.662,0.6286,0.6916,0.7789,0.7516,0.6286,0.8476,0.9476,117.1,Reach max iteration 50 | best_iter=21
qwen,sum,fb237_v1_ind_seed7009,175,500.0,96,7009,0.6244,0.6812,0.678,0.7583,0.7881,0.6812,0.8696,0.942,105.4,Reach max iteration 50 | best_iter=40
qwen,sum,fb237_v1_ind_seed7001,175,1000.0,16,7001,0.2539,0.215,0.2243,0.425,0.3999,0.215,0.486,0.743,82.6,Reach max iteration 50 | best_iter=1
qwen,sum,fb237_v1_ind_seed7005,175,1000.0,16,7005,0.2817,0.2762,0.3241,0.4199,0.4311,0.2762,0.4952,0.7571,73.7,Reach max iteration 50 | best_iter=1
qwen,sum,fb237_v1_ind_seed7009,175,1000.0,16,7009,0.2538,0.2754,0.2855,0.411,0.4132,0.2754,0.4444,0.6812,63.0,Reach max iteration 50 | best_iter=1
qwen,sum,fb237_v1_ind_seed7001,175,1000.0,32,7001,0.4404,0.3879,0.4036,0.5597,0.5482,0.3879,0.6495,0.8224,80.6,Reach max iteration 50 | best_iter=31
qwen,sum,fb237_v1_ind_seed7005,175,1000.0,32,7005,0.3709,0.3762,0.4215,0.5143,0.5289,0.3762,0.6333,0.8,81.7,Reach max iteration 50 | best_iter=47
qwen,sum,fb237_v1_ind_seed7009,175,1000.0,32,7009,0.3959,0.3865,0.414,0.5405,0.5334,0.3865,0.6087,0.8309,81.6,Reach max iteration 50 | best_iter=32
qwen,sum,fb237_v1_ind_seed7001,175,1000.0,48,7001,0.4508,0.4626,0.4507,0.5861,0.6049,0.4626,0.6916,0.8505,82.5,Reach max iteration 50 | best_iter=50
qwen,sum,fb237_v1_ind_seed7005,175,1000.0,48,7005,0.3662,0.4143,0.4478,0.5309,0.5667,0.4143,0.6762,0.8286,81.6,Reach max iteration 50 | best_iter=21
qwen,sum,fb237_v1_ind_seed7009,175,1000.0,48,7009,0.4365,0.4106,0.449,0.5834,0.5621,0.4106,0.6618,0.8502,81.2,Reach max iteration 50 | best_iter=19
qwen,sum,fb237_v1_ind_seed7001,175,1000.0,64,7001,0.4456,0.4346,0.4326,0.5806,0.5875,0.4346,0.6916,0.8271,83.6,Reach max iteration 50 | best_iter=50
qwen,sum,fb237_v1_ind_seed7005,175,1000.0,64,7005,0.4366,0.4571,0.5073,0.5917,0.6094,0.4571,0.7333,0.8476,81.9,Reach max iteration 50 | best_iter=46
qwen,sum,fb237_v1_ind_seed7009,175,1000.0,64,7009,0.467,0.4976,0.5,0.6176,0.6307,0.4976,0.7343,0.8551,84.1,Reach max iteration 50 | best_iter=10
qwen,sum,fb237_v1_ind_seed7001,175,1000.0,80,7001,0.5337,0.5,0.4902,0.6544,0.6418,0.5,0.7477,0.8505,83.2,Reach max iteration 50 | best_iter=27
qwen,sum,fb237_v1_ind_seed7005,175,1000.0,80,7005,0.4507,0.4762,0.5295,0.6076,0.6238,0.4762,0.7333,0.8762,83.5,Reach max iteration 50 | best_iter=14
qwen,sum,fb237_v1_ind_seed7009,175,1000.0,80,7009,0.4822,0.5121,0.5145,0.6347,0.6525,0.5121,0.7585,0.8792,84.0,Reach max iteration 50 | best_iter=38
qwen,sum,fb237_v1_ind_seed7001,175,1000.0,96,7001,0.5492,0.5234,0.5173,0.6719,0.6598,0.5234,0.7523,0.8738,84.1,Reach max iteration 50 | best_iter=48
qwen,sum,fb237_v1_ind_seed7005,175,1000.0,96,7005,0.4554,0.4952,0.5315,0.6174,0.6381,0.4952,0.7381,0.8429,85.1,Reach max iteration 50 | best_iter=37
qwen,sum,fb237_v1_ind_seed7009,175,1000.0,96,7009,0.4772,0.5411,0.5385,0.6441,0.6717,0.5411,0.7633,0.8937,84.5,Reach max iteration 50 | best_iter=20
qwen,sum,fb237_v1_ind_seed7001,200,1.0,16,7001,0.6684,0.6495,0.9409,0.7962,0.7785,0.6495,0.9019,0.972,194.7,Reach max iteration 50 | best_iter=22
qwen,sum,fb237_v1_ind_seed7005,200,1.0,16,7005,0.6761,0.6048,0.9414,0.7832,0.7492,0.6048,0.8667,0.9619,200.3,Reach max iteration 50 | best_iter=13
qwen,sum,fb237_v1_ind_seed7009,200,1.0,16,7009,0.6548,0.6812,0.941,0.7783,0.7918,0.6812,0.8889,0.9517,199.8,Reach max iteration 50 | best_iter=14
qwen,sum,fb237_v1_ind_seed7001,200,1.0,32,7001,0.6839,0.6262,0.9409,0.803,0.7698,0.6262,0.9019,0.9673,192.2,Reach max iteration 50 | best_iter=41
qwen,sum,fb237_v1_ind_seed7005,200,1.0,32,7005,0.6808,0.6,0.9414,0.7936,0.7493,0.6,0.881,0.9571,199.9,Reach max iteration 50 | best_iter=10
qwen,sum,fb237_v1_ind_seed7009,200,1.0,32,7009,0.6599,0.6812,0.941,0.7818,0.7928,0.6812,0.8889,0.9372,198.7,Reach max iteration 50 | best_iter=30
qwen,sum,fb237_v1_ind_seed7001,200,1.0,48,7001,0.6839,0.6262,0.9409,0.8052,0.7698,0.6262,0.8925,0.9673,194.4,Reach max iteration 50 | best_iter=29
qwen,sum,fb237_v1_ind_seed7005,200,1.0,48,7005,0.6667,0.6048,0.9414,0.7865,0.7525,0.6048,0.881,0.9619,196.9,Reach max iteration 50 | best_iter=25
qwen,sum,fb237_v1_ind_seed7009,200,1.0,48,7009,0.665,0.6618,0.941,0.7845,0.7809,0.6618,0.8937,0.942,198.9,Reach max iteration 50 | best_iter=16
qwen,sum,fb237_v1_ind_seed7001,200,1.0,64,7001,0.6788,0.6402,0.9409,0.8065,0.7797,0.6402,0.9159,0.972,198.0,Reach max iteration 50 | best_iter=40
qwen,sum,fb237_v1_ind_seed7005,200,1.0,64,7005,0.6854,0.6,0.9414,0.8006,0.7559,0.6,0.9048,0.9619,202.3,Reach max iteration 50 | best_iter=33
qwen,sum,fb237_v1_ind_seed7009,200,1.0,64,7009,0.6751,0.7053,0.941,0.7965,0.8096,0.7053,0.8986,0.9517,200.7,Reach max iteration 50 | best_iter=42
qwen,sum,fb237_v1_ind_seed7001,200,1.0,80,7001,0.6839,0.6355,0.9409,0.8085,0.7782,0.6355,0.9065,0.972,202.6,Reach max iteration 50 | best_iter=34
qwen,sum,fb237_v1_ind_seed7005,200,1.0,80,7005,0.6667,0.6333,0.9414,0.7863,0.7759,0.6333,0.9048,0.9762,198.6,Reach max iteration 50 | best_iter=31
qwen,sum,fb237_v1_ind_seed7009,200,1.0,80,7009,0.665,0.686,0.941,0.7878,0.7952,0.686,0.8986,0.9517,199.3,Reach max iteration 50 | best_iter=47
qwen,sum,fb237_v1_ind_seed7001,200,1.0,96,7001,0.6788,0.6495,0.9409,0.8037,0.783,0.6495,0.9019,0.9533,202.1,Reach max iteration 50 | best_iter=22
qwen,sum,fb237_v1_ind_seed7005,200,1.0,96,7005,0.6901,0.6143,0.9414,0.8037,0.7644,0.6143,0.9,0.9667,202.0,Reach max iteration 50 | best_iter=49
qwen,sum,fb237_v1_ind_seed7009,200,1.0,96,7009,0.6548,0.6763,0.941,0.7817,0.7901,0.6763,0.8889,0.9469,202.6,Reach max iteration 50 | best_iter=34
qwen,sum,fb237_v1_ind_seed7001,200,5.0,16,7001,0.6788,0.6449,0.9409,0.803,0.7797,0.6449,0.9065,0.9766,198.9,Reach max iteration 50 | best_iter=6
qwen,sum,fb237_v1_ind_seed7005,200,5.0,16,7005,0.6854,0.5762,0.9414,0.7937,0.7369,0.5762,0.881,0.9571,194.1,Reach max iteration 50 | best_iter=9
qwen,sum,fb237_v1_ind_seed7009,200,5.0,16,7009,0.6701,0.6957,0.941,0.7864,0.805,0.6957,0.8986,0.9614,198.4,Reach max iteration 50 | best_iter=7
qwen,sum,fb237_v1_ind_seed7001,200,5.0,32,7001,0.6995,0.6262,0.9409,0.8125,0.7707,0.6262,0.8879,0.972,197.5,Reach max iteration 50 | best_iter=35
qwen,sum,fb237_v1_ind_seed7005,200,5.0,32,7005,0.6901,0.6095,0.9414,0.7988,0.7603,0.6095,0.9,0.9619,194.4,Reach max iteration 50 | best_iter=11
qwen,sum,fb237_v1_ind_seed7009,200,5.0,32,7009,0.665,0.6618,0.94,0.787,0.7842,0.6618,0.8937,0.9565,194.7,Reach max iteration 50 | best_iter=4
qwen,sum,fb237_v1_ind_seed7001,200,5.0,48,7001,0.6995,0.6495,0.9409,0.814,0.7863,0.6495,0.9065,0.9626,197.7,Reach max iteration 50 | best_iter=35
qwen,sum,fb237_v1_ind_seed7005,200,5.0,48,7005,0.6667,0.6095,0.9414,0.7862,0.7598,0.6095,0.8952,0.981,197.1,Reach max iteration 50 | best_iter=9
qwen,sum,fb237_v1_ind_seed7009,200,5.0,48,7009,0.6802,0.686,0.941,0.7965,0.7939,0.686,0.8889,0.9469,189.6,Reach max iteration 50 | best_iter=21
qwen,sum,fb237_v1_ind_seed7001,200,5.0,64,7001,0.6891,0.6262,0.9409,0.8136,0.7732,0.6262,0.9112,0.9673,197.1,Reach max iteration 50 | best_iter=9
qwen,sum,fb237_v1_ind_seed7005,200,5.0,64,7005,0.6854,0.6,0.9414,0.8012,0.7587,0.6,0.9048,0.9714,194.9,Reach max iteration 50 | best_iter=15
qwen,sum,fb237_v1_ind_seed7009,200,5.0,64,7009,0.6802,0.6957,0.941,0.8022,0.8093,0.6957,0.9034,0.9614,197.2,Reach max iteration 50 | best_iter=11
qwen,sum,fb237_v1_ind_seed7001,200,5.0,80,7001,0.6891,0.6542,0.9409,0.8133,0.7909,0.6542,0.9019,0.9766,192.9,Reach max iteration 50 | best_iter=18
qwen,sum,fb237_v1_ind_seed7005,200,5.0,80,7005,0.6808,0.619,0.9414,0.7956,0.7674,0.619,0.9,0.9857,193.3,Reach max iteration 50 | best_iter=20
qwen,sum,fb237_v1_ind_seed7009,200,5.0,80,7009,0.6751,0.6763,0.941,0.7968,0.7938,0.6763,0.9034,0.9565,192.9,Reach max iteration 50 | best_iter=21
qwen,sum,fb237_v1_ind_seed7001,200,5.0,96,7001,0.7047,0.6542,0.9409,0.822,0.7906,0.6542,0.9299,0.9626,198.2,Reach max iteration 50 | best_iter=16
qwen,sum,fb237_v1_ind_seed7005,200,5.0,96,7005,0.6948,0.619,0.9414,0.8096,0.7684,0.619,0.9,0.9762,196.4,Reach max iteration 50 | best_iter=18
qwen,sum,fb237_v1_ind_seed7009,200,5.0,96,7009,0.6548,0.6957,0.941,0.7836,0.8013,0.6957,0.8937,0.9517,198.1,Reach max iteration 50 | best_iter=28
qwen,sum,fb237_v1_ind_seed7001,200,10.0,16,7001,0.6788,0.6636,0.9404,0.8055,0.7946,0.6636,0.9299,0.9766,197.6,Reach max iteration 50 | best_iter=4
qwen,sum,fb237_v1_ind_seed7005,200,10.0,16,7005,0.6714,0.5952,0.9404,0.7859,0.752,0.5952,0.9048,0.9667,200.7,Reach max iteration 50 | best_iter=3
qwen,sum,fb237_v1_ind_seed7009,200,10.0,16,7009,0.6497,0.657,0.941,0.7791,0.7848,0.657,0.8937,0.9662,196.2,Reach max iteration 50 | best_iter=9
qwen,sum,fb237_v1_ind_seed7001,200,10.0,32,7001,0.6943,0.6402,0.9409,0.809,0.7788,0.6402,0.8972,0.972,196.6,Reach max iteration 50 | best_iter=15
qwen,sum,fb237_v1_ind_seed7005,200,10.0,32,7005,0.6808,0.6,0.9404,0.7994,0.7585,0.6,0.9,0.9857,196.6,Reach max iteration 50 | best_iter=8
qwen,sum,fb237_v1_ind_seed7009,200,10.0,32,7009,0.6701,0.6715,0.941,0.7997,0.7908,0.6715,0.8889,0.9662,198.2,Reach max iteration 50 | best_iter=44
qwen,sum,fb237_v1_ind_seed7001,200,10.0,48,7001,0.7047,0.6542,0.9409,0.8172,0.7902,0.6542,0.9065,0.9813,200.0,Reach max iteration 50 | best_iter=18
qwen,sum,fb237_v1_ind_seed7005,200,10.0,48,7005,0.6808,0.5952,0.9414,0.7964,0.7533,0.5952,0.8952,0.981,200.1,Reach max iteration 50 | best_iter=5
qwen,sum,fb237_v1_ind_seed7009,200,10.0,48,7009,0.6701,0.6473,0.9265,0.7886,0.7695,0.6473,0.8792,0.9469,199.3,Reach max iteration 50 | best_iter=2
qwen,sum,fb237_v1_ind_seed7001,200,10.0,64,7001,0.6891,0.6355,0.9409,0.8145,0.7758,0.6355,0.9112,0.9673,197.4,Reach max iteration 50 | best_iter=24
qwen,sum,fb237_v1_ind_seed7005,200,10.0,64,7005,0.6854,0.6143,0.9414,0.8004,0.765,0.6143,0.9,0.9714,195.8,Reach max iteration 50 | best_iter=11
qwen,sum,fb237_v1_ind_seed7009,200,10.0,64,7009,0.6701,0.7005,0.941,0.7942,0.8046,0.7005,0.8986,0.9614,200.9,Reach max iteration 50 | best_iter=8
qwen,sum,fb237_v1_ind_seed7001,200,10.0,80,7001,0.6839,0.6495,0.9409,0.8097,0.7863,0.6495,0.9159,0.972,202.2,Reach max iteration 50 | best_iter=18
qwen,sum,fb237_v1_ind_seed7005,200,10.0,80,7005,0.6854,0.6238,0.9409,0.801,0.7738,0.6238,0.9,0.9952,202.0,Reach max iteration 50 | best_iter=6
qwen,sum,fb237_v1_ind_seed7009,200,10.0,80,7009,0.6751,0.6812,0.941,0.7971,0.798,0.6812,0.9034,0.9662,202.3,Reach max iteration 50 | best_iter=8
qwen,sum,fb237_v1_ind_seed7001,200,10.0,96,7001,0.6995,0.6449,0.9409,0.8198,0.7841,0.6449,0.9159,0.972,200.0,Reach max iteration 50 | best_iter=26
qwen,sum,fb237_v1_ind_seed7005,200,10.0,96,7005,0.6808,0.6048,0.9409,0.799,0.7623,0.6048,0.9,0.9762,197.9,Reach max iteration 50 | best_iter=10
qwen,sum,fb237_v1_ind_seed7009,200,10.0,96,7009,0.665,0.686,0.941,0.7894,0.7969,0.686,0.8937,0.9614,199.6,Reach max iteration 50 | best_iter=45
qwen,sum,fb237_v1_ind_seed7001,200,50.0,16,7001,0.6943,0.6729,0.9239,0.8111,0.7995,0.6729,0.9159,0.9766,196.3,Reach max iteration 50 | best_iter=50
qwen,sum,fb237_v1_ind_seed7005,200,50.0,16,7005,0.6995,0.6048,0.9192,0.8098,0.7601,0.6048,0.9,0.981,200.1,Reach max iteration 50 | best_iter=7
qwen,sum,fb237_v1_ind_seed7009,200,50.0,16,7009,0.6802,0.686,0.914,0.8066,0.804,0.686,0.9082,0.9662,196.7,Reach max iteration 50 | best_iter=8
qwen,sum,fb237_v1_ind_seed7001,200,50.0,32,7001,0.715,0.6916,0.8388,0.8196,0.8068,0.6916,0.9346,0.972,197.5,Reach max iteration 50 | best_iter=5
qwen,sum,fb237_v1_ind_seed7005,200,50.0,32,7005,0.7183,0.6524,0.9223,0.8247,0.79,0.6524,0.9238,0.981,198.7,Reach max iteration 50 | best_iter=8
qwen,sum,fb237_v1_ind_seed7009,200,50.0,32,7009,0.6853,0.686,0.908,0.8067,0.8043,0.686,0.9179,0.971,196.3,Reach max iteration 50 | best_iter=6
qwen,sum,fb237_v1_ind_seed7001,200,50.0,48,7001,0.7098,0.6776,0.9114,0.8198,0.8044,0.6776,0.9159,0.9766,197.9,Reach max iteration 50 | best_iter=5
qwen,sum,fb237_v1_ind_seed7005,200,50.0,48,7005,0.7089,0.6381,0.9142,0.8134,0.7888,0.6381,0.9286,0.9905,192.8,Reach max iteration 50 | best_iter=7
qwen,sum,fb237_v1_ind_seed7009,200,50.0,48,7009,0.6853,0.7101,0.91,0.807,0.8114,0.7101,0.9034,0.971,198.9,Reach max iteration 50 | best_iter=5
qwen,sum,fb237_v1_ind_seed7001,200,50.0,64,7001,0.7047,0.6729,0.9319,0.8224,0.8025,0.6729,0.9159,0.972,198.3,Reach max iteration 50 | best_iter=15
qwen,sum,fb237_v1_ind_seed7005,200,50.0,64,7005,0.7136,0.6381,0.9253,0.8204,0.783,0.6381,0.919,0.9952,201.8,Reach max iteration 50 | best_iter=9
qwen,sum,fb237_v1_ind_seed7009,200,50.0,64,7009,0.6954,0.7198,0.9125,0.8132,0.8243,0.7198,0.9179,0.9662,198.3,Reach max iteration 50 | best_iter=6
qwen,sum,fb237_v1_ind_seed7001,200,50.0,80,7001,0.7254,0.6636,0.9184,0.8304,0.7955,0.6636,0.9112,0.9766,198.3,Reach max iteration 50 | best_iter=8
qwen,sum,fb237_v1_ind_seed7005,200,50.0,80,7005,0.7089,0.6429,0.9298,0.8127,0.7797,0.6429,0.8952,0.9857,198.8,Reach max iteration 50 | best_iter=11
qwen,sum,fb237_v1_ind_seed7009,200,50.0,80,7009,0.7005,0.7053,0.904,0.8129,0.812,0.7053,0.9034,0.9614,196.5,Reach max iteration 50 | best_iter=9
qwen,sum,fb237_v1_ind_seed7001,200,50.0,96,7001,0.7358,0.6869,0.9054,0.8384,0.8125,0.6869,0.9299,0.9766,203.7,Reach max iteration 50 | best_iter=5
qwen,sum,fb237_v1_ind_seed7005,200,50.0,96,7005,0.7183,0.6667,0.9112,0.8197,0.8014,0.6667,0.9286,0.9762,198.2,Reach max iteration 50 | best_iter=7
qwen,sum,fb237_v1_ind_seed7009,200,50.0,96,7009,0.6548,0.7295,0.917,0.7939,0.8233,0.7295,0.913,0.971,200.3,Reach max iteration 50 | best_iter=6
qwen,sum,fb237_v1_ind_seed7001,200,100.0,16,7001,0.7254,0.7196,0.8483,0.8266,0.8228,0.7196,0.9159,0.9673,144.5,Reach max iteration 50 | best_iter=36
qwen,sum,fb237_v1_ind_seed7005,200,100.0,16,7005,0.7089,0.6429,0.8506,0.8148,0.7838,0.6429,0.9238,0.981,139.6,Reach max iteration 50 | best_iter=14
qwen,sum,fb237_v1_ind_seed7009,200,100.0,16,7009,0.7056,0.7246,0.856,0.8175,0.8245,0.7246,0.8986,0.971,146.7,Reach max iteration 50 | best_iter=15
qwen,sum,fb237_v1_ind_seed7001,200,100.0,32,7001,0.7409,0.715,0.8568,0.835,0.8243,0.715,0.9206,0.9766,181.5,Reach max iteration 50 | best_iter=19
qwen,sum,fb237_v1_ind_seed7005,200,100.0,32,7005,0.7089,0.6905,0.8637,0.8214,0.8117,0.6905,0.9238,0.9952,173.5,Reach max iteration 50 | best_iter=49
qwen,sum,fb237_v1_ind_seed7009,200,100.0,32,7009,0.6904,0.7101,0.857,0.8095,0.8175,0.7101,0.9034,0.9614,161.5,Reach max iteration 50 | best_iter=11
qwen,sum,fb237_v1_ind_seed7001,200,100.0,48,7001,0.7358,0.6869,0.8633,0.8327,0.8095,0.6869,0.9206,0.9813,193.4,Reach max iteration 50 | best_iter=41
qwen,sum,fb237_v1_ind_seed7005,200,100.0,48,7005,0.7042,0.6762,0.8657,0.8186,0.8043,0.6762,0.9429,0.9905,195.8,Reach max iteration 50 | best_iter=8
qwen,sum,fb237_v1_ind_seed7009,200,100.0,48,7009,0.7005,0.7343,0.858,0.8155,0.8308,0.7343,0.9179,0.9855,193.2,Reach max iteration 50 | best_iter=8
qwen,sum,fb237_v1_ind_seed7001,200,100.0,64,7001,0.7254,0.7196,0.8648,0.8309,0.8294,0.7196,0.9252,0.9813,198.8,Reach max iteration 50 | best_iter=37
qwen,sum,fb237_v1_ind_seed7005,200,100.0,64,7005,0.7136,0.681,0.8677,0.8196,0.8071,0.681,0.9381,0.9857,199.9,Reach max iteration 50 | best_iter=6
qwen,sum,fb237_v1_ind_seed7009,200,100.0,64,7009,0.7005,0.7391,0.8765,0.8166,0.8325,0.7391,0.913,0.9662,190.7,Reach max iteration 50 | best_iter=28
qwen,sum,fb237_v1_ind_seed7001,200,100.0,80,7001,0.7461,0.715,0.8673,0.8399,0.8278,0.715,0.9346,0.9766,200.3,Reach max iteration 50 | best_iter=11
qwen,sum,fb237_v1_ind_seed7005,200,100.0,80,7005,0.7042,0.6667,0.8834,0.8134,0.8025,0.6667,0.9238,0.9857,195.5,Reach max iteration 50 | best_iter=26
qwen,sum,fb237_v1_ind_seed7009,200,100.0,80,7009,0.7005,0.7295,0.879,0.8124,0.8267,0.7295,0.9034,0.9758,196.8,Reach max iteration 50 | best_iter=27
qwen,sum,fb237_v1_ind_seed7001,200,100.0,96,7001,0.7461,0.6963,0.8793,0.8361,0.8168,0.6963,0.9159,0.9766,197.3,Reach max iteration 50 | best_iter=49
qwen,sum,fb237_v1_ind_seed7005,200,100.0,96,7005,0.723,0.6238,0.8395,0.8224,0.7708,0.6238,0.9143,0.981,197.3,Reach max iteration 50 | best_iter=6
qwen,sum,fb237_v1_ind_seed7009,200,100.0,96,7009,0.7005,0.744,0.882,0.8211,0.8365,0.744,0.913,0.9758,194.3,Reach max iteration 50 | best_iter=11
qwen,sum,fb237_v1_ind_seed7001,200,500.0,16,7001,0.601,0.5654,0.5749,0.7178,0.6937,0.5654,0.771,0.9019,93.4,Reach max iteration 50 | best_iter=18
qwen,sum,fb237_v1_ind_seed7005,200,500.0,16,7005,0.5164,0.519,0.5689,0.6633,0.6573,0.519,0.7619,0.8714,95.3,Reach max iteration 50 | best_iter=32
qwen,sum,fb237_v1_ind_seed7009,200,500.0,16,7009,0.5279,0.5797,0.5605,0.6822,0.708,0.5797,0.8164,0.8889,94.1,Reach max iteration 50 | best_iter=11
qwen,sum,fb237_v1_ind_seed7001,200,500.0,32,7001,0.6269,0.6028,0.6114,0.7375,0.7238,0.6028,0.8037,0.9065,97.4,Reach max iteration 50 | best_iter=37
qwen,sum,fb237_v1_ind_seed7005,200,500.0,32,7005,0.615,0.5714,0.6113,0.7353,0.7047,0.5714,0.8,0.8952,96.4,Reach max iteration 50 | best_iter=9
qwen,sum,fb237_v1_ind_seed7009,200,500.0,32,7009,0.5888,0.6377,0.6275,0.7243,0.7548,0.6377,0.8502,0.9179,96.0,Reach max iteration 50 | best_iter=14
qwen,sum,fb237_v1_ind_seed7001,200,500.0,48,7001,0.6528,0.6308,0.6445,0.7593,0.744,0.6308,0.8271,0.9112,98.2,Reach max iteration 50 | best_iter=7
qwen,sum,fb237_v1_ind_seed7005,200,500.0,48,7005,0.615,0.6048,0.6557,0.7406,0.7274,0.6048,0.8286,0.9095,98.9,Reach max iteration 50 | best_iter=9
qwen,sum,fb237_v1_ind_seed7009,200,500.0,48,7009,0.6193,0.6908,0.658,0.7489,0.7873,0.6908,0.8647,0.9275,96.5,Reach max iteration 50 | best_iter=11
qwen,sum,fb237_v1_ind_seed7001,200,500.0,64,7001,0.6839,0.6636,0.6725,0.7832,0.773,0.6636,0.8551,0.9439,108.9,Reach max iteration 50 | best_iter=31
qwen,sum,fb237_v1_ind_seed7005,200,500.0,64,7005,0.6573,0.6143,0.6689,0.7678,0.7382,0.6143,0.8381,0.9429,108.7,Reach max iteration 50 | best_iter=28
qwen,sum,fb237_v1_ind_seed7009,200,500.0,64,7009,0.6142,0.6763,0.665,0.7493,0.7831,0.6763,0.8647,0.9275,103.8,Reach max iteration 50 | best_iter=32
qwen,sum,fb237_v1_ind_seed7001,200,500.0,80,7001,0.6943,0.6636,0.677,0.7882,0.7745,0.6636,0.8598,0.9533,124.7,Reach max iteration 50 | best_iter=23
qwen,sum,fb237_v1_ind_seed7005,200,500.0,80,7005,0.6573,0.6286,0.688,0.7698,0.7507,0.6286,0.8476,0.9429,128.9,Reach max iteration 50 | best_iter=46
qwen,sum,fb237_v1_ind_seed7009,200,500.0,80,7009,0.6193,0.6715,0.6695,0.754,0.7826,0.6715,0.8696,0.9275,117.8,Reach max iteration 50 | best_iter=15
qwen,sum,fb237_v1_ind_seed7001,200,500.0,96,7001,0.7047,0.6682,0.6855,0.7967,0.7809,0.6682,0.8738,0.9579,126.2,Reach max iteration 50 | best_iter=14
qwen,sum,fb237_v1_ind_seed7005,200,500.0,96,7005,0.6714,0.6429,0.6971,0.7816,0.7634,0.6429,0.8571,0.9571,131.6,Reach max iteration 50 | best_iter=11
qwen,sum,fb237_v1_ind_seed7009,200,500.0,96,7009,0.6244,0.6957,0.6805,0.7589,0.7983,0.6957,0.8744,0.942,130.5,Reach max iteration 50 | best_iter=24
qwen,sum,fb237_v1_ind_seed7001,200,1000.0,16,7001,0.2332,0.2103,0.2193,0.4072,0.3884,0.2103,0.4533,0.7523,83.9,Reach max iteration 50 | best_iter=1
qwen,sum,fb237_v1_ind_seed7005,200,1000.0,16,7005,0.2723,0.2381,0.3236,0.4088,0.402,0.2381,0.4762,0.7714,73.1,Reach max iteration 50 | best_iter=1
qwen,sum,fb237_v1_ind_seed7009,200,1000.0,16,7009,0.2944,0.2995,0.32,0.4314,0.4269,0.2995,0.4734,0.6763,76.5,Reach max iteration 50 | best_iter=11
qwen,sum,fb237_v1_ind_seed7001,200,1000.0,32,7001,0.4197,0.3879,0.3956,0.5414,0.5332,0.3879,0.5981,0.8084,91.2,Reach max iteration 50 | best_iter=40
qwen,sum,fb237_v1_ind_seed7005,200,1000.0,32,7005,0.3146,0.3333,0.3841,0.4592,0.4856,0.3333,0.5571,0.7524,90.8,Reach max iteration 50 | best_iter=45
qwen,sum,fb237_v1_ind_seed7009,200,1000.0,32,7009,0.401,0.3961,0.4195,0.5447,0.5361,0.3961,0.6039,0.8357,92.2,Reach max iteration 50 | best_iter=35
qwen,sum,fb237_v1_ind_seed7001,200,1000.0,48,7001,0.4663,0.472,0.4737,0.6061,0.6243,0.472,0.7383,0.8458,92.1,Reach max iteration 50 | best_iter=50
qwen,sum,fb237_v1_ind_seed7005,200,1000.0,48,7005,0.3991,0.4381,0.476,0.5542,0.5858,0.4381,0.6762,0.8429,93.2,Reach max iteration 50 | best_iter=50
qwen,sum,fb237_v1_ind_seed7009,200,1000.0,48,7009,0.4315,0.401,0.455,0.5808,0.5623,0.401,0.6763,0.8551,91.2,Reach max iteration 50 | best_iter=42
qwen,sum,fb237_v1_ind_seed7001,200,1000.0,64,7001,0.4922,0.486,0.4852,0.6304,0.6324,0.486,0.729,0.8458,94.4,Reach max iteration 50 | best_iter=43
qwen,sum,fb237_v1_ind_seed7005,200,1000.0,64,7005,0.4366,0.4476,0.5053,0.5921,0.6043,0.4476,0.7286,0.8476,94.2,Reach max iteration 50 | best_iter=37
qwen,sum,fb237_v1_ind_seed7009,200,1000.0,64,7009,0.4315,0.4541,0.4765,0.5893,0.5989,0.4541,0.6812,0.8744,93.7,Reach max iteration 50 | best_iter=18
qwen,sum,fb237_v1_ind_seed7001,200,1000.0,80,7001,0.5337,0.5093,0.4937,0.6598,0.6469,0.5093,0.729,0.8692,95.4,Reach max iteration 50 | best_iter=14
qwen,sum,fb237_v1_ind_seed7005,200,1000.0,80,7005,0.4038,0.419,0.4821,0.5655,0.5823,0.419,0.6952,0.8333,95.4,Reach max iteration 50 | best_iter=22
qwen,sum,fb237_v1_ind_seed7009,200,1000.0,80,7009,0.4822,0.5072,0.516,0.632,0.6467,0.5072,0.7536,0.8792,94.8,Reach max iteration 50 | best_iter=44
qwen,sum,fb237_v1_ind_seed7001,200,1000.0,96,7001,0.5492,0.5234,0.5228,0.6792,0.6642,0.5234,0.7617,0.8692,94.6,Reach max iteration 50 | best_iter=27
qwen,sum,fb237_v1_ind_seed7005,200,1000.0,96,7005,0.4507,0.4667,0.5315,0.6096,0.6225,0.4667,0.7429,0.8714,94.4,Reach max iteration 50 | best_iter=31
qwen,sum,fb237_v1_ind_seed7009,200,1000.0,96,7009,0.5076,0.5217,0.5275,0.6549,0.6587,0.5217,0.7585,0.9034,95.1,Reach max iteration 50 | best_iter=11
